<?xml version="1.0" encoding="UTF-8"?>

<rootTag>
  <Award>
    <AwardTitle>CAREER: Approximate Computing Systems for Future Teraflops Workloads</AwardTitle>
    <AwardEffectiveDate>08/21/2015</AwardEffectiveDate>
    <AwardExpirationDate>02/29/2016</AwardExpirationDate>
    <AwardAmount>91231</AwardAmount>
    <AwardInstrument>
      <Value>Continuing grant</Value>
    </AwardInstrument>
    <Organization>
      <Code>05010000</Code>
      <Directorate>
        <LongName>Direct For Computer &amp; Info Scie &amp; Enginr</LongName>
      </Directorate>
      <Division>
        <LongName>Division of Computing and Communication Foundations</LongName>
      </Division>
    </Organization>
    <ProgramOfficer>
      <SignBlockName>Tao Li</SignBlockName>
    </ProgramOfficer>
    <AbstractNarration>The performance of computers has improved tremendously in the past four decades, which has enabled innumerable applications that have major roles in our daily lives. However, without dramatic innovations in improving power efficiency of computing, the continued semiconductor device scaling alone will fail to provide sufficient performance for the future computing capabilities. For the emerging challenge, the proposed research investigates revolutionary computing paradigms to process, comprehend, and use abundant data in an extremely efficient way. The novelty of the approach lies in developing power- and performance-efficient computing systems with software support by exploiting the characteristics of future workloads that often use complex probabilistic mathematical models of physical phenomena. In such applications, approximate computing can often result in satisfactory outcomes. Meanwhile, it can dramatically decrease power consumption or increase performance by replacing complete logic functions with simplified circuits that mimic the functions for rough calculations. To extend the approximate computing concept to more general-purpose computing systems, the following holistic approaches are proposed: 1) intelligent microarchitectures to identify correctness-non-critical regions of code with compiler support; 2) approximate computing engines to execute such regions of code power and performance efficiently; 3) high-level morphic primitives to process a large fraction of workloads with orders-of-magnitude greater power and performance efficiency; and 4) flexible architectures to allow programmers and users to trade the quality of computing with the efficiency. &lt;br/&gt;&lt;br/&gt;The proposed research will have a specific and significant impact on the computer architecture, circuit, and compiler communities since it requires analysis of interesting and representative workloads; realization of state-of-the-art circuit, architecture, and compiler infrastructure; and invention of powerful and useful evaluation methodologies. Since most of the development and research work will be conducted by graduate students, both industry and academia will benefit from well-educated and trained employees as well as direct technology transfer when students graduate and begin employment elsewhere. Finally, the success of this research will tremendously benefit our ability to advance human?s collective knowledge in science, technology, business, medicine, and virtually every other field of human endeavor by allowing remarkable improvement in computing performance.</AbstractNarration>
    <MinAmdLetterDate>10/14/2015</MinAmdLetterDate>
    <MaxAmdLetterDate>10/14/2015</MaxAmdLetterDate>
    <ARRAAmount/>
    <AwardID>1600896</AwardID>
    <Investigator>
      <FirstName>Nam Sung</FirstName>
      <LastName>Kim</LastName>
      <EmailAddress>nskim@illinois.edu</EmailAddress>
      <StartDate>10/14/2015</StartDate>
      <EndDate/>
      <RoleCode>Principal Investigator</RoleCode>
    </Investigator>
    <Institution>
      <Name>University of Illinois at Urbana-Champaign</Name>
      <CityName>CHAMPAIGN</CityName>
      <ZipCode>618207473</ZipCode>
      <PhoneNumber>2173332187</PhoneNumber>
      <StreetAddress>SUITE A</StreetAddress>
      <CountryName>United States</CountryName>
      <StateName>Illinois</StateName>
      <StateCode>IL</StateCode>
    </Institution>
    <ProgramElement>
      <Code>7798</Code>
      <Text>SOFTWARE &amp; HARDWARE FOUNDATION</Text>
    </ProgramElement>
    <ProgramReference>
      <Code>1045</Code>
      <Text>CAREER: FACULTY EARLY CAR DEV</Text>
    </ProgramReference>
  </Award>
</rootTag>
