<?xml version="1.0" encoding="UTF-8"?>

<rootTag>
  <Award>
    <AwardTitle>Collaborative Research: Climate and Glacier change in Bhutan: the last millennia, present and future</AwardTitle>
    <AwardEffectiveDate>07/01/2015</AwardEffectiveDate>
    <AwardExpirationDate>08/31/2016</AwardExpirationDate>
    <AwardAmount>85720</AwardAmount>
    <AwardInstrument>
      <Value>Standard Grant</Value>
    </AwardInstrument>
    <Organization>
      <Code>06030000</Code>
      <Directorate>
        <LongName>Directorate For Geosciences</LongName>
      </Directorate>
      <Division>
        <LongName>Division Of Earth Sciences</LongName>
      </Division>
    </Organization>
    <ProgramOfficer>
      <SignBlockName>Paul E Filmer</SignBlockName>
    </ProgramOfficer>
    <AbstractNarration>This proposal will provide robust information about past, present and future glacier and climate change in the Kingdom of Bhutan, in the southeastern monsoonal Himalayas, and contribute to a more robust scientific platform for decision makers and mitigation strategists. Knowing the rate of glacier retreat in response to climate change is fundamental for any prediction of future behavior and in turn to design adaption and mitigation strategies for societies. However, this rate remains poorly constrained. Bhutan's welfare is linked to glacier dynamics because hydropower generation and agricultural irrigation are fueled by glacier melt. Melting glaciers and the steep relief have made glacial lake outburst floods a prime hazard for the societies of Bhutan and its Himalayan neighbors, and the hazard potential critically depends on current and future glacier melt.&lt;br/&gt;&lt;br/&gt;This is an integrated research and education project, combining geomorphology, geochronology, paleo-thermometry, glaciology, and glacier modeling to reconstruct glacier and climate change over the last millennia, and to predict Himalayan glacier change over the next century. This is a multi-disciplinary team of experts with broad experience in Himalayan glacier and climate problems, including a female junior faculty at a primarily undergraduate institution and a special-needs MS student. &lt;br/&gt;&lt;br/&gt;This is a US-Bhutan bilateral research and educational proposal, with the Department of Hydromet Services/Ministry of Economic Affairs (DHMS) as the official Bhutanese collaborator, and with the Ugyen Wangchuck Institute for Conservation and Environment (UWICE) as the educational partner. Bhutanese students will train in geomorphic mapping (remote and field based) and tree-ring techniques. Lamont-Doherty Earth Observatory will host UWICE students and DHMS and Columbia University's Earth Institute will host UWICE scientists.</AbstractNarration>
    <MinAmdLetterDate>10/19/2015</MinAmdLetterDate>
    <MaxAmdLetterDate>10/19/2015</MaxAmdLetterDate>
    <ARRAAmount/>
    <AwardID>1600587</AwardID>
    <Investigator>
      <FirstName>Summer</FirstName>
      <LastName>Rupper</LastName>
      <EmailAddress>summer.rupper@geog.utah.edu</EmailAddress>
      <StartDate>10/19/2015</StartDate>
      <EndDate/>
      <RoleCode>Principal Investigator</RoleCode>
    </Investigator>
    <Institution>
      <Name>University of Utah</Name>
      <CityName>SALT LAKE CITY</CityName>
      <ZipCode>841128930</ZipCode>
      <PhoneNumber>8015816903</PhoneNumber>
      <StreetAddress>75 S 2000 E</StreetAddress>
      <CountryName>United States</CountryName>
      <StateName>Utah</StateName>
      <StateCode>UT</StateCode>
    </Institution>
    <ProgramElement>
      <Code>1577</Code>
      <Text>GLOBAL CHANGE</Text>
    </ProgramElement>
    <ProgramReference>
      <Code>1304</Code>
      <Text>EARTH SYSTEM HISTORY</Text>
    </ProgramReference>
    <ProgramReference>
      <Code>EGCH</Code>
      <Text>ENVIRONMENT AND GLOBAL CHANGE</Text>
    </ProgramReference>
  </Award>
</rootTag>
