<?xml version="1.0" encoding="UTF-8"?>

<rootTag>
  <Award>
    <AwardTitle>TWC: Small: Collaborative: A Unifying Framework For Theoretical and Empirical Analysis of Secure Communication Protocols</AwardTitle>
    <AwardEffectiveDate>10/01/2015</AwardEffectiveDate>
    <AwardExpirationDate>07/31/2017</AwardExpirationDate>
    <AwardAmount>205168</AwardAmount>
    <AwardInstrument>
      <Value>Standard Grant</Value>
    </AwardInstrument>
    <Organization>
      <Code>05050000</Code>
      <Directorate>
        <LongName>Direct For Computer &amp; Info Scie &amp; Enginr</LongName>
      </Directorate>
      <Division>
        <LongName>Division Of Computer and Network Systems</LongName>
      </Division>
    </Organization>
    <ProgramOfficer>
      <SignBlockName>Nina Amla</SignBlockName>
    </ProgramOfficer>
    <AbstractNarration>Many networking protocols have been designed without security in mind, and many cryptographic schemes have been designed without practical deployments in mind. Moreover, most of security-enhanced communication protocols still lack the provable-security treatment and hence the security guarantees. This project aims at bridging the gap between protocol design, implementation, deployment, and security guarantees by developing a novel general security framework that facilitates the provable-security analyses of practical networking protocols. &lt;br/&gt;&lt;br/&gt;The project has an interdisciplinary approach as it combines concepts from applied cryptography and algorithms with implementation and empirical analyses to provide a unifying framework for studying and developing secure communication protocols. This joint design effort yields both new cryptographic foundations and fundamentally secure networking protocols.</AbstractNarration>
    <MinAmdLetterDate>11/05/2015</MinAmdLetterDate>
    <MaxAmdLetterDate>11/05/2015</MaxAmdLetterDate>
    <ARRAAmount/>
    <AwardID>1600266</AwardID>
    <Investigator>
      <FirstName>Cristina</FirstName>
      <LastName>Nita-Rotaru</LastName>
      <EmailAddress>c.nitarotaru@neu.edu</EmailAddress>
      <StartDate>11/05/2015</StartDate>
      <EndDate/>
      <RoleCode>Principal Investigator</RoleCode>
    </Investigator>
    <Institution>
      <Name>Northeastern University</Name>
      <CityName>BOSTON</CityName>
      <ZipCode>021155005</ZipCode>
      <PhoneNumber>6173732508</PhoneNumber>
      <StreetAddress>360 HUNTINGTON AVE</StreetAddress>
      <CountryName>United States</CountryName>
      <StateName>Massachusetts</StateName>
      <StateCode>MA</StateCode>
    </Institution>
    <ProgramElement>
      <Code>8060</Code>
      <Text>Secure &amp;Trustworthy Cyberspace</Text>
    </ProgramElement>
    <ProgramReference>
      <Code>7434</Code>
      <Text>CNCI</Text>
    </ProgramReference>
    <ProgramReference>
      <Code>7923</Code>
      <Text>SMALL PROJECT</Text>
    </ProgramReference>
    <ProgramReference>
      <Code>9102</Code>
      <Text>WOMEN, MINORITY, DISABLED, NEC</Text>
    </ProgramReference>
  </Award>
</rootTag>
