<?xml version="1.0" encoding="UTF-8"?>

<rootTag>
  <Award>
    <AwardTitle>EAGER Collaborative Research: Exploring dust impacts on terrestrial ecosystem processes using an innovative and integrated approach</AwardTitle>
    <AwardEffectiveDate>11/15/2015</AwardEffectiveDate>
    <AwardExpirationDate>10/31/2016</AwardExpirationDate>
    <AwardAmount>8559</AwardAmount>
    <AwardInstrument>
      <Value>Standard Grant</Value>
    </AwardInstrument>
    <Organization>
      <Code>06030200</Code>
      <Directorate>
        <LongName>Directorate For Geosciences</LongName>
      </Directorate>
      <Division>
        <LongName>Division Of Earth Sciences</LongName>
      </Division>
    </Organization>
    <ProgramOfficer>
      <SignBlockName>Paul Cutler</SignBlockName>
    </ProgramOfficer>
    <AbstractNarration>Mineral dust constitutes a critical nexus between the geosphere, atmosphere, biosphere, and hydrosphere. One of the most abundant atmospheric aerosols by mass, mineral dust can influence numerous ecosystem processes through its effects on climate and biogeochemistry. Dust supplies essential limiting nutrients as well as toxic pollutants to ecosystems, with long-term implications for elemental cycling. This project will address the considerable uncertainties regarding dust influence on terrestrial ecosystem processes, including wet dust deposition, carbon uptake, and evapotranspiration. It will maximize financial and societal return from publicly available data, provide training for the next generation scientific workforce, and broaden the participation of underrepresented groups in science.&lt;br/&gt;&lt;br/&gt;This highly interdisciplinary project will develop the foundation for testing an integrative framework for conceptualizing dust events, dust sinks, and ecosystem interactions during a period of historic drought. It will: (1) characterize dust events during a period of widespread severe to exceptional drought; 2) analyze the chemical composition and quantify the magnitude of wet dust deposition; (3) quantify the influence of dust events on ecosystem light use efficiency, water use efficiency, and carbon sequestration. The project integrates research and education with students at all levels, including a concerted effort to recruit underrepresented students. The team will produce a lecture and laboratory module on drought and dust in arid and semi-arid regions. The project will contribute to the career development of one early career and one postdoctoral scholar (both female and Hispanic).</AbstractNarration>
    <MinAmdLetterDate>11/02/2015</MinAmdLetterDate>
    <MaxAmdLetterDate>11/02/2015</MaxAmdLetterDate>
    <ARRAAmount/>
    <AwardID>1600947</AwardID>
    <Investigator>
      <FirstName>Thomas</FirstName>
      <LastName>Gill</LastName>
      <EmailAddress>tegill@utep.edu</EmailAddress>
      <StartDate>11/02/2015</StartDate>
      <EndDate/>
      <RoleCode>Principal Investigator</RoleCode>
    </Investigator>
    <Institution>
      <Name>University of Texas at El Paso</Name>
      <CityName>El Paso</CityName>
      <ZipCode>799680001</ZipCode>
      <PhoneNumber>9157475680</PhoneNumber>
      <StreetAddress>ADMIN BLDG RM 209</StreetAddress>
      <CountryName>United States</CountryName>
      <StateName>Texas</StateName>
      <StateCode>TX</StateCode>
    </Institution>
    <ProgramElement>
      <Code>7458</Code>
      <Text>GEOMORPHOLOGY &amp; LAND USE DYNAM</Text>
    </ProgramElement>
    <ProgramReference>
      <Code>7916</Code>
      <Text>EAGER</Text>
    </ProgramReference>
  </Award>
</rootTag>
