<?xml version="1.0" encoding="UTF-8"?>

<rootTag>
  <Award>
    <AwardTitle>Midwest Dynamical Systems Conferences; Indianapolis, IN - October 21-23, 2016 ; (2nd Conference in 2017)</AwardTitle>
    <AwardEffectiveDate>08/01/2016</AwardEffectiveDate>
    <AwardExpirationDate>07/31/2018</AwardExpirationDate>
    <AwardAmount>25000</AwardAmount>
    <AwardInstrument>
      <Value>Continuing grant</Value>
    </AwardInstrument>
    <Organization>
      <Code>03040000</Code>
      <Directorate>
        <LongName>Direct For Mathematical &amp; Physical Scien</LongName>
      </Directorate>
      <Division>
        <LongName>Division Of Mathematical Sciences</LongName>
      </Division>
    </Organization>
    <ProgramOfficer>
      <SignBlockName>Edward Taylor</SignBlockName>
    </ProgramOfficer>
    <AbstractNarration>This award provides funding for two years for the Midwest Dynamical Systems Conference. The 2016 version of this conference will be held at Indiana University/Purdue University-Indianapolis from October 21-23, 2016. The site and date of the 2017 conference has not been made; it will be decided upon by the conference's Scientific Advisory board in 2016.&lt;br/&gt;&lt;br/&gt;The conference focuses on recent developments in Analysis, especially in the subfield of dynamical systems. A number of important topics will be covered, including but not restricted to parabolic dynamics, symbolic dynamics, rigidity phenomena and the like. A number of distinguished mathematicians have agreed to attend and speak at this conference. The award gives early career researchers, researchers who are members of underrepresented groups, researchers not funded by NSF a chance to attend and participate in this conference. The organizing committee will strive to make this funding opportunity known to target groups through a number of different activities. More information will be made available at:&lt;br/&gt;&lt;br/&gt;http://sites.math.northwestern.edu/mwds/</AbstractNarration>
    <MinAmdLetterDate>11/06/2015</MinAmdLetterDate>
    <MaxAmdLetterDate>11/06/2015</MaxAmdLetterDate>
    <ARRAAmount/>
    <AwardID>1600654</AwardID>
    <Investigator>
      <FirstName>Laura</FirstName>
      <LastName>DeMarco</LastName>
      <EmailAddress>demarco@math.northwestern.edu</EmailAddress>
      <StartDate>11/06/2015</StartDate>
      <EndDate/>
      <RoleCode>Principal Investigator</RoleCode>
    </Investigator>
    <Investigator>
      <FirstName>Roland</FirstName>
      <LastName>Roeder</LastName>
      <EmailAddress>rroeder@math.iupui.edu</EmailAddress>
      <StartDate>11/06/2015</StartDate>
      <EndDate/>
      <RoleCode>Co-Principal Investigator</RoleCode>
    </Investigator>
    <Investigator>
      <FirstName>Kamlesh</FirstName>
      <LastName>Parwani</LastName>
      <EmailAddress>kparwani@eiu.edu</EmailAddress>
      <StartDate>11/06/2015</StartDate>
      <EndDate/>
      <RoleCode>Co-Principal Investigator</RoleCode>
    </Investigator>
    <Institution>
      <Name>Northwestern University</Name>
      <CityName>Evanston</CityName>
      <ZipCode>602013149</ZipCode>
      <PhoneNumber>8474913003</PhoneNumber>
      <StreetAddress>1801 Maple Ave.</StreetAddress>
      <CountryName>United States</CountryName>
      <StateName>Illinois</StateName>
      <StateCode>IL</StateCode>
    </Institution>
    <ProgramElement>
      <Code>1281</Code>
      <Text>ANALYSIS PROGRAM</Text>
    </ProgramElement>
    <ProgramReference>
      <Code>7556</Code>
      <Text>CONFERENCE AND WORKSHOPS</Text>
    </ProgramReference>
  </Award>
</rootTag>
