<?xml version="1.0" encoding="UTF-8"?>

<rootTag>
  <Award>
    <AwardTitle>Nineteenth Riviere-Fabes Symposium; April 15-17, 2016; Minneapolis, MN</AwardTitle>
    <AwardEffectiveDate>02/01/2016</AwardEffectiveDate>
    <AwardExpirationDate>01/31/2017</AwardExpirationDate>
    <AwardAmount>25950</AwardAmount>
    <AwardInstrument>
      <Value>Standard Grant</Value>
    </AwardInstrument>
    <Organization>
      <Code>03040000</Code>
      <Directorate>
        <LongName>Direct For Mathematical &amp; Physical Scien</LongName>
      </Directorate>
      <Division>
        <LongName>Division Of Mathematical Sciences</LongName>
      </Division>
    </Organization>
    <ProgramOfficer>
      <SignBlockName>Bruce P. Palka</SignBlockName>
    </ProgramOfficer>
    <AbstractNarration>This award provides funding to help defray the expenses of graduate students and postdocs attending the "Nineteenth Riviere-Fabes Symposium" that will be held from April 15-17, 2016, on the campus of the University of Minnesota.&lt;br/&gt;&lt;br/&gt;This annual conference, of which the 2016 meeting will be the nineteenth rendition, honors the mathematical legacies of the late Nestor M. Riviere and Eugene B. Fabes by focusing on recent developments in analysis, especially in the field of partial differential equations. The 2016 program will feature four principal speakers (Andrea Bertozzi, Fanghua Lin, Jonathon Mattingly, and Roman Vershynin), each of whom will deliver a two-hour lecture. The program allows ample time for informal discussion among the participants.</AbstractNarration>
    <MinAmdLetterDate>11/05/2015</MinAmdLetterDate>
    <MaxAmdLetterDate>11/05/2015</MaxAmdLetterDate>
    <ARRAAmount/>
    <AwardID>1601863</AwardID>
    <Investigator>
      <FirstName>Svitlana</FirstName>
      <LastName>Mayboroda</LastName>
      <EmailAddress>svitlana@math.umn.edu</EmailAddress>
      <StartDate>11/05/2015</StartDate>
      <EndDate/>
      <RoleCode>Principal Investigator</RoleCode>
    </Investigator>
    <Investigator>
      <FirstName>Dmitriy</FirstName>
      <LastName>Bilyk</LastName>
      <EmailAddress>dbilyk@umn.edu</EmailAddress>
      <StartDate>11/05/2015</StartDate>
      <EndDate/>
      <RoleCode>Co-Principal Investigator</RoleCode>
    </Investigator>
    <Institution>
      <Name>University of Minnesota-Twin Cities</Name>
      <CityName>Minneapolis</CityName>
      <ZipCode>554552070</ZipCode>
      <PhoneNumber>6126245599</PhoneNumber>
      <StreetAddress>200 OAK ST SE</StreetAddress>
      <CountryName>United States</CountryName>
      <StateName>Minnesota</StateName>
      <StateCode>MN</StateCode>
    </Institution>
    <ProgramElement>
      <Code>1281</Code>
      <Text>ANALYSIS PROGRAM</Text>
    </ProgramElement>
    <ProgramReference>
      <Code>7556</Code>
      <Text>CONFERENCE AND WORKSHOPS</Text>
    </ProgramReference>
  </Award>
</rootTag>
