<?xml version="1.0" encoding="UTF-8"?>

<rootTag>
  <Award>
    <AwardTitle>CAREER: Unlocking the neural code with spikes, currents and conductances</AwardTitle>
    <AwardEffectiveDate>06/01/2015</AwardEffectiveDate>
    <AwardExpirationDate>08/31/2017</AwardExpirationDate>
    <AwardAmount>274483</AwardAmount>
    <AwardInstrument>
      <Value>Continuing grant</Value>
    </AwardInstrument>
    <Organization>
      <Code>05020000</Code>
      <Directorate>
        <LongName>Direct For Computer &amp; Info Scie &amp; Enginr</LongName>
      </Directorate>
      <Division>
        <LongName>Div Of Information &amp; Intelligent Systems</LongName>
      </Division>
    </Organization>
    <ProgramOfficer>
      <SignBlockName>Todd Leen</SignBlockName>
    </ProgramOfficer>
    <AbstractNarration>This project aims to develop new mathematical and computational tools for understanding the basic information-processing strategies of neurons and neural populations in the brain. Recent technological advances have enabled large-scale recordings of neural activity from intact neural circuits, but there is a severe shortage of theoretical methods for revealing what this activity means--that is, what information it carries, and how it gives rise to behavior. The research described in this proposal will address these questions using novel statistical techniques for studying the neural code in single neurons and neural populations, using both extracellularly and intracellularly recorded neural data. &lt;br/&gt;&lt;br/&gt;There are at least two important statistical aspects to the proposed research: first, new methods for reliably estimating the neurobiological variables of interest (e.g., spikes, membrane currents, synaptic conductances, etc.) from noisy experimental recordings; and second, powerful, flexible, model-based methods for understanding the complex, high-dimensional, and time-dependent relationship between sensory stimuli, behavioral responses, and neural activity. The three specific aims of the proposal focus on: (1) the encoding and decoding of decisions from multi-neuron spike trains in parietal cortex; (2) intracellular signals in visual cortex, at the level of membrane potential and synaptic currents, and their relationship to the information conveyed in spike trains; and (3) advanced methods for adaptive, "closed loop" neurophysiology experiments, leading to more informative experimental designs and more interpretable neural datasets. All three aims will involve intensive collaborations with experimental groups and will tightly integrate theory and experiment.&lt;br/&gt;&lt;br/&gt;The proposed research will reveal new features of visual and cognitive representations in cortex, and will unlock the neural code at multiple levels of biophysical detail in sensory, motor and cognitive systems. More broadly, the research will shed new light on information flow in groups of neurons, with implications for both the treatment of brain disorders and the design of new technology.</AbstractNarration>
    <MinAmdLetterDate>10/30/2015</MinAmdLetterDate>
    <MaxAmdLetterDate>10/30/2015</MaxAmdLetterDate>
    <ARRAAmount/>
    <AwardID>1601115</AwardID>
    <Investigator>
      <FirstName>Jonathan</FirstName>
      <LastName>Pillow</LastName>
      <EmailAddress>pillow@princeton.edu</EmailAddress>
      <StartDate>10/30/2015</StartDate>
      <EndDate/>
      <RoleCode>Principal Investigator</RoleCode>
    </Investigator>
    <Institution>
      <Name>Princeton University</Name>
      <CityName>Princeton</CityName>
      <ZipCode>085442020</ZipCode>
      <PhoneNumber>6092583090</PhoneNumber>
      <StreetAddress>Off. of Research &amp; Proj. Admin.</StreetAddress>
      <CountryName>United States</CountryName>
      <StateName>New Jersey</StateName>
      <StateCode>NJ</StateCode>
    </Institution>
    <ProgramElement>
      <Code>7495</Code>
      <Text>ROBUST INTELLIGENCE</Text>
    </ProgramElement>
    <ProgramElement>
      <Code>7713</Code>
      <Text>ACTIVATION</Text>
    </ProgramElement>
    <ProgramElement>
      <Code>1640</Code>
      <Text>INFORMATION TECHNOLOGY RESEARC</Text>
    </ProgramElement>
    <ProgramReference>
      <Code>1045</Code>
      <Text>CAREER: FACULTY EARLY CAR DEV</Text>
    </ProgramReference>
    <ProgramReference>
      <Code>8750</Code>
      <Text>Bio &amp; Comp Shared Princ (BCSP)</Text>
    </ProgramReference>
    <ProgramReference>
      <Code>7495</Code>
      <Text>ROBUST INTELLIGENCE</Text>
    </ProgramReference>
  </Award>
</rootTag>
