<?xml version="1.0" encoding="UTF-8"?>

<rootTag>
  <Award>
    <AwardTitle>Interagency agreement to Fund NSF Director Europe Activities</AwardTitle>
    <AwardEffectiveDate>10/16/2015</AwardEffectiveDate>
    <AwardExpirationDate>10/31/2016</AwardExpirationDate>
    <AwardAmount>10000</AwardAmount>
    <AwardInstrument>
      <Value>Contract Interagency Agreement</Value>
    </AwardInstrument>
    <Organization>
      <Code>01090000</Code>
      <Directorate>
        <LongName>Office Of The Director</LongName>
      </Directorate>
      <Division>
        <LongName>Office Of Internatl Science &amp;Engineering</LongName>
      </Division>
    </Organization>
    <ProgramOfficer>
      <SignBlockName>Maija M Kukla</SignBlockName>
    </ProgramOfficer>
    <AbstractNarration/>
    <MinAmdLetterDate>10/28/2015</MinAmdLetterDate>
    <MaxAmdLetterDate>10/28/2015</MaxAmdLetterDate>
    <ARRAAmount/>
    <AwardID>1602453</AwardID>
    <Investigator>
      <FirstName>Larry</FirstName>
      <LastName>Cuppy</LastName>
      <EmailAddress>CuppyL@state.gov</EmailAddress>
      <StartDate>10/28/2015</StartDate>
      <EndDate/>
      <RoleCode>Principal Investigator</RoleCode>
    </Investigator>
    <Institution>
      <Name>DEPARTMENT OF STATE</Name>
      <CityName>Washington</CityName>
      <ZipCode>205220002</ZipCode>
      <PhoneNumber/>
      <StreetAddress>2201 C Street NW</StreetAddress>
      <CountryName>United States</CountryName>
      <StateName>District of Columbia</StateName>
      <StateCode>DC</StateCode>
    </Institution>
    <ProgramElement>
      <Code>8251</Code>
      <Text>GENERAL TRUST FUND</Text>
    </ProgramElement>
  </Award>
</rootTag>
