<?xml version="1.0" encoding="UTF-8"?>

<rootTag>
  <Award>
    <AwardTitle>CANSec: The Central Area Networking and Security Workshop</AwardTitle>
    <AwardEffectiveDate>11/15/2015</AwardEffectiveDate>
    <AwardExpirationDate>10/31/2017</AwardExpirationDate>
    <AwardAmount>10000</AwardAmount>
    <AwardInstrument>
      <Value>Standard Grant</Value>
    </AwardInstrument>
    <Organization>
      <Code>05050000</Code>
      <Directorate>
        <LongName>Direct For Computer &amp; Info Scie &amp; Enginr</LongName>
      </Directorate>
      <Division>
        <LongName>Division Of Computer and Network Systems</LongName>
      </Division>
    </Organization>
    <ProgramOfficer>
      <SignBlockName>Jeremy Epstein</SignBlockName>
    </ProgramOfficer>
    <AbstractNarration>The objective of CanSec (formerly Greater Kansas Area Security Workshop or KanSec) is to provide a regular forum for researchers and students across several Midwestern states (Kansas, Missouri, Colorado, Iowa, Arkansas, Oklahoma, Nebraska, Texas, and Indiana) to present research and educational activities, and to promote interactions and collaborations. The workshop was initiated by three NSA/DHS National Centers of Academic Excellence in Information Assurance Education (CAE/IAE) and IA Research (CAE/R) in the State of Kansas: the University of Kansas, the Kansas State University, and the Fort Hays State University. In 2013 and 2014, they met as KanSec; in 2015, they have renamed the conference CanSec, and broadened the scope to other Midwestern states.&lt;br/&gt;&lt;br/&gt;This grant provides support of students to attend CanSec, where they can interact with peers and faculty from across the region.</AbstractNarration>
    <MinAmdLetterDate>11/06/2015</MinAmdLetterDate>
    <MaxAmdLetterDate>11/06/2015</MaxAmdLetterDate>
    <ARRAAmount/>
    <AwardID>1602041</AwardID>
    <Investigator>
      <FirstName>Fengjun</FirstName>
      <LastName>Li</LastName>
      <EmailAddress>fli@ittc.ku.edu</EmailAddress>
      <StartDate>11/06/2015</StartDate>
      <EndDate/>
      <RoleCode>Principal Investigator</RoleCode>
    </Investigator>
    <Institution>
      <Name>University of Kansas Center for Research Inc</Name>
      <CityName>LAWRENCE</CityName>
      <ZipCode>660457568</ZipCode>
      <PhoneNumber>7858643441</PhoneNumber>
      <StreetAddress>2385 IRVING HILL RD</StreetAddress>
      <CountryName>United States</CountryName>
      <StateName>Kansas</StateName>
      <StateCode>KS</StateCode>
    </Institution>
    <ProgramElement>
      <Code>8060</Code>
      <Text>Secure &amp;Trustworthy Cyberspace</Text>
    </ProgramElement>
    <ProgramReference>
      <Code>7434</Code>
      <Text>CNCI</Text>
    </ProgramReference>
    <ProgramReference>
      <Code>7556</Code>
      <Text>CONFERENCE AND WORKSHOPS</Text>
    </ProgramReference>
    <ProgramReference>
      <Code>9102</Code>
      <Text>WOMEN, MINORITY, DISABLED, NEC</Text>
    </ProgramReference>
    <ProgramReference>
      <Code>9150</Code>
      <Text>EXP PROG TO STIM COMP RES</Text>
    </ProgramReference>
  </Award>
</rootTag>
