<?xml version="1.0" encoding="UTF-8"?>

<rootTag>
  <Award>
    <AwardTitle>Collaborative Research: Extreme Events and Ecological Acclimation: Scaling from Cells to Ecosystems</AwardTitle>
    <AwardEffectiveDate>07/01/2015</AwardEffectiveDate>
    <AwardExpirationDate>05/31/2016</AwardExpirationDate>
    <AwardAmount>29761</AwardAmount>
    <AwardInstrument>
      <Value>Standard Grant</Value>
    </AwardInstrument>
    <Organization>
      <Code>08040000</Code>
      <Directorate>
        <LongName>Direct For Biological Sciences</LongName>
      </Directorate>
      <Division>
        <LongName>Emerging Frontiers</LongName>
      </Division>
    </Organization>
    <ProgramOfficer>
      <SignBlockName>Elizabeth R. Blood</SignBlockName>
    </ProgramOfficer>
    <AbstractNarration>Forests are vital natural and economic resources that support habitat for plants and animals, protect water quality, offer opportunities for recreation and provide jobs and wood for people. Forests are sensitive to the effects of climate change including drought, shifts in weather, and invasion by insects. Little is known about the effects of repeated droughts brought on by climate change or how these effects occur from the tree cells to entire regional forests. &lt;br/&gt;&lt;br/&gt;Droughts in the past decade have occurred across much of the western and southwestern United States. These droughts have led to severe consequences on forests, such as widespread forest die-off. This award will answer a fundamental gap in scientific understanding with profound implications for the future of western U.S. forests. Are trees that survive a severe drought more vulnerable or less vulnerable to the next drought? Over two years, the research will assess water stress and scale these measurements of drought vulnerability from the cell level in individual branches to entire ecosystems across four western States. It will draw on tree-core records, measurements of plant populations, anatomy of tree water transport, and measurements of whole-ecosystem fluxes of carbon and water. The ultimate goal is a predictive framework across different spatial scales that will allow prediction of which forests are most vulnerable and the return frequency of drought that's survivable versus lethal.&lt;br/&gt;&lt;br/&gt;This project incorporates an extensive commitment to training of scientists at the undergraduate, graduate, post-doctoral, and early-career levels. The project's research will be directly linked with teaching activities by incorporating findings and projects into five undergraduate and two graduate courses across Northern Arizona University, Princeton University, and the University of Nevada, Reno. The research will enable entire continent wide drought monitoring. The research will develop sensor capacity needed for establishing a continent-wide forest drought-monitoring network. The technology developed can aid land managers with the USFS in managing US Forest Lands. High resolution meteorological and plant water status sensors will be developed and deployed, and measurements of forest canopy cover will be made across a broad spatial scale. In addition, these measurements can also supplement the national USFS information such as the Forest Inventory and Analysis program.</AbstractNarration>
    <MinAmdLetterDate>10/22/2015</MinAmdLetterDate>
    <MaxAmdLetterDate>10/22/2015</MaxAmdLetterDate>
    <ARRAAmount/>
    <AwardID>1602131</AwardID>
    <Investigator>
      <FirstName>Kiona</FirstName>
      <LastName>Ogle</LastName>
      <EmailAddress>Kiona.Ogle@nau.edu</EmailAddress>
      <StartDate>10/22/2015</StartDate>
      <EndDate/>
      <RoleCode>Principal Investigator</RoleCode>
    </Investigator>
    <Institution>
      <Name>Northern Arizona University</Name>
      <CityName>Flagstaff</CityName>
      <ZipCode>860110001</ZipCode>
      <PhoneNumber>9285234880</PhoneNumber>
      <StreetAddress>ARD Building #56, Suite 240</StreetAddress>
      <CountryName>United States</CountryName>
      <StateName>Arizona</StateName>
      <StateCode>AZ</StateCode>
    </Institution>
    <ProgramElement>
      <Code>7959</Code>
      <Text>MACROSYSTEM BIOLOGY</Text>
    </ProgramElement>
    <ProgramReference>
      <Code>7959</Code>
      <Text>MACROSYSTEM BIOLOGY</Text>
    </ProgramReference>
  </Award>
</rootTag>
