<?xml version="1.0" encoding="UTF-8"?>

<rootTag>
  <Award>
    <AwardTitle>Interagency Agreement to Support NSF OISE Overseas Office (NSF Europe-Eurasia-Brussels)</AwardTitle>
    <AwardEffectiveDate>11/01/2015</AwardEffectiveDate>
    <AwardExpirationDate>11/30/2016</AwardExpirationDate>
    <AwardAmount>192152</AwardAmount>
    <AwardInstrument>
      <Value>Contract Interagency Agreement</Value>
    </AwardInstrument>
    <Organization>
      <Code>01090000</Code>
      <Directorate>
        <LongName>Office Of The Director</LongName>
      </Directorate>
      <Division>
        <LongName>Office Of Internatl Science &amp;Engineering</LongName>
      </Division>
    </Organization>
    <ProgramOfficer>
      <SignBlockName>W. Y. B. Chang</SignBlockName>
    </ProgramOfficer>
    <AbstractNarration/>
    <MinAmdLetterDate>11/09/2015</MinAmdLetterDate>
    <MaxAmdLetterDate>11/09/2015</MaxAmdLetterDate>
    <ARRAAmount/>
    <AwardID>1602832</AwardID>
    <Investigator>
      <FirstName>Larry</FirstName>
      <LastName>Cuppy</LastName>
      <EmailAddress>CuppyL@state.gov</EmailAddress>
      <StartDate>11/09/2015</StartDate>
      <EndDate/>
      <RoleCode>Principal Investigator</RoleCode>
    </Investigator>
    <Institution>
      <Name>DEPARTMENT OF STATE</Name>
      <CityName>Washington</CityName>
      <ZipCode>205220002</ZipCode>
      <PhoneNumber/>
      <StreetAddress>2201 C Street NW</StreetAddress>
      <CountryName>United States</CountryName>
      <StateName>District of Columbia</StateName>
      <StateCode>DC</StateCode>
    </Institution>
    <ProgramElement>
      <Code>0300</Code>
      <Text/>
    </ProgramElement>
    <ProgramElement>
      <Code>0694</Code>
      <Text/>
    </ProgramElement>
    <ProgramElement>
      <Code>7572</Code>
      <Text/>
    </ProgramElement>
    <ProgramElement>
      <Code>9199</Code>
      <Text>UNDISTRIBUTED PANEL/IPA FUNDS</Text>
    </ProgramElement>
    <ProgramReference>
      <Code>5979</Code>
      <Text>Europe and Eurasia</Text>
    </ProgramReference>
  </Award>
</rootTag>
