<?xml version="1.0" encoding="UTF-8"?>

<rootTag>
  <Award>
    <AwardTitle>Exploring Ionic Liquids in Sample Preparation and Multidimensional Chromatographic Separations</AwardTitle>
    <AwardEffectiveDate>10/01/2015</AwardEffectiveDate>
    <AwardExpirationDate>06/30/2017</AwardExpirationDate>
    <AwardAmount>289660</AwardAmount>
    <AwardInstrument>
      <Value>Standard Grant</Value>
    </AwardInstrument>
    <Organization>
      <Code>03090000</Code>
      <Directorate>
        <LongName>Direct For Mathematical &amp; Physical Scien</LongName>
      </Directorate>
      <Division>
        <LongName>Division Of Chemistry</LongName>
      </Division>
    </Organization>
    <ProgramOfficer>
      <SignBlockName>Colby A. Foss</SignBlockName>
    </ProgramOfficer>
    <AbstractNarration>Professor Jared L. Anderson of the University of Toledo is supported by the Chemical Measurement and Imaging (CMI) Program in the Division of Chemistry to explore the application of ionic liquids as separation media in chromatography and microextractions. The project will provide new knowledge on how ionic liquids effect the differential extraction of analytes and their separation and analysis by various chromatographic techniques, and will expand the scope of applicability of ionic liquids in the analysis of real chemical and biological samples. A major impact across fields other than analytical chemistry is in the development of techniques for the analysis of complex fluids such as oils and fuels derived from biomass. &lt;br/&gt;&lt;br/&gt;Professor Anderson and his research team will conduct three separate initiatives under the umbrella of ionic liquids in separation science. Magnetic ionic liquids will be studied in the selective extraction and long term storage of deoxyribonucleic acid; polymeric ionic liquids, incorporating single-walled carbon nanotubes, will be developed and used as sorbent coatings for solid-phase microextraction; and ionic liquids will be developed and used as selective stationary phases for multidimensional gas chromatography.&lt;br/&gt;&lt;br/&gt;In the course of conducting this research, graduate and undergraduate students will acquire valuable skills in separation science and chromatography, and Facebook-based social networking outreach programs will be developed to present scientific concepts to young children and the general public.</AbstractNarration>
    <MinAmdLetterDate>11/06/2015</MinAmdLetterDate>
    <MaxAmdLetterDate>11/06/2015</MaxAmdLetterDate>
    <ARRAAmount/>
    <AwardID>1602091</AwardID>
    <Investigator>
      <FirstName>Jared</FirstName>
      <LastName>Anderson</LastName>
      <EmailAddress>andersoj@iastate.edu</EmailAddress>
      <StartDate>11/06/2015</StartDate>
      <EndDate/>
      <RoleCode>Principal Investigator</RoleCode>
    </Investigator>
    <Institution>
      <Name>Iowa State University</Name>
      <CityName>AMES</CityName>
      <ZipCode>500112207</ZipCode>
      <PhoneNumber>5152945225</PhoneNumber>
      <StreetAddress>1138 Pearson</StreetAddress>
      <CountryName>United States</CountryName>
      <StateName>Iowa</StateName>
      <StateCode>IA</StateCode>
    </Institution>
    <ProgramElement>
      <Code>6880</Code>
      <Text>Chemical Measurement &amp; Imaging</Text>
    </ProgramElement>
  </Award>
</rootTag>
