<?xml version="1.0" encoding="UTF-8"?>

<rootTag>
  <Award>
    <AwardTitle>Flagellar Membrane Signaling Protein Transport Mechanisms: A Single-Molecule Study</AwardTitle>
    <AwardEffectiveDate>07/01/2015</AwardEffectiveDate>
    <AwardExpirationDate>02/29/2016</AwardExpirationDate>
    <AwardAmount>377494</AwardAmount>
    <AwardInstrument>
      <Value>Continuing grant</Value>
    </AwardInstrument>
    <Organization>
      <Code>08070600</Code>
      <Directorate>
        <LongName>Direct For Biological Sciences</LongName>
      </Directorate>
      <Division>
        <LongName>Div Of Molecular and Cellular Bioscience</LongName>
      </Division>
    </Organization>
    <ProgramOfficer>
      <SignBlockName>Gregory W. Warr</SignBlockName>
    </ProgramOfficer>
    <AbstractNarration>There is a growing recognition of the importance of cilia/flagella (hair-like projections on cell surfaces) in sensing extracellular information in multiple organisms. In order to understand the role cilia/flagella play in cellular signal transduction processes, the transport mechanisms of flagellar membrane signaling proteins and their intraflagellar transport (IFT) machinery will be examined at three parts of the intraflagellar transport cycle: (i) flagellar entry, (ii) intraflagellar motion, and (iii) flagellar tip remodeling in the model organism Chlamydomonas. For each part of the transport cycle, this project will use quantitative single-molecule fluorescence imaging methods to test competing models: (i) In the flagellar entry region, it will be determined whether flagellar membrane signaling proteins synthesized in the cytoplasm enter the flagella by diffusion or if they are carried into the flagella by IFT machinery. (ii) Inside the flagella, the project aims to elucidate the IFT carrier and quantitate the trafficking kinetics for selected flagellar membrane signaling proteins. (iii) At the flagellar tip, it will be resolved whether the IFT machinery components dissociate from microtubules and each other and reassemble for the retrograde trip, or whether the reassembly occurs without dissociation of the IFT transport machinery.&lt;br/&gt;&lt;br/&gt;&lt;br/&gt;BROADER IMPACTS&lt;br/&gt;This project is a multidisciplinary joint effort between laboratories with expertise in single-molecule imaging method, and Chlamydomonas (algal) IFT genetics. This merger of genetics and imaging biophysics will benefit both the flagellar and single molecule imaging fields. It will allow for the application of advanced imaging tools to questions addressing fundamental aspects of cellular signal transduction, while offering students exciting opportunities to carry out interdisciplinary training in physics and biology. In particular, the project will aim to support the training of female graduate and undergraduate students, including students recruited from regional primarily undergraduate colleges. The success of the proposed investigation will strengthen collaborations among members of the Imaging Sciences Pathway, a biological imaging program that includes faculty from the Schools of Arts &amp; Sciences, Engineering, and Medicine at Washington University. In addition, for the broader local community, the project's hands-on outreach activities to high school students in the St. Louis region are designed to entice young minds to choose science as a career.</AbstractNarration>
    <MinAmdLetterDate>10/19/2015</MinAmdLetterDate>
    <MaxAmdLetterDate>10/19/2015</MaxAmdLetterDate>
    <ARRAAmount/>
    <AwardID>1602799</AwardID>
    <Investigator>
      <FirstName>Yan Mei</FirstName>
      <LastName>Wang</LastName>
      <EmailAddress>gwangym@gmail.com</EmailAddress>
      <StartDate>10/19/2015</StartDate>
      <EndDate/>
      <RoleCode>Principal Investigator</RoleCode>
    </Investigator>
    <Institution>
      <Name>Princeton University</Name>
      <CityName>Princeton</CityName>
      <ZipCode>085442020</ZipCode>
      <PhoneNumber>6092583090</PhoneNumber>
      <StreetAddress>Off. of Research &amp; Proj. Admin.</StreetAddress>
      <CountryName>United States</CountryName>
      <StateName>New Jersey</StateName>
      <StateCode>NJ</StateCode>
    </Institution>
    <ProgramElement>
      <Code>1114</Code>
      <Text>Cellular Dynamics and Function</Text>
    </ProgramElement>
    <ProgramElement>
      <Code>9150</Code>
      <Text>EXP PROG TO STIM COMP RES</Text>
    </ProgramElement>
    <ProgramReference>
      <Code>1114</Code>
      <Text>CELLULAR SYSTEMS</Text>
    </ProgramReference>
    <ProgramReference>
      <Code>7465</Code>
      <Text>NANOSCALE BIO CORE</Text>
    </ProgramReference>
    <ProgramReference>
      <Code>9150</Code>
      <Text>EXP PROG TO STIM COMP RES</Text>
    </ProgramReference>
  </Award>
</rootTag>
