<?xml version="1.0" encoding="UTF-8"?>

<rootTag>
  <Award>
    <AwardTitle>TUES:Type1:Collaborative: An Integrative Hands-on Approach to Security Education for Undergraduate Students</AwardTitle>
    <AwardEffectiveDate>09/01/2015</AwardEffectiveDate>
    <AwardExpirationDate>08/31/2016</AwardExpirationDate>
    <AwardAmount>29752</AwardAmount>
    <AwardInstrument>
      <Value>Standard Grant</Value>
    </AwardInstrument>
    <Organization>
      <Code>11040200</Code>
      <Directorate>
        <LongName>Direct For Education and Human Resources</LongName>
      </Directorate>
      <Division>
        <LongName>Division Of Undergraduate Education</LongName>
      </Division>
    </Organization>
    <ProgramOfficer>
      <SignBlockName>Paul Tymann</SignBlockName>
    </ProgramOfficer>
    <AbstractNarration>Security of information, software, and hardware has emerged as a paramount concern. Existing undergraduate curricula often do not provide students with adequate insight into the full spectrum of security threats and respective protection approaches. To fill this gap in the curriculum, this project is developing an interdisciplinary undergraduate course incorporating hands-on learning of computer security. The course provides a comprehensive system-level view of computer security to students, so they can become more aware of diverse security issues and countermeasures as future developers and users of computer systems. A distinctive aspect of the project is the inclusion of a set of well-crafted experiments that would allow students to hack into software and hardware in many creative ways. These experiments can be highly effective in demonstrating the complex nature of system security and creating an understanding of the defense mechanisms. The exposure to security issues early in their career can provide undergraduate students with a competitive edge in the market place and stimulate their interests in security research. The course modules can also benefit graduate students pursuing research in the area of computer security, as well as the K-12 students attending summer camps each year. The project provides a unique opportunity for exposing minority and female students in Cleveland State University to the critical issues of security and attracting them to higher education and research. The project uses the trust-hub web portal for disseminating the course modules to other academic institutions in a timely manner.</AbstractNarration>
    <MinAmdLetterDate>10/27/2015</MinAmdLetterDate>
    <MaxAmdLetterDate>10/27/2015</MaxAmdLetterDate>
    <ARRAAmount/>
    <AwardID>1603480</AwardID>
    <Investigator>
      <FirstName>Swarup</FirstName>
      <LastName>Bhunia</LastName>
      <EmailAddress>swarup@ece.ufl.edu</EmailAddress>
      <StartDate>10/27/2015</StartDate>
      <EndDate/>
      <RoleCode>Principal Investigator</RoleCode>
    </Investigator>
    <Institution>
      <Name>University of Florida</Name>
      <CityName>GAINESVILLE</CityName>
      <ZipCode>326112002</ZipCode>
      <PhoneNumber>3523923516</PhoneNumber>
      <StreetAddress>1 UNIVERSITY OF FLORIDA</StreetAddress>
      <CountryName>United States</CountryName>
      <StateName>Florida</StateName>
      <StateCode>FL</StateCode>
    </Institution>
    <ProgramElement>
      <Code>1536</Code>
      <Text>S-STEM:SCHLR SCI TECH ENG&amp;MATH</Text>
    </ProgramElement>
    <ProgramReference>
      <Code>9178</Code>
      <Text>UNDERGRADUATE EDUCATION</Text>
    </ProgramReference>
    <ProgramReference>
      <Code>SMET</Code>
      <Text>SCIENCE, MATH, ENG &amp; TECH EDUCATION</Text>
    </ProgramReference>
  </Award>
</rootTag>
