<?xml version="1.0" encoding="UTF-8"?>

<rootTag>
  <Award>
    <AwardTitle>COLLABORATIVE RESEARCH: GENOMIC DETERMINANTS OF PATHOGENICITY AND SUSCEPTIBILITY IN AN EMERGING FUNGAL PATHOGEN AND ITS VERTEBRATE HOSTS</AwardTitle>
    <AwardEffectiveDate>09/30/2015</AwardEffectiveDate>
    <AwardExpirationDate>05/31/2017</AwardExpirationDate>
    <AwardAmount>48977</AwardAmount>
    <AwardInstrument>
      <Value>Continuing grant</Value>
    </AwardInstrument>
    <Organization>
      <Code>08090300</Code>
      <Directorate>
        <LongName>Direct For Biological Sciences</LongName>
      </Directorate>
      <Division>
        <LongName>Division Of Integrative Organismal Sys</LongName>
      </Division>
    </Organization>
    <ProgramOfficer>
      <SignBlockName>Liliana Jaso-Friedmann</SignBlockName>
    </ProgramOfficer>
    <AbstractNarration>Amphibians around the world are disappearing at an alarming rate. Many recent declines have been caused by a deadly chytrid fungus called Batrachochytrium dendrobatidis (Bd). Bd has recently spread around the world and infects hundreds of amphibian species. This project focuses on understanding the interaction between the Bd pathogen and its amphibian hosts. Specifically the investigators will learn 1) why some amphibian species are devastated by Bd while others are not harmed and 2) why some strains of Bd are more deadly than others. The investigators will conduct an integrative and worldwide study of numerous Bd isolates and a diversity of frog species. Results from this project will help guide conservation efforts be targeted to the most vulnerable species and to areas where Bd will have the most devastating impact. Further the general understanding of host-pathogen interactions resulting from this project can be applied to other systems where wildlife are threatened with new emerging diseases. The project also provides training opportunities for undergraduate and graduate students, with a focus on broadening participation of underrepresented groups. In addition to scientific research, the project will provides education about biodiversity and conservation to the public and local public elementary school children through popular press publications, museum exhibits, and an outreach event called "Save the Frogs Day". &lt;br/&gt;&lt;br/&gt;The researchers in this project have taken genetic, genomic, immunological, and organismal approaches to accomplish their objectives. First, they will use a comparative approach to identify genomic variations in 60 Bd isolates gathered from around the world that vary in infectivity towards various amphibian hosts. Second, they will study variations in in vitro growth phenotypes that they propose directly relate to infectivity. Last, they will examine in vivo and cell culture-based phenotypes, in parallel with host tissue profiling. A key aspect of the third goal is that the applicants have selected 6 congeneric amphibian host pairs (2 species in each of three different genera) that vary in susceptibility to Bd. They will utilize Illumina-based sequencing techniques to obtain genome-wide association studies of the phenotypes of interest. In vivo infection phenotypes such as Bd burden under the common garden conditions tested will be coupled with transcriptomic analysis of host gene expression to evaluate differential responses by susceptible/tolerant hosts. To address this important problem, the investigators have blended evolutionary, ecological and physiological perspectives and this integrative approach promises to bring new insight into this field.</AbstractNarration>
    <MinAmdLetterDate>11/06/2015</MinAmdLetterDate>
    <MaxAmdLetterDate>11/06/2015</MaxAmdLetterDate>
    <ARRAAmount/>
    <AwardID>1603808</AwardID>
    <Investigator>
      <FirstName>Jamie</FirstName>
      <LastName>Voyles</LastName>
      <EmailAddress>jvoyles@unr.edu</EmailAddress>
      <StartDate>11/06/2015</StartDate>
      <EndDate/>
      <RoleCode>Principal Investigator</RoleCode>
    </Investigator>
    <Institution>
      <Name>Board of Regents, NSHE, obo University of Nevada, Reno</Name>
      <CityName>Reno</CityName>
      <ZipCode>895570001</ZipCode>
      <PhoneNumber>7757844040</PhoneNumber>
      <StreetAddress>1664 North Virginia Street</StreetAddress>
      <CountryName>United States</CountryName>
      <StateName>Nevada</StateName>
      <StateCode>NV</StateCode>
    </Institution>
    <ProgramElement>
      <Code>7656</Code>
      <Text>SYMBIOSIS DEF &amp; SELF RECOG</Text>
    </ProgramElement>
    <ProgramReference>
      <Code>1228</Code>
      <Text>MINORITY INVOLVEMENT -- BIO</Text>
    </ProgramReference>
    <ProgramReference>
      <Code>9178</Code>
      <Text>UNDERGRADUATE EDUCATION</Text>
    </ProgramReference>
    <ProgramReference>
      <Code>9179</Code>
      <Text>GRADUATE INVOLVEMENT</Text>
    </ProgramReference>
  </Award>
</rootTag>
