<?xml version="1.0" encoding="UTF-8"?>

<rootTag>
  <Award>
    <AwardTitle>Floodplain geomorphology and circulation</AwardTitle>
    <AwardEffectiveDate>11/15/2015</AwardEffectiveDate>
    <AwardExpirationDate>10/31/2016</AwardExpirationDate>
    <AwardAmount>19999</AwardAmount>
    <AwardInstrument>
      <Value>Standard Grant</Value>
    </AwardInstrument>
    <Organization>
      <Code>06030200</Code>
      <Directorate>
        <LongName>Directorate For Geosciences</LongName>
      </Directorate>
      <Division>
        <LongName>Division Of Earth Sciences</LongName>
      </Division>
    </Organization>
    <ProgramOfficer>
      <SignBlockName>Paul Cutler</SignBlockName>
    </ProgramOfficer>
    <AbstractNarration>This project will enhance knowledge of landscape response in coastal floodplains to extreme rainfall events, which could aid coastal communities to better prepare for flood hazards. This project will also provide: an opportunity to further advance the career of a Native American scientist; research experience for a Hispanic female technician; and quality educational opportunities for undergraduate students. Reporting of the project results at the Society for Advancing Chicanos/Hispanics &amp; Native Americans in Science (SACNAS) undergraduate research conferences will attract underrepresented groups to pursue careers in geoscience.&lt;br/&gt;&lt;br/&gt;This project will examine the landscape and hydrological response of the Santee River Floodplain to an extreme rainfall event that occurred between October 3-5, 2015, in South Carolina (two-day rainfall totals up to 400 mm on the coastal plain, 300 mm in the piedmont, and 250 mm in the upstate). The team will collect perishable data from coastal floodplains, develop scientific criteria for locating sampling sites, and enhance hydrodynamic modeling capabilities with potential broad applications in coastal floodplain landscapes.</AbstractNarration>
    <MinAmdLetterDate>11/06/2015</MinAmdLetterDate>
    <MaxAmdLetterDate>11/06/2015</MaxAmdLetterDate>
    <ARRAAmount/>
    <AwardID>1604063</AwardID>
    <Investigator>
      <FirstName>Raymond</FirstName>
      <LastName>Torres</LastName>
      <EmailAddress>torres@geol.sc.edu</EmailAddress>
      <StartDate>11/06/2015</StartDate>
      <EndDate/>
      <RoleCode>Principal Investigator</RoleCode>
    </Investigator>
    <Institution>
      <Name>University of South Carolina at Columbia</Name>
      <CityName>COLUMBIA</CityName>
      <ZipCode>292080001</ZipCode>
      <PhoneNumber>8037777093</PhoneNumber>
      <StreetAddress>Sponsored Awards Management</StreetAddress>
      <CountryName>United States</CountryName>
      <StateName>South Carolina</StateName>
      <StateCode>SC</StateCode>
    </Institution>
    <ProgramElement>
      <Code>1579</Code>
      <Text>HYDROLOGIC SCIENCES</Text>
    </ProgramElement>
    <ProgramElement>
      <Code>7458</Code>
      <Text>GEOMORPHOLOGY &amp; LAND USE DYNAM</Text>
    </ProgramElement>
    <ProgramReference>
      <Code>7914</Code>
      <Text>RAPID</Text>
    </ProgramReference>
    <ProgramReference>
      <Code>9150</Code>
      <Text>EXP PROG TO STIM COMP RES</Text>
    </ProgramReference>
  </Award>
</rootTag>
