<?xml version="1.0" encoding="UTF-8"?>

<rootTag>
  <Award>
    <AwardTitle>International Symposium on Observations and Modeling of Land Surface Water and Energy Exchanges across Scales: Learning from the past and looking to the future</AwardTitle>
    <AwardEffectiveDate>01/01/2016</AwardEffectiveDate>
    <AwardExpirationDate>12/31/2016</AwardExpirationDate>
    <AwardAmount>42240</AwardAmount>
    <AwardInstrument>
      <Value>Standard Grant</Value>
    </AwardInstrument>
    <Organization>
      <Code>06030100</Code>
      <Directorate>
        <LongName>Directorate For Geosciences</LongName>
      </Directorate>
      <Division>
        <LongName>Division Of Earth Sciences</LongName>
      </Division>
    </Organization>
    <ProgramOfficer>
      <SignBlockName>Thomas Torgersen</SignBlockName>
    </ProgramOfficer>
    <AbstractNarration>The planned symposium will focus on advances in observations and modeling of land surface exchanges of both water and energy. It will explore societal connections to operational hydrology, including data assimilation approaches for improving hydrological forecasting for water management, as well as for drought and flood prediction. It is expected that the symposium will attract more than 150 attendees from around the world, including from developing regions. The symposium keynote/invited speakers will be specifically asked to reflect on past progress, future challenges, and emerging new opportunities, which will form the basis for a synthesis paper that will serve as a major milestone in hydrologic research.&lt;br/&gt;&lt;br/&gt;In the past ~25 years there has been an expansion of research in process understanding, observations and predictions at a range of scales related to land surface water and energy exchanges. The space-time variability in precipitation interacts with the spatial heterogeneity of landscapes to produce spatially and temporally variable fields of runoff and soil moisture. This variability impacts many areas of hydrologic research including flood and drought estimation, water resource management, climate change impact assessments, and water quality predictions. Land-atmosphere interactions also affect the linkages between land surface states and fluxes, as well as transport through the atmospheric surface and boundary layers and the associated modulation of convection, clouds and precipitation. These interactions operate over decision-relevant time scales, from diurnal (weather) to seasonal and inter-annual (climate). The planned symposium will review and synthesis progress and new knowledge in this field. The meeting will bring together multiple generations of scientists covering the scope of the problem. The results focusing on hydrologic predictability and its relationship to land surface memory, land-atmosphere interactions, global teleconnections and climate predictability as well as the human impacts on hydrologic variability and extremes, and associated coupled human-water system feedbacks will be a significant contribution to the field of hydrometeorology.</AbstractNarration>
    <MinAmdLetterDate>11/10/2015</MinAmdLetterDate>
    <MaxAmdLetterDate>11/10/2015</MaxAmdLetterDate>
    <ARRAAmount/>
    <AwardID>1606519</AwardID>
    <Investigator>
      <FirstName>Justin</FirstName>
      <LastName>Sheffield</LastName>
      <EmailAddress>justin@princeton.edu</EmailAddress>
      <StartDate>11/10/2015</StartDate>
      <EndDate/>
      <RoleCode>Principal Investigator</RoleCode>
    </Investigator>
    <Institution>
      <Name>Princeton University</Name>
      <CityName>Princeton</CityName>
      <ZipCode>085442020</ZipCode>
      <PhoneNumber>6092583090</PhoneNumber>
      <StreetAddress>Off. of Research &amp; Proj. Admin.</StreetAddress>
      <CountryName>United States</CountryName>
      <StateName>New Jersey</StateName>
      <StateCode>NJ</StateCode>
    </Institution>
    <ProgramElement>
      <Code>1525</Code>
      <Text>PHYSICAL &amp; DYNAMIC METEOROLOGY</Text>
    </ProgramElement>
    <ProgramElement>
      <Code>1579</Code>
      <Text>HYDROLOGIC SCIENCES</Text>
    </ProgramElement>
    <ProgramElement>
      <Code>5740</Code>
      <Text>CLIMATE &amp; LARGE-SCALE DYNAMICS</Text>
    </ProgramElement>
    <ProgramReference>
      <Code>4444</Code>
      <Text>INTERDISCIPLINARY PROPOSALS</Text>
    </ProgramReference>
    <ProgramReference>
      <Code>7556</Code>
      <Text>CONFERENCE AND WORKSHOPS</Text>
    </ProgramReference>
  </Award>
</rootTag>
