<?xml version="1.0" encoding="UTF-8"?>

<rootTag>
  <Award>
    <AwardTitle>ERA SynBio: Design and Synthesis of a Bio-orthogonal Genetic System</AwardTitle>
    <AwardEffectiveDate>10/01/2015</AwardEffectiveDate>
    <AwardExpirationDate>07/31/2018</AwardExpirationDate>
    <AwardAmount>619997</AwardAmount>
    <AwardInstrument>
      <Value>Standard Grant</Value>
    </AwardInstrument>
    <Organization>
      <Code>08070700</Code>
      <Directorate>
        <LongName>Direct For Biological Sciences</LongName>
      </Directorate>
      <Division>
        <LongName>Div Of Molecular and Cellular Bioscience</LongName>
      </Division>
    </Organization>
    <ProgramOfficer>
      <SignBlockName>Susanne von Bodman</SignBlockName>
    </ProgramOfficer>
    <AbstractNarration>Synthetic biology holds great promise as a scientific discipline that can answer fundamental biological questions as well as contribute to many practical applications. A key obstacle for this field is the concern about escape of an engineered organism into the environment. To address this and other concerns, this research consortium that engages researchers in the US, UK, France and Spain will engineer an independently replicating element (called an episome, which is not integrated into the DNA of the host cell) that consists of non-natural nucleic acids. These episomes will have genetic material based on TNA (threose-based nucleic acid) along with a system that replicates and expresses proteins from the episome. An autonomous TNA-based episome could not be propagated in nature (outside the laboratory) because TNA precursors do not occur naturally. The consortium of investigators each will develop specific components to be incorporated into the TNA episome, which will be transferred into a bacterial host. The research project, while high risk, is anticipated to generate high impacts in terms of providing enabling technologies to advance a synthetic biology-inspired bioeconomy. It will also generate insights into the evolution of genetic material. The training potential of this project is exceptional in that the students and junior researchers will gain valuable transdisciplinary and international training.&lt;br/&gt;&lt;br/&gt;The goal of this project is to re-structure the central dogma of molecular biology by developing an all-TNA episome based on bacteriophage Phi29 that can replicate in vitro and eventually inside living cells using an orthogonal cellular machinery engineered for this purpose. The engineered system will store protein-coding information in TNA polymers that will replicate independently of the cellular genome. The TNA coding information will be transcribed by an evolved RNA polymerase that can recognize the TNA template and produce natural messenger RNAs for translation into functional proteins.&lt;br/&gt;&lt;br/&gt;This project is funded through a transnational funding mechanism between the United States National Science Foundation and European Funding Agencies that are part of the European Commission endorsed Research Area Network in Synthetic Biology. The United States component of this project is co-funded by programs in Systems and Synthetic Biology (Directorate for Biological Sciences) and Biotechnology and Biochemical Bioengineering (Directorate for Engineering).</AbstractNarration>
    <MinAmdLetterDate>11/05/2015</MinAmdLetterDate>
    <MaxAmdLetterDate>11/05/2015</MaxAmdLetterDate>
    <ARRAAmount/>
    <AwardID>1607111</AwardID>
    <Investigator>
      <FirstName>John</FirstName>
      <LastName>Chaput</LastName>
      <EmailAddress>john.chaput@asu.edu</EmailAddress>
      <StartDate>11/05/2015</StartDate>
      <EndDate/>
      <RoleCode>Principal Investigator</RoleCode>
    </Investigator>
    <Institution>
      <Name>University of California-Irvine</Name>
      <CityName>Irvine</CityName>
      <ZipCode>926173067</ZipCode>
      <PhoneNumber>9498244768</PhoneNumber>
      <StreetAddress>5171 California Avenue, Ste 150</StreetAddress>
      <CountryName>United States</CountryName>
      <StateName>California</StateName>
      <StateCode>CA</StateCode>
    </Institution>
    <ProgramElement>
      <Code>8011</Code>
      <Text>Systems and Synthetic Biology</Text>
    </ProgramElement>
    <ProgramElement>
      <Code>7275</Code>
      <Text>CROSS-EF ACTIVITIES</Text>
    </ProgramElement>
    <ProgramElement>
      <Code>1491</Code>
      <Text>BIOTECH, BIOCHEM &amp; BIOMASS ENG</Text>
    </ProgramElement>
    <ProgramReference>
      <Code>144E</Code>
      <Text>Synthetic biology</Text>
    </ProgramReference>
    <ProgramReference>
      <Code>7465</Code>
      <Text>NANOSCALE BIO CORE</Text>
    </ProgramReference>
    <ProgramReference>
      <Code>8007</Code>
      <Text>BioMaPS</Text>
    </ProgramReference>
    <ProgramReference>
      <Code>9178</Code>
      <Text>UNDERGRADUATE EDUCATION</Text>
    </ProgramReference>
    <ProgramReference>
      <Code>9179</Code>
      <Text>GRADUATE INVOLVEMENT</Text>
    </ProgramReference>
    <ProgramReference>
      <Code>009E</Code>
      <Text>Metabolic engineering</Text>
    </ProgramReference>
  </Award>
</rootTag>
