<?xml version="1.0" encoding="UTF-8"?>

<rootTag>
  <Award>
    <AwardTitle>SI2-SSE Collaborative Research: Molecular Simulations of Polymer Nanostructures in the Cloud</AwardTitle>
    <AwardEffectiveDate>10/22/2015</AwardEffectiveDate>
    <AwardExpirationDate>09/30/2017</AwardExpirationDate>
    <AwardAmount>149283</AwardAmount>
    <AwardInstrument>
      <Value>Standard Grant</Value>
    </AwardInstrument>
    <Organization>
      <Code>05090000</Code>
      <Directorate>
        <LongName>Direct For Computer &amp; Info Scie &amp; Enginr</LongName>
      </Directorate>
      <Division>
        <LongName>Div Of Advanced Cyberinfrastructure</LongName>
      </Division>
    </Organization>
    <ProgramOfficer>
      <SignBlockName>Daniel Katz</SignBlockName>
    </ProgramOfficer>
    <AbstractNarration>The use of polymers, their composites, and nanostructures is growing at a fast pace, both by displacing traditional materials and by enabling emerging technologies. Examples range from the all-composite airframe of the Boeing 787 and the new Airbus 350 to wearable electronics. This project aims to develop a software infrastructure to simulate these materials with atomic resolution and make these tools universally accessible and useful via on-line computing. These simulations have the potential to accelerate the development of optimized material formulations that can benefit society and reduce the associated costs by combining physical with computational experiments. Making these advanced tools available for free online simulations and complementing them with tutorials and educational material will encourage their use in the classroom and will impact the education of new generations of engineers and scientists familiar with these powerful tools that will be required to address tomorrow's challenges.&lt;br/&gt;&lt;br/&gt;The objective of this effort is to enable pervasive, reproducible molecular simulations of polymeric materials using state-of-the-art tools and with quantified uncertainties building on recent breakthroughs in molecular simulations, cyber-infrastructure and uncertainty quantification. The framework will consist of three main components: i) powerful simulation tools for polymer nano structures including: state-of-the-art molecular builders, a parallel MD engine with stencils that enable efficient structure relaxation and property characterization and post-processing codes; ii) a UQ framework to orchestrate the molecular simulations and propagate uncertainties in input parameters to predictions and compare the predictions to experimental values; iii) databases of force fields and molecular structures as well as predicted and experimental properties. The simulation framework will be deployed via NSF's nanoHUB where users will be able to run online simulations without downloading or installing any software while expert users will have the option to download, modify and contribute to the infrastructure. Usage of and contributions to the software framework will be facilitated and encouraged via online and in-person user guides, learning modules and research tutorials.</AbstractNarration>
    <MinAmdLetterDate>11/10/2015</MinAmdLetterDate>
    <MaxAmdLetterDate>11/10/2015</MaxAmdLetterDate>
    <ARRAAmount/>
    <AwardID>1613155</AwardID>
    <Investigator>
      <FirstName>Coray</FirstName>
      <LastName>Colina</LastName>
      <EmailAddress>colina@chem.ufl.edu</EmailAddress>
      <StartDate>11/10/2015</StartDate>
      <EndDate/>
      <RoleCode>Principal Investigator</RoleCode>
    </Investigator>
    <Institution>
      <Name>University of Florida</Name>
      <CityName>GAINESVILLE</CityName>
      <ZipCode>326112002</ZipCode>
      <PhoneNumber>3523923516</PhoneNumber>
      <StreetAddress>1 UNIVERSITY OF FLORIDA</StreetAddress>
      <CountryName>United States</CountryName>
      <StateName>Florida</StateName>
      <StateCode>FL</StateCode>
    </Institution>
    <ProgramElement>
      <Code>1712</Code>
      <Text>DMR SHORT TERM SUPPORT</Text>
    </ProgramElement>
    <ProgramElement>
      <Code>8004</Code>
      <Text>Software Institutes</Text>
    </ProgramElement>
    <ProgramElement>
      <Code>8084</Code>
      <Text>CDS&amp;E</Text>
    </ProgramElement>
    <ProgramReference>
      <Code>024E</Code>
      <Text>MATERIALS DESIGN</Text>
    </ProgramReference>
    <ProgramReference>
      <Code>085E</Code>
      <Text>POLYMER &amp; COMPOSITES PROCESSES</Text>
    </ProgramReference>
    <ProgramReference>
      <Code>7237</Code>
      <Text>NANO NON-SOLIC SCI &amp; ENG AWD</Text>
    </ProgramReference>
    <ProgramReference>
      <Code>7433</Code>
      <Text>CyberInfra Frmwrk 21st (CIF21)</Text>
    </ProgramReference>
    <ProgramReference>
      <Code>8005</Code>
      <Text>Scientific Software Elements</Text>
    </ProgramReference>
    <ProgramReference>
      <Code>8400</Code>
      <Text>DMREF</Text>
    </ProgramReference>
    <ProgramReference>
      <Code>9216</Code>
      <Text>ADVANCED SOFTWARE TECH &amp; ALGOR</Text>
    </ProgramReference>
  </Award>
</rootTag>
