<?xml version="1.0" encoding="UTF-8"?>

<rootTag>
  <Award>
    <AwardTitle>Workshop on "Advances in Nonlinear Analysis''</AwardTitle>
    <AwardEffectiveDate>03/01/2014</AwardEffectiveDate>
    <AwardExpirationDate>02/28/2015</AwardExpirationDate>
    <AwardAmount>24500</AwardAmount>
    <AwardInstrument>
      <Value>Standard Grant</Value>
    </AwardInstrument>
    <Organization>
      <Code>03040000</Code>
      <Directorate>
        <LongName>Directorate for Mathematical &amp; Physical Sciences</LongName>
      </Directorate>
      <Division>
        <LongName>Division of Mathematical Sciences</LongName>
      </Division>
    </Organization>
    <ProgramOfficer>
      <SignBlockName>Changfeng Gui</SignBlockName>
    </ProgramOfficer>
    <AbstractNarration>This award provides funding for a three-day workshop "Advances in Nonlinear Analysis", to be held March 13 - 15, 2014, in the framework of the 2014 Theme Semester on Analysis and Convex Integration in the Department of Mathematics at the University of Pittsburgh.&lt;br/&gt;&lt;br/&gt;The main theme of the conference is recent developments in nonlinear analysis and partial differential equations, including geometric analysis, geometric measure theory, optimal transport, harmonic analysis, potential theory, and calculus of variations. Some leading experts in these areas are confirmed as participants and will give lectures. Special attention is paid to recruit junior participants and members of underrepresented groups. Ample opportunity is provided to graduate students, postdocs, and other young scientists to present their work. The workshop is a part of a one semester thematic program including several minicourses in the research areas at the University of Pittsburgh.</AbstractNarration>
    <MinAmdLetterDate>01/31/2014</MinAmdLetterDate>
    <MaxAmdLetterDate>01/31/2014</MaxAmdLetterDate>
    <ARRAAmount/>
    <AwardID>1400941</AwardID>
    <Investigator>
      <FirstName>Marta</FirstName>
      <LastName>Lewicka</LastName>
      <EmailAddress>lewicka@pitt.edu</EmailAddress>
      <StartDate>01/31/2014</StartDate>
      <EndDate/>
      <RoleCode>Co-Principal Investigator</RoleCode>
    </Investigator>
    <Investigator>
      <FirstName>Mohammad Reza</FirstName>
      <LastName>Pakzad</LastName>
      <EmailAddress>pakzad@pitt.edu</EmailAddress>
      <StartDate>01/31/2014</StartDate>
      <EndDate/>
      <RoleCode>Principal Investigator</RoleCode>
    </Investigator>
    <Institution>
      <Name>University of Pittsburgh</Name>
      <CityName>Pittsburgh</CityName>
      <ZipCode>152132303</ZipCode>
      <PhoneNumber>4126247400</PhoneNumber>
      <StreetAddress>University Club</StreetAddress>
      <CountryName>United States</CountryName>
      <StateName>Pennsylvania</StateName>
      <StateCode>PA</StateCode>
    </Institution>
    <ProgramElement>
      <Code>1281</Code>
      <Text>ANALYSIS PROGRAM</Text>
    </ProgramElement>
    <ProgramElement>
      <Code>1266</Code>
      <Text>APPLIED MATHEMATICS</Text>
    </ProgramElement>
    <ProgramReference>
      <Code>7556</Code>
      <Text>CONFERENCE AND WORKSHOPS</Text>
    </ProgramReference>
  </Award>
</rootTag>
