<?xml version="1.0" encoding="UTF-8"?>

<rootTag>
  <Award>
    <AwardTitle>7th Conference on Function Spaces at SIUE</AwardTitle>
    <AwardEffectiveDate>01/01/2014</AwardEffectiveDate>
    <AwardExpirationDate>12/31/2014</AwardExpirationDate>
    <AwardAmount>35000</AwardAmount>
    <AwardInstrument>
      <Value>Standard Grant</Value>
    </AwardInstrument>
    <Organization>
      <Code>03040000</Code>
      <Directorate>
        <LongName>Directorate for Mathematical &amp; Physical Sciences</LongName>
      </Directorate>
      <Division>
        <LongName>Division of Mathematical Sciences</LongName>
      </Division>
    </Organization>
    <ProgramOfficer>
      <SignBlockName>Jane Hawkins</SignBlockName>
    </ProgramOfficer>
    <AbstractNarration>Abstract(Jarosz,1400661): &lt;br/&gt;&lt;br/&gt;This award provides funding to help defray the expenses of approximately 60 US participants, primarily graduate students and young researchers, and 10 invited speakers participating in the "7th Conference on Function Spaces" to be held on the campus of Southern Illinois University Edwardsville from May 20-24, 2014.&lt;br/&gt;&lt;br/&gt;There will be talks by internationally known speakers on a wide variety of topics including spaces of functions, topological and Banach algebras, and operators. In addition to plenary talks there will be many contributed talks by graduate students, postdocs, and young researchers, up to 10 a day in parallel sessions. There will also be a two hour recorded open forum led by experts to discuss recent trends and new problems in the field of function spaces.</AbstractNarration>
    <MinAmdLetterDate>12/30/2013</MinAmdLetterDate>
    <MaxAmdLetterDate>12/30/2013</MaxAmdLetterDate>
    <ARRAAmount/>
    <AwardID>1400661</AwardID>
    <Investigator>
      <FirstName>Krzysztof</FirstName>
      <LastName>Jarosz</LastName>
      <EmailAddress>kjarosz@siue.edu</EmailAddress>
      <StartDate>12/30/2013</StartDate>
      <EndDate/>
      <RoleCode>Principal Investigator</RoleCode>
    </Investigator>
    <Institution>
      <Name>Southern Illinois University at Edwardsville</Name>
      <CityName>Edwardsville</CityName>
      <ZipCode>620261046</ZipCode>
      <PhoneNumber>6186503010</PhoneNumber>
      <StreetAddress>Campus Box 1046</StreetAddress>
      <CountryName>United States</CountryName>
      <StateName>Illinois</StateName>
      <StateCode>IL</StateCode>
    </Institution>
    <ProgramElement>
      <Code>1281</Code>
      <Text>ANALYSIS PROGRAM</Text>
    </ProgramElement>
    <ProgramReference>
      <Code>7556</Code>
      <Text>CONFERENCE AND WORKSHOPS</Text>
    </ProgramReference>
  </Award>
</rootTag>
