<?xml version="1.0" encoding="UTF-8"?>

<rootTag>
  <Award>
    <AwardTitle>I-Corps: Shrinkage Reducing Admixture Business Development</AwardTitle>
    <AwardEffectiveDate>01/01/2014</AwardEffectiveDate>
    <AwardExpirationDate>06/30/2014</AwardExpirationDate>
    <AwardAmount>50000</AwardAmount>
    <AwardInstrument>
      <Value>Standard Grant</Value>
    </AwardInstrument>
    <Organization>
      <Code>07070000</Code>
      <Directorate>
        <LongName>Directorate for Engineering</LongName>
      </Directorate>
      <Division>
        <LongName>Division of Industrial Innovation and Partnerships</LongName>
      </Division>
    </Organization>
    <ProgramOfficer>
      <SignBlockName>Rathindra DasGupta</SignBlockName>
    </ProgramOfficer>
    <AbstractNarration>The research team is developing a shrinkage reducing admixture for application in portland cement-based materials such as concrete. This technology focuses on reducing the surface tension of the pore solution by disrupting the hydrogen bonding of water molecules in the liquid phase at the vapor-liquid interface. The basis of this technology lies in the team?s ability to predict new structures using an intelligent computer aided molecular design methodology that utilizes quantitative structure property relationships (QSPR) and inverse design logic. This is one of the first demonstrations of the use of computer aided molecular design using QSPR to discover new admixtures for concrete.&lt;br/&gt;&lt;br/&gt;Concrete is one of the major building blocks of roads and structures across the globe, and each year billions of dollars are spent replacing concrete damaged due to cracking-related issues. The admixture developed by this research team would serve to help reduce shrinkage of concrete, which is one of the main causes of concrete cracking, damage and failure. Concrete that is less prone to damage would result in less cost for repair and overall, stronger, more durable structures and roadways.</AbstractNarration>
    <MinAmdLetterDate>12/03/2013</MinAmdLetterDate>
    <MaxAmdLetterDate>12/03/2013</MaxAmdLetterDate>
    <ARRAAmount/>
    <AwardID>1400881</AwardID>
    <Investigator>
      <FirstName>Joseph</FirstName>
      <LastName>Biernacki</LastName>
      <EmailAddress>jbiernacki@tntech.edu</EmailAddress>
      <StartDate>12/03/2013</StartDate>
      <EndDate/>
      <RoleCode>Principal Investigator</RoleCode>
    </Investigator>
    <Institution>
      <Name>Tennessee Technological University</Name>
      <CityName>Cookeville</CityName>
      <ZipCode>385013405</ZipCode>
      <PhoneNumber>9313723374</PhoneNumber>
      <StreetAddress>Dixie Avenue</StreetAddress>
      <CountryName>United States</CountryName>
      <StateName>Tennessee</StateName>
      <StateCode>TN</StateCode>
    </Institution>
    <ProgramElement>
      <Code>8023</Code>
      <Text>I-Corps</Text>
    </ProgramElement>
    <ProgramReference>
      <Code>9150</Code>
      <Text>EXP PROG TO STIM COMP RES</Text>
    </ProgramReference>
  </Award>
</rootTag>
