<?xml version="1.0" encoding="UTF-8"?>

<rootTag>
  <Award>
    <AwardTitle>KUMUNUJr 2014</AwardTitle>
    <AwardEffectiveDate>03/01/2014</AwardEffectiveDate>
    <AwardExpirationDate>02/28/2015</AwardExpirationDate>
    <AwardAmount>6600</AwardAmount>
    <AwardInstrument>
      <Value>Standard Grant</Value>
    </AwardInstrument>
    <Organization>
      <Code>03040000</Code>
      <Directorate>
        <LongName>Directorate for Mathematical &amp; Physical Sciences</LongName>
      </Directorate>
      <Division>
        <LongName>Division of Mathematical Sciences</LongName>
      </Division>
    </Organization>
    <ProgramOfficer>
      <SignBlockName>Tie Luo</SignBlockName>
    </ProgramOfficer>
    <AbstractNarration>KUMUNUjr 2014 is a regional commutative algebra conference for graduate students and postdocs to be held at the University of Nebraska-Lincoln during April 26-27, 2014. The goals of the conference are to foster collaboration among young researchers in commutative algebra from Midwestern institutions, and to expose commutative algebra students and postdocs from Midwestern institutions to the current work being done in their fields at neighboring institutions. NSF funding for KUMUNUjr 2014 will support participants' travel and lodging expenses.&lt;br/&gt;&lt;br/&gt;The primary impacts of the conference will be its enrichment of the research careers of the participants and the dissemination of recent ideas in commutative algebra research at the graduate and postdoctoral level. In addition, participants will take ideas and collaborations initiated at the conference to the institutions where they eventually find careers.</AbstractNarration>
    <MinAmdLetterDate>01/10/2014</MinAmdLetterDate>
    <MaxAmdLetterDate>01/10/2014</MaxAmdLetterDate>
    <ARRAAmount/>
    <AwardID>1401145</AwardID>
    <Investigator>
      <FirstName>Michael</FirstName>
      <LastName>Brown</LastName>
      <EmailAddress>mbrown15@math.unl.edu</EmailAddress>
      <StartDate>01/10/2014</StartDate>
      <EndDate/>
      <RoleCode>Co-Principal Investigator</RoleCode>
    </Investigator>
    <Investigator>
      <FirstName>Jason</FirstName>
      <LastName>Lutz</LastName>
      <EmailAddress>jlutz3@math.unl.edu</EmailAddress>
      <StartDate>01/10/2014</StartDate>
      <EndDate/>
      <RoleCode>Co-Principal Investigator</RoleCode>
    </Investigator>
    <Investigator>
      <FirstName>Mark</FirstName>
      <LastName>Walker</LastName>
      <EmailAddress>mwalker5@math.unl.edu</EmailAddress>
      <StartDate>01/10/2014</StartDate>
      <EndDate/>
      <RoleCode>Principal Investigator</RoleCode>
    </Investigator>
    <Institution>
      <Name>University of Nebraska-Lincoln</Name>
      <CityName>LINCOLN</CityName>
      <ZipCode>685830861</ZipCode>
      <PhoneNumber>4024723171</PhoneNumber>
      <StreetAddress>2200 Vine St, 151 Whittier</StreetAddress>
      <CountryName>United States</CountryName>
      <StateName>Nebraska</StateName>
      <StateCode>NE</StateCode>
    </Institution>
    <ProgramElement>
      <Code>1264</Code>
      <Text>ALGEBRA,NUMBER THEORY,AND COM</Text>
    </ProgramElement>
    <ProgramReference>
      <Code>7556</Code>
      <Text>CONFERENCE AND WORKSHOPS</Text>
    </ProgramReference>
    <ProgramReference>
      <Code>9150</Code>
      <Text>EXP PROG TO STIM COMP RES</Text>
    </ProgramReference>
  </Award>
</rootTag>
