<?xml version="1.0" encoding="UTF-8"?>

<rootTag>
  <Award>
    <AwardTitle>Travel Support for the 12th ISBA World Meeting on Bayesian Statistics</AwardTitle>
    <AwardEffectiveDate>06/01/2014</AwardEffectiveDate>
    <AwardExpirationDate>05/31/2015</AwardExpirationDate>
    <AwardAmount>15000</AwardAmount>
    <AwardInstrument>
      <Value>Standard Grant</Value>
    </AwardInstrument>
    <Organization>
      <Code>03040000</Code>
      <Directorate>
        <LongName>Directorate for Mathematical &amp; Physical Sciences</LongName>
      </Directorate>
      <Division>
        <LongName>Division of Mathematical Sciences</LongName>
      </Division>
    </Organization>
    <ProgramOfficer>
      <SignBlockName>Gabor J. Szekely</SignBlockName>
    </ProgramOfficer>
    <AbstractNarration>This project provides travel support for the 12th World Meeting of the International Society for Bayesian Analysis (ISBA), to be held in Cancun, Mexico, July 14-18, 2014. The theme of the conference will be on theory, modeling, and applications of Bayesian statistics. It is anticipated that the conference will be attended by an international group of academics, researchers, professionals, government employees and students, from countries around the world. The main focus of this project is on funding for junior researchers that reside in the U.S. &lt;br/&gt;&lt;br/&gt;Bayesian methods provide a coherent framework that facilitates blending information from different sources and communicating findings and conclusions using probabilities. ISBA-2014 is a scholarly conference where new Bayesian statistics ideas will be exchanged. It is a truly international meeting for the dissemination of state of the art statistical methods that use the Bayesian approach. The meeting will promote the development of statistical theory and its applications to engineering and the sciences. It will provide participants with the opportunity to interact with colleagues from different countries, working in a variety of fields of application of statistical methods.</AbstractNarration>
    <MinAmdLetterDate>01/17/2014</MinAmdLetterDate>
    <MaxAmdLetterDate>01/17/2014</MaxAmdLetterDate>
    <ARRAAmount/>
    <AwardID>1401118</AwardID>
    <Investigator>
      <FirstName>Bruno</FirstName>
      <LastName>Sanso</LastName>
      <EmailAddress>bruno@ams.ucsc.edu</EmailAddress>
      <StartDate>01/17/2014</StartDate>
      <EndDate/>
      <RoleCode>Principal Investigator</RoleCode>
    </Investigator>
    <Investigator>
      <FirstName>Raquel</FirstName>
      <LastName>Prado</LastName>
      <EmailAddress>raquel@ams.ucsc.edu</EmailAddress>
      <StartDate>01/17/2014</StartDate>
      <EndDate/>
      <RoleCode>Co-Principal Investigator</RoleCode>
    </Investigator>
    <Investigator>
      <FirstName>Gabriel</FirstName>
      <LastName>Huerta</LastName>
      <EmailAddress>ghuerta@stat.unm.edu</EmailAddress>
      <StartDate>01/17/2014</StartDate>
      <EndDate/>
      <RoleCode>Co-Principal Investigator</RoleCode>
    </Investigator>
    <Institution>
      <Name>University of California-Santa Cruz</Name>
      <CityName>SANTA CRUZ</CityName>
      <ZipCode>950641077</ZipCode>
      <PhoneNumber>8314595278</PhoneNumber>
      <StreetAddress>1156 High Street</StreetAddress>
      <CountryName>United States</CountryName>
      <StateName>California</StateName>
      <StateCode>CA</StateCode>
    </Institution>
    <ProgramElement>
      <Code>1269</Code>
      <Text>STATISTICS</Text>
    </ProgramElement>
    <ProgramReference>
      <Code>7556</Code>
      <Text>CONFERENCE AND WORKSHOPS</Text>
    </ProgramReference>
  </Award>
</rootTag>
