<?xml version="1.0" encoding="UTF-8"?>

<rootTag>
  <Award>
    <AwardTitle>Nuclear Properties and Interactions from Lattice QCD</AwardTitle>
    <AwardEffectiveDate>09/01/2013</AwardEffectiveDate>
    <AwardExpirationDate>04/30/2015</AwardExpirationDate>
    <AwardAmount>64892</AwardAmount>
    <AwardInstrument>
      <Value>Continuing grant</Value>
    </AwardInstrument>
    <Organization>
      <Code>03010000</Code>
      <Directorate>
        <LongName>Directorate for Mathematical &amp; Physical Sciences</LongName>
      </Directorate>
      <Division>
        <LongName>Division of Physics</LongName>
      </Division>
    </Organization>
    <ProgramOfficer>
      <SignBlockName>Bogdan Mihaila</SignBlockName>
    </ProgramOfficer>
    <AbstractNarration>Nuclei are among the most complex systems that emerge from Quantum Chromodynamics (QCD), the fundamental theory of the strong interaction, and it is of great importance to understand their emergence quantitatively. This goal is only now beginning to be realized in practice using Lattice QCD and effective field theory methods. The focus of the proposed project is on obtaining physical predictions for basic nuclear interactions and properties with controlled uncertainties - arising primarily from extrapolation to the physical quark masses and to the continuum limit - accounted for systematically. Among the nuclear physics questions that this research project is focused on answering are: Which two- and three-baryon systems are bound and what are their binding energies? Are there three-body bound systems involving hyperons? What are the low-energy hyperon-hyperon and hyperon-nucleon phase shifts, and how will knowledge of these quantities help unravel the role of hyperons and hypernuclei in dense matter such as might occur in the core of neutron stars? &lt;br/&gt;&lt;br/&gt;This research will help provide a link between long-observed properties of atomic nuclei and the theoretical framework that is believed to provide a basis for these observations, by taking advantages of advances in computing technology and developments in theoretical physics that have only recently made this effort possible. Graduate student training forms an integral part of this project, and will provide education in theoretical physics as well as forefront computing methods.</AbstractNarration>
    <MinAmdLetterDate>12/16/2013</MinAmdLetterDate>
    <MaxAmdLetterDate>12/16/2013</MaxAmdLetterDate>
    <ARRAAmount/>
    <AwardID>1401660</AwardID>
    <Investigator>
      <FirstName>Silas</FirstName>
      <LastName>Beane</LastName>
      <EmailAddress>silas@physics.unh.edu</EmailAddress>
      <StartDate>12/16/2013</StartDate>
      <EndDate/>
      <RoleCode>Principal Investigator</RoleCode>
    </Investigator>
    <Institution>
      <Name>University of Washington</Name>
      <CityName>SEATTLE</CityName>
      <ZipCode>981959472</ZipCode>
      <PhoneNumber>2065434043</PhoneNumber>
      <StreetAddress>4333 Brooklyn Ave NE</StreetAddress>
      <CountryName>United States</CountryName>
      <StateName>Washington</StateName>
      <StateCode>WA</StateCode>
    </Institution>
    <ProgramElement>
      <Code>1285</Code>
      <Text>NUCLEAR THEORY</Text>
    </ProgramElement>
    <ProgramReference>
      <Code>9150</Code>
      <Text>EXP PROG TO STIM COMP RES</Text>
    </ProgramReference>
  </Award>
</rootTag>
