<?xml version="1.0" encoding="UTF-8"?>

<rootTag>
  <Award>
    <AwardTitle>Financial Cryptography Conference Student Awards</AwardTitle>
    <AwardEffectiveDate>12/01/2013</AwardEffectiveDate>
    <AwardExpirationDate>11/30/2014</AwardExpirationDate>
    <AwardAmount>10000</AwardAmount>
    <AwardInstrument>
      <Value>Standard Grant</Value>
    </AwardInstrument>
    <Organization>
      <Code>05050000</Code>
      <Directorate>
        <LongName>Directorate for Computer &amp; Information Science &amp; Engineering</LongName>
      </Directorate>
      <Division>
        <LongName>Division of Computer and Network Systems</LongName>
      </Division>
    </Organization>
    <ProgramOfficer>
      <SignBlockName>Jeremy Epstein</SignBlockName>
    </ProgramOfficer>
    <AbstractNarration>This grant encourages the careers of new researchers by providing travel support for student authors of accepted papers at the Financial Cryptography 2014 conference. The FC conference is prestigious, and the students' work will stand alongside some of the most impactful research in the field. FC's research agenda includes SaTC's Trustworthy Computing System Perspective and Social, Behavioral and Economic Sciences Perspective. The nature and inspiration of the field encompasses at its foundations the invention of cryptographic means to support social protocols such as contracts, exchange, and information intimacy.&lt;br/&gt;&lt;br/&gt;The effect of the proposed activity is to sustain and expand the vibrancy of Financial Cryptography research, and research of allied fields, by connecting promising young students of the field to the research community. Their presence at the Financial Cryptography conference will establish relationships that will continue for decades, and guide the young researchers' careers.</AbstractNarration>
    <MinAmdLetterDate>11/12/2013</MinAmdLetterDate>
    <MaxAmdLetterDate>11/26/2013</MaxAmdLetterDate>
    <ARRAAmount/>
    <AwardID>1401071</AwardID>
    <Investigator>
      <FirstName>Burton</FirstName>
      <LastName>Rosenberg</LastName>
      <EmailAddress>burt@cs.miami.edu</EmailAddress>
      <StartDate>11/12/2013</StartDate>
      <EndDate/>
      <RoleCode>Principal Investigator</RoleCode>
    </Investigator>
    <Investigator>
      <FirstName>Tyler</FirstName>
      <LastName>Moore</LastName>
      <EmailAddress>tylerm@smu.edu</EmailAddress>
      <StartDate>11/26/2013</StartDate>
      <EndDate/>
      <RoleCode>Co-Principal Investigator</RoleCode>
    </Investigator>
    <Institution>
      <Name>University of Miami</Name>
      <CityName>CORAL GABLES</CityName>
      <ZipCode>331462926</ZipCode>
      <PhoneNumber>3052843924</PhoneNumber>
      <StreetAddress>1320 S. Dixie Highway Suite 650</StreetAddress>
      <CountryName>United States</CountryName>
      <StateName>Florida</StateName>
      <StateCode>FL</StateCode>
    </Institution>
    <ProgramElement>
      <Code>8060</Code>
      <Text>Secure &amp;Trustworthy Cyberspace</Text>
    </ProgramElement>
    <ProgramReference>
      <Code>7434</Code>
      <Text>CNCI</Text>
    </ProgramReference>
    <ProgramReference>
      <Code>7556</Code>
      <Text>CONFERENCE AND WORKSHOPS</Text>
    </ProgramReference>
  </Award>
</rootTag>
