<?xml version="1.0" encoding="UTF-8"?>

<rootTag>
  <Award>
    <AwardTitle>Summer School in Dynamical Systems at Maryland</AwardTitle>
    <AwardEffectiveDate>06/01/2014</AwardEffectiveDate>
    <AwardExpirationDate>05/31/2015</AwardExpirationDate>
    <AwardAmount>33400</AwardAmount>
    <AwardInstrument>
      <Value>Standard Grant</Value>
    </AwardInstrument>
    <Organization>
      <Code>03040000</Code>
      <Directorate>
        <LongName>Directorate for Mathematical &amp; Physical Sciences</LongName>
      </Directorate>
      <Division>
        <LongName>Division of Mathematical Sciences</LongName>
      </Division>
    </Organization>
    <ProgramOfficer>
      <SignBlockName>Jane Hawkins</SignBlockName>
    </ProgramOfficer>
    <AbstractNarration>Abstract(Kaloshin,1402759): &lt;br/&gt;&lt;br/&gt;This award provides funding to help defray the expenses of 25 graduate students studying dynamical systems in the U.S and one of the proposed lecturers for an advanced "Summer School in Dynamical Systems at Maryland" to be held on the campus of the University of Maryland in College Park from August 18-25, 2014.&lt;br/&gt;&lt;br/&gt;There will be talks given by the PI, 2 other well-known faculty working at Maryland in dynamics, some postdoctoral fellows, and an outside research mathematician. All are established experts in the field. There will be 4 mini-courses on topics of current interest, mainly drawn from hyperbolic and Hamiltonian dynamics. This program will train 25 U.S. graduate students in some important topics and problems in dynamical systems.</AbstractNarration>
    <MinAmdLetterDate>12/27/2013</MinAmdLetterDate>
    <MaxAmdLetterDate>12/27/2013</MaxAmdLetterDate>
    <ARRAAmount/>
    <AwardID>1402759</AwardID>
    <Investigator>
      <FirstName>Vadim</FirstName>
      <LastName>Kaloshin</LastName>
      <EmailAddress>vadim.kaloshin@gmail.com</EmailAddress>
      <StartDate>12/27/2013</StartDate>
      <EndDate/>
      <RoleCode>Principal Investigator</RoleCode>
    </Investigator>
    <Institution>
      <Name>University of Maryland College Park</Name>
      <CityName>COLLEGE PARK</CityName>
      <ZipCode>207425141</ZipCode>
      <PhoneNumber>3014056269</PhoneNumber>
      <StreetAddress>3112 LEE BLDG</StreetAddress>
      <CountryName>United States</CountryName>
      <StateName>Maryland</StateName>
      <StateCode>MD</StateCode>
    </Institution>
    <ProgramElement>
      <Code>1281</Code>
      <Text>ANALYSIS PROGRAM</Text>
    </ProgramElement>
    <ProgramReference>
      <Code>7556</Code>
      <Text>CONFERENCE AND WORKSHOPS</Text>
    </ProgramReference>
  </Award>
</rootTag>
