<?xml version="1.0" encoding="UTF-8"?>

<rootTag>
  <Award>
    <AwardTitle>GOALI: A Comparative Study of Electrochemical Codeposition with In-Situ Electron Microscopy</AwardTitle>
    <AwardEffectiveDate>08/17/2013</AwardEffectiveDate>
    <AwardExpirationDate>08/31/2014</AwardExpirationDate>
    <AwardAmount>120892</AwardAmount>
    <AwardInstrument>
      <Value>Standard Grant</Value>
    </AwardInstrument>
    <Organization>
      <Code>07030000</Code>
      <Directorate>
        <LongName>Directorate for Engineering</LongName>
      </Directorate>
      <Division>
        <LongName>Division of Civil, Mechanical, and Manufacturing Innovation</LongName>
      </Division>
    </Organization>
    <ProgramOfficer>
      <SignBlockName>Alexis Lewis</SignBlockName>
    </ProgramOfficer>
    <AbstractNarration>This proposal intends to use a variety of tools, with support and collaboration from IBM, to study the nanoscale mechanics of electrochemical codeposition in real time. For the zinc-bismuth and bismuth-tellurium codeposition systems potentiostatic, galvanostatic, and pulsed control will be applied while simultaneously imaging the developing morphology of the deposited structure - in situ, within the liquid electrolyte - with good temporal resolution (30 images per second) and spatial resolution (better than 20nm). This will provide unique metrological information on the evolution of the deposit morphology at the nanoscale during electrochemical processing. This study addresses a significant gap in current understanding of codeposition processes: how morphology and stoichiometry vary under different process control regimes and electrolyte compositions.&lt;br/&gt;&lt;br/&gt;The two model codeposition systems outlined in this proposal have promise for use in energy related technologies. In electrochemical storage structures zinc anodes have long been attractive for reasons of 1) high energy density when paired with air or low-cost cathodes, 2) abundance, and 3) cost. To date secondary zinc anodes have been difficult to achieve due to a tendency toward dendritic structures. Bismuth is known to suppress hydrogen evolution in a working zinc battery and is added to increase shelf life, thus is an additive of interest to plated zinc structure. For another application, slight non-stoichiometries of bismuth telluride are the workhorse structures for thermoelectric devices, both cooling devices and electrical generators. The efficacy of the thermoelectric is determined by the relative chemistries of the complementary p and n type structures. Outside the laboratory the proposed research will serve a core topic of in-situ microscopy and seed lectures, demonstrations and online media for high school and undergraduate students.</AbstractNarration>
    <MinAmdLetterDate>11/22/2013</MinAmdLetterDate>
    <MaxAmdLetterDate>11/22/2013</MaxAmdLetterDate>
    <ARRAAmount/>
    <AwardID>1402872</AwardID>
    <Investigator>
      <FirstName>Daniel</FirstName>
      <LastName>Steingart</LastName>
      <EmailAddress>steingart@princeton.edu</EmailAddress>
      <StartDate>11/22/2013</StartDate>
      <EndDate/>
      <RoleCode>Principal Investigator</RoleCode>
    </Investigator>
    <Institution>
      <Name>Princeton University</Name>
      <CityName>Princeton</CityName>
      <ZipCode>085400036</ZipCode>
      <PhoneNumber>6092583090</PhoneNumber>
      <StreetAddress>Off. of Research &amp; Proj. Admin.</StreetAddress>
      <CountryName>United States</CountryName>
      <StateName>New Jersey</StateName>
      <StateCode>NJ</StateCode>
    </Institution>
    <ProgramElement>
      <Code>1504</Code>
      <Text>GRANT OPP FOR ACAD LIA W/INDUS</Text>
    </ProgramElement>
    <ProgramElement>
      <Code>1633</Code>
      <Text>MATERIALS AND SURFACE ENG</Text>
    </ProgramElement>
    <ProgramReference>
      <Code>024E</Code>
      <Text>MATERIALS DESIGN</Text>
    </ProgramReference>
    <ProgramReference>
      <Code>1444</Code>
      <Text>SURFACE ENGINEERING</Text>
    </ProgramReference>
    <ProgramReference>
      <Code>1504</Code>
      <Text>GRANT OPP FOR ACAD LIA W/INDUS</Text>
    </ProgramReference>
    <ProgramReference>
      <Code>9161</Code>
      <Text>SINGLE DIVISION/UNIVERSITY</Text>
    </ProgramReference>
  </Award>
</rootTag>
