<?xml version="1.0" encoding="UTF-8"?>

<rootTag>
  <Award>
    <AwardTitle>Occupational Employment Statistics Survey data purchase</AwardTitle>
    <AwardEffectiveDate>11/01/2013</AwardEffectiveDate>
    <AwardExpirationDate>11/30/2014</AwardExpirationDate>
    <AwardAmount>247000</AwardAmount>
    <AwardInstrument>
      <Value>Contract Interagency Agreement</Value>
    </AwardInstrument>
    <Organization>
      <Code>04030007</Code>
      <Directorate>
        <LongName>Directorate for Social, Behavioral &amp; Economic Sciences</LongName>
      </Directorate>
      <Division>
        <LongName>National Center for Science and Engineering Statistics.</LongName>
      </Division>
    </Organization>
    <ProgramOfficer>
      <SignBlockName>Beethika Khan</SignBlockName>
    </ProgramOfficer>
    <AbstractNarration/>
    <MinAmdLetterDate>11/25/2013</MinAmdLetterDate>
    <MaxAmdLetterDate>11/25/2013</MaxAmdLetterDate>
    <ARRAAmount/>
    <AwardID>1402617</AwardID>
    <Investigator>
      <FirstName>Laurie</FirstName>
      <LastName>Salmon</LastName>
      <EmailAddress>salmon.laurie@bls.gov</EmailAddress>
      <StartDate>11/25/2013</StartDate>
      <EndDate/>
      <RoleCode>Principal Investigator</RoleCode>
    </Investigator>
    <Institution>
      <Name>Department of Labor Bureau of Labor Statistics</Name>
      <CityName>Washington</CityName>
      <ZipCode>20212</ZipCode>
      <PhoneNumber/>
      <StreetAddress/>
      <CountryName>United States</CountryName>
      <StateName>District of Columbia</StateName>
      <StateCode>DC</StateCode>
    </Institution>
    <ProgramElement>
      <Code>8804</Code>
      <Text>SCIENCE &amp; ENGINEERNG INDICATRS</Text>
    </ProgramElement>
    <ProgramReference>
      <Code>OTHR</Code>
      <Text>OTHER RESEARCH OR EDUCATION</Text>
    </ProgramReference>
  </Award>
</rootTag>
