<?xml version="1.0" encoding="UTF-8"?>

<rootTag>
  <Award>
    <AwardTitle>EAGER: Evolving Multipurpose Biological Magnetic Nanoparticles</AwardTitle>
    <AwardEffectiveDate>03/01/2014</AwardEffectiveDate>
    <AwardExpirationDate>02/28/2015</AwardExpirationDate>
    <AwardAmount>150000</AwardAmount>
    <AwardInstrument>
      <Value>Standard Grant</Value>
    </AwardInstrument>
    <Organization>
      <Code>07020000</Code>
      <Directorate>
        <LongName>Directorate for Engineering</LongName>
      </Directorate>
      <Division>
        <LongName>Division of Chemical, Bioengineering, Environmental, and Transport Systems</LongName>
      </Division>
    </Organization>
    <ProgramOfficer>
      <SignBlockName>Alexander Revzin</SignBlockName>
    </ProgramOfficer>
    <AbstractNarration>1403984&lt;br/&gt;Di Carlo&lt;br/&gt;&lt;br/&gt;Magnetic nanoparticles have been widely used in life science research and medicine. Such particles are used for construction of biosensors, as well as for detection of important immune or cancer cells from physiological samples. Currently, magnetic particles must be synthesized through chemical processes, and proteins or other targeting components are added to particle surfaces through painstaking step-by-step processes. Nature has also developed an approach to biomineralize magnetite to create magnetic nanoparticles. Several species of ?magnetotactic? bacteria evolved to produce chains of magnetic nanoparticles in specialized compartments called magnetosomes that aid in alignment within Earth?s magnetic field. These bacteria may be ideal factories for the next-generation of low cost magnetic particles that are pre-coated with medically useful proteins. We will use microfluidic tools to apply selection pressures for directed evolution of magnetotactic bacteria with a range of magnetosome properties. We will also develop techniques to isolate magnetosomes from the selected cell populations while maintaining the commercially useful protein and lipid envelope surrounding the precipitated magnetite particles. Besides use in creating customized and potentially economical protein-coated nanoparticles for biosensing, imaging, and cell biology research, the genetic changes within our evolved strain will give unique insights into biomineralization, vesicle formation, and self-assembly processes that can be used in a variety of biological systems.</AbstractNarration>
    <MinAmdLetterDate>02/12/2014</MinAmdLetterDate>
    <MaxAmdLetterDate>02/12/2014</MaxAmdLetterDate>
    <ARRAAmount/>
    <AwardID>1403984</AwardID>
    <Investigator>
      <FirstName>Dino</FirstName>
      <LastName>Di Carlo</LastName>
      <EmailAddress>dicarlo@seas.ucla.edu</EmailAddress>
      <StartDate>02/12/2014</StartDate>
      <EndDate/>
      <RoleCode>Principal Investigator</RoleCode>
    </Investigator>
    <Institution>
      <Name>University of California-Los Angeles</Name>
      <CityName>LOS ANGELES</CityName>
      <ZipCode>900952000</ZipCode>
      <PhoneNumber>3107940102</PhoneNumber>
      <StreetAddress>11000 Kinross Avenue, Suite 211</StreetAddress>
      <CountryName>United States</CountryName>
      <StateName>California</StateName>
      <StateCode>CA</StateCode>
    </Institution>
    <ProgramElement>
      <Code>7909</Code>
      <Text>NANO-BIOSENSING</Text>
    </ProgramElement>
    <ProgramReference>
      <Code>142E</Code>
      <Text>Multi-sens probes &amp; platforms</Text>
    </ProgramReference>
    <ProgramReference>
      <Code>7916</Code>
      <Text>EAGER</Text>
    </ProgramReference>
  </Award>
</rootTag>
