<?xml version="1.0" encoding="UTF-8"?>

<rootTag>
  <Award>
    <AwardTitle>Homological Mirror Symmetry MIAMI, Jan 27- Feb 1, 2014</AwardTitle>
    <AwardEffectiveDate>01/15/2014</AwardEffectiveDate>
    <AwardExpirationDate>12/31/2014</AwardExpirationDate>
    <AwardAmount>35000</AwardAmount>
    <AwardInstrument>
      <Value>Standard Grant</Value>
    </AwardInstrument>
    <Organization>
      <Code>03040000</Code>
      <Directorate>
        <LongName>Directorate for Mathematical &amp; Physical Sciences</LongName>
      </Directorate>
      <Division>
        <LongName>Division of Mathematical Sciences</LongName>
      </Division>
    </Organization>
    <ProgramOfficer>
      <SignBlockName>Tie Luo</SignBlockName>
    </ProgramOfficer>
    <AbstractNarration>The main goals of the Conference on Homological Mirror Symmetry, to be held on January 27-February 1, 2014 at the University of Miami, will be dissemination of results and encouragement a wave of young, early career researchers to join these projects. The wide range of topics appearing in HMS research necessitates venues for the open exchanges of ideas in order for graduate students and early career researchers to stay afloat on current topics. The subject has developed extremely rapidly in recent years, and this conference will really help engage young researchers.&lt;br/&gt;&lt;br/&gt;Over the last several years, a variety of new categorical structures have been discovered by physicists. Furthermore, it has become transparently evident that the higher categorical language is beautifully suited to describing cornerstone concepts in modern theoretical physics. As we head into the second decade of the 21st century, modern geometry and theoretical physics are more intertwined than ever before. The convergence of ideas from mathematics and physics is accelerating at the same time as elementary particle physics is on the cusp of a profound revolution to be brought about by the new experimental results coming out of the Large Hadron Collider (LHC). These will serve to identify among the multitude of theoretical possibilities currently open, which ones best address quantum field theory at the high energy scale. At the same time, a lot of mathematical work remains to be done to provide a suitable framework for the new physical theories that are being proposed. The geometric objects which we investigate today are the foundations for such a framework: homological mirror symmetry is the mathematical realization of dualities among super-symmetric theories, and higher categories are the mathematical foundation for quantum field theories. These new flavors of geometry, in which categorical structures play a primordial role, will certainly continue to play a fundamental role in 21st century theoretical physics.&lt;br/&gt;&lt;br/&gt;The conference website: http://math.berkeley.edu/~auroux/miami2014.html</AbstractNarration>
    <MinAmdLetterDate>01/27/2014</MinAmdLetterDate>
    <MaxAmdLetterDate>01/27/2014</MaxAmdLetterDate>
    <ARRAAmount/>
    <AwardID>1404779</AwardID>
    <Investigator>
      <FirstName>Maxim</FirstName>
      <LastName>Kontsevich</LastName>
      <EmailAddress>maxim@ihes.fr</EmailAddress>
      <StartDate>01/27/2014</StartDate>
      <EndDate/>
      <RoleCode>Co-Principal Investigator</RoleCode>
    </Investigator>
    <Investigator>
      <FirstName>Ludmil</FirstName>
      <LastName>Katzarkov</LastName>
      <EmailAddress>lkatzark@math.uci.edu</EmailAddress>
      <StartDate>01/27/2014</StartDate>
      <EndDate/>
      <RoleCode>Principal Investigator</RoleCode>
    </Investigator>
    <Institution>
      <Name>University of Miami</Name>
      <CityName>CORAL GABLES</CityName>
      <ZipCode>331462926</ZipCode>
      <PhoneNumber>3052843924</PhoneNumber>
      <StreetAddress>1320 S. Dixie Highway Suite 650</StreetAddress>
      <CountryName>United States</CountryName>
      <StateName>Florida</StateName>
      <StateCode>FL</StateCode>
    </Institution>
    <ProgramElement>
      <Code>1264</Code>
      <Text>ALGEBRA,NUMBER THEORY,AND COM</Text>
    </ProgramElement>
    <ProgramElement>
      <Code>1265</Code>
      <Text>GEOMETRIC ANALYSIS</Text>
    </ProgramElement>
    <ProgramReference>
      <Code>7556</Code>
      <Text>CONFERENCE AND WORKSHOPS</Text>
    </ProgramReference>
  </Award>
</rootTag>
