<?xml version="1.0" encoding="UTF-8"?>

<rootTag>
  <Award>
    <AwardTitle>Program 'Turbulent Mixing and Beyond' Conference to be held in Trieste, Italy on August 21-28, 2011.</AwardTitle>
    <AwardEffectiveDate>08/01/2013</AwardEffectiveDate>
    <AwardExpirationDate>10/31/2014</AwardExpirationDate>
    <AwardAmount>15000</AwardAmount>
    <AwardInstrument>
      <Value>Standard Grant</Value>
    </AwardInstrument>
    <Organization>
      <Code>03010000</Code>
      <Directorate>
        <LongName>Directorate for Mathematical &amp; Physical Sciences</LongName>
      </Directorate>
      <Division>
        <LongName>Division of Physics</LongName>
      </Division>
    </Organization>
    <ProgramOfficer>
      <SignBlockName>Steven J Gitomer</SignBlockName>
    </ProgramOfficer>
    <AbstractNarration>This award supports the International Conference on Turbulent Mixing and Beyond. The goals of this conference are to expose the generic problem of Non-Equilibrium Turbulent Processes to a wide scientific community, to promote the development of new ideas in tackling the fundamental aspects of the problem, to assist in application of novel approaches in a broad range of phenomena, where these processes occur, and to have an impact on technology. The meeting will consist of invited lectures by international experts on a broad range of phenomena, where non-equilibrium turbulent processes occur, tutorials by leading experts on hydrodynamic instabilities in fluids and plasmas, contributed talks and poster presentations by participants, round tables and open discussions.</AbstractNarration>
    <MinAmdLetterDate>11/22/2013</MinAmdLetterDate>
    <MaxAmdLetterDate>11/22/2013</MaxAmdLetterDate>
    <ARRAAmount/>
    <AwardID>1404463</AwardID>
    <Investigator>
      <FirstName>Snezhana</FirstName>
      <LastName>Abarzhi</LastName>
      <EmailAddress>snezhana.abarzhi@gmail.com</EmailAddress>
      <StartDate>11/22/2013</StartDate>
      <EndDate/>
      <RoleCode>Principal Investigator</RoleCode>
    </Investigator>
    <Institution>
      <Name>Carnegie-Mellon University</Name>
      <CityName>PITTSBURGH</CityName>
      <ZipCode>152133815</ZipCode>
      <PhoneNumber>4122689527</PhoneNumber>
      <StreetAddress>5000 Forbes Avenue</StreetAddress>
      <CountryName>United States</CountryName>
      <StateName>Pennsylvania</StateName>
      <StateCode>PA</StateCode>
    </Institution>
    <ProgramElement>
      <Code>1217</Code>
      <Text>EXTRAGALACTIC ASTRON &amp; COSMOLO</Text>
    </ProgramElement>
    <ProgramElement>
      <Code>1242</Code>
      <Text>PLASMA PHYSICS</Text>
    </ProgramElement>
    <ProgramElement>
      <Code>1266</Code>
      <Text>APPLIED MATHEMATICS</Text>
    </ProgramElement>
    <ProgramElement>
      <Code>1415</Code>
      <Text>PARTICULATE &amp;MULTIPHASE PROCES</Text>
    </ProgramElement>
    <ProgramElement>
      <Code>9134</Code>
      <Text>PHYSICS EDUC &amp; INTERDISCIP RES</Text>
    </ProgramElement>
    <ProgramReference>
      <Code>056E</Code>
      <Text>Multiphase flow</Text>
    </ProgramReference>
    <ProgramReference>
      <Code>1062</Code>
      <Text>BASIC PLASMA SCIENCE &amp; ENGINEERING</Text>
    </ProgramReference>
    <ProgramReference>
      <Code>1207</Code>
      <Text>OBSERVATIONAL ASTRONOMY</Text>
    </ProgramReference>
    <ProgramReference>
      <Code>1217</Code>
      <Text>EXTRAGALACTIC ASTRON &amp; COSMOLO</Text>
    </ProgramReference>
    <ProgramReference>
      <Code>1266</Code>
      <Text>APPLIED MATHEMATICS</Text>
    </ProgramReference>
    <ProgramReference>
      <Code>1415</Code>
      <Text>PARTICULATE &amp;MULTIPHASE PROCES</Text>
    </ProgramReference>
    <ProgramReference>
      <Code>7556</Code>
      <Text>CONFERENCE AND WORKSHOPS</Text>
    </ProgramReference>
  </Award>
</rootTag>
