<?xml version="1.0" encoding="UTF-8"?>

<rootTag>
  <Award>
    <AwardTitle>Healing and Reprocessing of Epoxy with Dynamic Covalent Bonds and Composites</AwardTitle>
    <AwardEffectiveDate>09/01/2013</AwardEffectiveDate>
    <AwardExpirationDate>08/31/2016</AwardExpirationDate>
    <AwardAmount>362771</AwardAmount>
    <AwardInstrument>
      <Value>Standard Grant</Value>
    </AwardInstrument>
    <Organization>
      <Code>07030004</Code>
      <Directorate>
        <LongName>Directorate for Engineering</LongName>
      </Directorate>
      <Division>
        <LongName>Division of Civil, Mechanical, and Manufacturing Innovation</LongName>
      </Division>
    </Organization>
    <ProgramOfficer>
      <SignBlockName>Mary M. Toney</SignBlockName>
    </ProgramOfficer>
    <AbstractNarration>This grant provides funding for the study of the relationship between processing conditions and the healing and reprocessing of polymers and polymer composites containing dynamic covalent bonds. A significant feature of these polymers is that the backbone of the macromolecular chain can break and reconnect through bond exchange reactions. While such dynamic covalent reactions do not change the overall topology and properties of the polymer network, macroscopically they result in stress relaxation and material welding. The proposed work will examine the bond exchange reaction kinetics and welding kinetics and their dependence on processing conditions. Epoxy samples containing dynamic covalent bonds will be prepared in the lab and tested under different thermo-mechanical loading conditions to understand the effects of temperature on the bond exchange reaction kinetics. These samples will be broken then joined together under different thermo-mechanical loading conditions. Special dyes will be incorporated into polymer samples to facilitate monitoring the bond breaking and reforming process, as well as the migration of species due to bond exchange reactions. From these experiments, the relationships between bond exchange reaction kinetics, welding kinetics, and processing conditions will be established. The re-processibility of the dynamic covalent bond epoxy and its composites will also be investigated.&lt;br/&gt;&lt;br/&gt;If successful, the results from this work will lead to the development of new ?green? epoxy and composites that can be reshaped and recycled. The primary goal of this research is to establish fundamental principles for bond exchange reaction kinetics and welding kinetics. These principles may include how processing parameters, such as temperature, hold time, applied pressure, and surface roughness, can affect reshaping, welding, and re-processibility of the epoxy. Determining these processing parameters will enable robust processing and recycling of the epoxy, reduction in processing cost, and improvement on product quality. The established principles can also be used for polymers containing other types of dynamic covalent bonds.</AbstractNarration>
    <MinAmdLetterDate>11/25/2013</MinAmdLetterDate>
    <MaxAmdLetterDate>11/25/2013</MaxAmdLetterDate>
    <ARRAAmount/>
    <AwardID>1404627</AwardID>
    <Investigator>
      <FirstName>Hang (Jerry)</FirstName>
      <LastName>Qi</LastName>
      <EmailAddress>qih@me.gatech.edu</EmailAddress>
      <StartDate>11/25/2013</StartDate>
      <EndDate/>
      <RoleCode>Principal Investigator</RoleCode>
    </Investigator>
    <Institution>
      <Name>Georgia Tech Research Corporation</Name>
      <CityName>Atlanta</CityName>
      <ZipCode>303320420</ZipCode>
      <PhoneNumber>4048944819</PhoneNumber>
      <StreetAddress>Office of Sponsored Programs</StreetAddress>
      <CountryName>United States</CountryName>
      <StateName>Georgia</StateName>
      <StateCode>GA</StateCode>
    </Institution>
    <ProgramElement>
      <Code>1467</Code>
      <Text>MATERIALS PROCESSING AND MANFG</Text>
    </ProgramElement>
    <ProgramReference>
      <Code>024E</Code>
      <Text>MATERIALS DESIGN</Text>
    </ProgramReference>
    <ProgramReference>
      <Code>080E</Code>
      <Text>DEFORMATION PROCESSES</Text>
    </ProgramReference>
    <ProgramReference>
      <Code>083E</Code>
      <Text>MATERIAL TRANSFORMATION PROC</Text>
    </ProgramReference>
    <ProgramReference>
      <Code>8025</Code>
      <Text>Advanced Materials Processing</Text>
    </ProgramReference>
    <ProgramReference>
      <Code>9146</Code>
      <Text>MANUFACTURING BASE RESEARCH</Text>
    </ProgramReference>
    <ProgramReference>
      <Code>MANU</Code>
      <Text>MANUFACTURING</Text>
    </ProgramReference>
  </Award>
</rootTag>
