<?xml version="1.0" encoding="UTF-8"?>

<rootTag>
  <Award>
    <AwardTitle>p-adic Variation and Number Theory, June 2014</AwardTitle>
    <AwardEffectiveDate>04/01/2014</AwardEffectiveDate>
    <AwardExpirationDate>03/31/2015</AwardExpirationDate>
    <AwardAmount>49560</AwardAmount>
    <AwardInstrument>
      <Value>Standard Grant</Value>
    </AwardInstrument>
    <Organization>
      <Code>03040000</Code>
      <Directorate>
        <LongName>Directorate for Mathematical &amp; Physical Sciences</LongName>
      </Directorate>
      <Division>
        <LongName>Division of Mathematical Sciences</LongName>
      </Division>
    </Organization>
    <ProgramOfficer>
      <SignBlockName>Tie Luo</SignBlockName>
    </ProgramOfficer>
    <AbstractNarration>From June 2 through June 6, 2014, Boston University will host an international conference entitled "p-adic Variation in Number Theory." The conference will focus on the notion that automorphic forms vary in p-adic families and the multitude of applications resulting from this variation. Over the last decade, there has been enormous progress in Iwasawa theory and the study of Galois representations fueled by advances in the p-adic variation of automorphic forms (e.g. the proofs of the Main Conjecture of modular forms and the Fontaine-Mazur conjecture along with recent developments in attaching Galois representations to automorphic forms).&lt;br/&gt;&lt;br/&gt;In this conference, experts will lecture on the most recent developments and applications relating to p-adic variation to bring the participants of the conference up to date in this quickly evolving field. Many young researchers will participate. Some of the conference's lectures will be delivered by recent PhDs. In addition, funding will be provided to over 50 graduate students and recent PhDs in total, to be selected through an application process. Special attention will be given to any applications received from under-represented groups.&lt;br/&gt;&lt;br/&gt;Conference website: math.bu.edu/Glennfest/Glennfest.html</AbstractNarration>
    <MinAmdLetterDate>03/07/2014</MinAmdLetterDate>
    <MaxAmdLetterDate>03/07/2014</MaxAmdLetterDate>
    <ARRAAmount/>
    <AwardID>1404999</AwardID>
    <Investigator>
      <FirstName>Robert</FirstName>
      <LastName>Pollack</LastName>
      <EmailAddress>rpollack@math.bu.edu</EmailAddress>
      <StartDate>03/07/2014</StartDate>
      <EndDate/>
      <RoleCode>Co-Principal Investigator</RoleCode>
    </Investigator>
    <Investigator>
      <FirstName>Jared</FirstName>
      <LastName>Weinstein</LastName>
      <EmailAddress>jsweinst@math.bu.edu</EmailAddress>
      <StartDate>03/07/2014</StartDate>
      <EndDate/>
      <RoleCode>Principal Investigator</RoleCode>
    </Investigator>
    <Institution>
      <Name>Trustees of Boston University</Name>
      <CityName>BOSTON</CityName>
      <ZipCode>022151300</ZipCode>
      <PhoneNumber>6173534365</PhoneNumber>
      <StreetAddress>881 COMMONWEALTH AVE</StreetAddress>
      <CountryName>United States</CountryName>
      <StateName>Massachusetts</StateName>
      <StateCode>MA</StateCode>
    </Institution>
    <ProgramElement>
      <Code>1264</Code>
      <Text>ALGEBRA,NUMBER THEORY,AND COM</Text>
    </ProgramElement>
    <ProgramReference>
      <Code>7556</Code>
      <Text>CONFERENCE AND WORKSHOPS</Text>
    </ProgramReference>
  </Award>
</rootTag>
