<?xml version="1.0" encoding="UTF-8"?>

<rootTag>
  <Award>
    <AwardTitle>3D Near Field e-Writing with Submicron Resolution</AwardTitle>
    <AwardEffectiveDate>06/01/2014</AwardEffectiveDate>
    <AwardExpirationDate>05/31/2016</AwardExpirationDate>
    <AwardAmount>300000</AwardAmount>
    <AwardInstrument>
      <Value>Standard Grant</Value>
    </AwardInstrument>
    <Organization>
      <Code>07030004</Code>
      <Directorate>
        <LongName>Directorate for Engineering</LongName>
      </Directorate>
      <Division>
        <LongName>Division of Civil, Mechanical, and Manufacturing Innovation</LongName>
      </Division>
    </Organization>
    <ProgramOfficer>
      <SignBlockName>Zhijian Pei</SignBlockName>
    </ProgramOfficer>
    <AbstractNarration>This award supports fundamental research to advance capabilities of the Near Field Electro-Writing process towards three-dimensional hierarchical structures with sub-micron resolution through innovation in spatial control of the jet. The working principal of this electro-writing process is based on near-field electrospinning process, in which a continuous polymer fiber is electrostatically jetted from solution or melt to a collector in close proximity. Unique to this new process, a piezo-actuated auxiliary electrode will be added near the spinneret to focus and precisely manipulate the jet; conductivity of polymer inks will be monitored; and instability analysis and fiber diameter modeling will be conducted to unlock the fundamentals of this new process. The three PIs will combine their expertise in device engineering, machine dynamics, materials chemistry and processing, mechanics, and instability analysis to analyze the fundamental process mechanics. &lt;br/&gt;&lt;br/&gt;The new process could create complex hierarchical structures with unprecedented accuracy that will benefit many applications in biomedical, micro-electronics, and energy fields. The knowledge obtained from the modeling work will add to the understanding of the physics of sub-micron fiber generation/evolution, its interaction with receiving base and its manipulation and control through external electric fields. Both graduate and undergraduate students will be trained through research and education activities to become the next generation work force implementing the new tools and capabilities in industry. Electrospinning techniques will be introduced to undergraduate courses as a platform to support student-driven innovations for course projects, which can be spun off to undergraduate research. Results will be disseminated to the community through publications and public lectures.</AbstractNarration>
    <MinAmdLetterDate>03/12/2014</MinAmdLetterDate>
    <MaxAmdLetterDate>03/12/2014</MaxAmdLetterDate>
    <ARRAAmount/>
    <AwardID>1404489</AwardID>
    <Investigator>
      <FirstName>Jian</FirstName>
      <LastName>Cao</LastName>
      <EmailAddress>jcao@northwestern.edu</EmailAddress>
      <StartDate>03/12/2014</StartDate>
      <EndDate/>
      <RoleCode>Principal Investigator</RoleCode>
    </Investigator>
    <Investigator>
      <FirstName>Kornel</FirstName>
      <LastName>Ehmann</LastName>
      <EmailAddress>k-ehmann@northwestern.edu</EmailAddress>
      <StartDate>03/12/2014</StartDate>
      <EndDate/>
      <RoleCode>Co-Principal Investigator</RoleCode>
    </Investigator>
    <Investigator>
      <FirstName>Jiaxing</FirstName>
      <LastName>Huang</LastName>
      <EmailAddress>jiaxing-huang@northwestern.edu</EmailAddress>
      <StartDate>03/12/2014</StartDate>
      <EndDate/>
      <RoleCode>Co-Principal Investigator</RoleCode>
    </Investigator>
    <Institution>
      <Name>Northwestern University</Name>
      <CityName>Evanston</CityName>
      <ZipCode>602013149</ZipCode>
      <PhoneNumber>8474913003</PhoneNumber>
      <StreetAddress>1801 Maple Ave.</StreetAddress>
      <CountryName>United States</CountryName>
      <StateName>Illinois</StateName>
      <StateCode>IL</StateCode>
    </Institution>
    <ProgramElement>
      <Code>1468</Code>
      <Text>Manufacturing Machines &amp; Equip</Text>
    </ProgramElement>
    <ProgramReference>
      <Code>082E</Code>
      <Text>MFG MACHINES &amp; METROLOGY</Text>
    </ProgramReference>
    <ProgramReference>
      <Code>083E</Code>
      <Text>MATERIAL TRANSFORMATION PROC</Text>
    </ProgramReference>
    <ProgramReference>
      <Code>9102</Code>
      <Text>WOMEN, MINORITY, DISABLED, NEC</Text>
    </ProgramReference>
    <ProgramReference>
      <Code>9146</Code>
      <Text>MANUFACTURING BASE RESEARCH</Text>
    </ProgramReference>
    <ProgramReference>
      <Code>MANU</Code>
      <Text>MANUFACTURING</Text>
    </ProgramReference>
  </Award>
</rootTag>
