<?xml version="1.0" encoding="UTF-8"?>

<rootTag>
  <Award>
    <AwardTitle>Collaborative Research: Investigation of Vibratory Cutting Mechanics with Novel Compliant Needle Geometry for Precision Needle Positioning Machine</AwardTitle>
    <AwardEffectiveDate>06/01/2014</AwardEffectiveDate>
    <AwardExpirationDate>05/31/2017</AwardExpirationDate>
    <AwardAmount>149774</AwardAmount>
    <AwardInstrument>
      <Value>Standard Grant</Value>
    </AwardInstrument>
    <Organization>
      <Code>07030004</Code>
      <Directorate>
        <LongName>Directorate for Engineering</LongName>
      </Directorate>
      <Division>
        <LongName>Division of Civil, Mechanical, and Manufacturing Innovation</LongName>
      </Division>
    </Organization>
    <ProgramOfficer>
      <SignBlockName>Zhijian Pei</SignBlockName>
    </ProgramOfficer>
    <AbstractNarration>This collaborative research award supports fundamental research on vibratory tissue cutting mechanics to improve needle insertion placement accuracy inside the body for cancer treatment and other medical procedures. This research will determine how vibrational tissue cutting force is related to vibrational parameters and needle cutting edge geometry with both fixed geometry and utilizing the novel concept of compliant tool geometry. Vibratory tissue cutting mechanics will be investigated with a precision needle positioning machine that vibrates needles of varying compliant needle tip geometries. This research will also investigate how laser micro machining and multi-axis wire electrical discharge machining can be employed to produce small scale intricate needle tip geometries. &lt;br/&gt;&lt;br/&gt;Results will provide knowledge of vibratory tissue cutting mechanics and novel microfabrication techniques. Knowledge of vibratory tissue cutting will bring about the development of innovative minimally invasive medical instrument designs that improve procedure efficacy, reduce patient trauma, and reduce medical cost. Microfabrication knowledge gained will lead to new laser-based micro manufacturing and multi-axis electrical discharge machining techniques. These fabrication techniques will enable the future development of microstructured medical devices that have a larger range of sizes, shapes and materials than conventional microfabrication techniques can produce. This collaborative research project between Pennsylvania State University and North Carolina State University will also positively impact engineering education at these universities and enhance cross-disciplinary research collaboration.</AbstractNarration>
    <MinAmdLetterDate>02/04/2014</MinAmdLetterDate>
    <MaxAmdLetterDate>02/04/2014</MaxAmdLetterDate>
    <ARRAAmount/>
    <AwardID>1404916</AwardID>
    <Investigator>
      <FirstName>Jason</FirstName>
      <LastName>Moore</LastName>
      <EmailAddress>jzm14@psu.edu</EmailAddress>
      <StartDate>02/04/2014</StartDate>
      <EndDate/>
      <RoleCode>Principal Investigator</RoleCode>
    </Investigator>
    <Institution>
      <Name>Pennsylvania State Univ University Park</Name>
      <CityName>UNIVERSITY PARK</CityName>
      <ZipCode>168027000</ZipCode>
      <PhoneNumber>8148651372</PhoneNumber>
      <StreetAddress>110 Technology Center Building</StreetAddress>
      <CountryName>United States</CountryName>
      <StateName>Pennsylvania</StateName>
      <StateCode>PA</StateCode>
    </Institution>
    <ProgramElement>
      <Code>1468</Code>
      <Text>Manufacturing Machines &amp; Equip</Text>
    </ProgramElement>
    <ProgramReference>
      <Code>082E</Code>
      <Text>MFG MACHINES &amp; METROLOGY</Text>
    </ProgramReference>
    <ProgramReference>
      <Code>083E</Code>
      <Text>MATERIAL TRANSFORMATION PROC</Text>
    </ProgramReference>
    <ProgramReference>
      <Code>9146</Code>
      <Text>MANUFACTURING BASE RESEARCH</Text>
    </ProgramReference>
    <ProgramReference>
      <Code>MANU</Code>
      <Text>MANUFACTURING</Text>
    </ProgramReference>
  </Award>
</rootTag>
