<?xml version="1.0" encoding="UTF-8"?>

<rootTag>
  <Award>
    <AwardTitle>DMREF/Collaborative Research: Laminated Elastomeric Composites with Anisotropic Shape Memory</AwardTitle>
    <AwardEffectiveDate>09/01/2013</AwardEffectiveDate>
    <AwardExpirationDate>08/31/2016</AwardExpirationDate>
    <AwardAmount>241234</AwardAmount>
    <AwardInstrument>
      <Value>Standard Grant</Value>
    </AwardInstrument>
    <Organization>
      <Code>07030000</Code>
      <Directorate>
        <LongName>Directorate for Engineering</LongName>
      </Directorate>
      <Division>
        <LongName>Division of Civil, Mechanical, and Manufacturing Innovation</LongName>
      </Division>
    </Organization>
    <ProgramOfficer>
      <SignBlockName>Alexis Lewis</SignBlockName>
    </ProgramOfficer>
    <AbstractNarration>This Designing Materials to Revolutionize and Engineer our Future (DMREF) grant provides funding for the development of a robust manufacturing approach for a novel group of active polymers, anisotropic shape memory elastomeric composites (ASMEC) and laminates, by the guidance of advanced theoretical and computational modeling. This approach involves manufacturing of ASMEC and laminates by embedding a crystallizable thermoplastic fiber network into an elastomeric matrix with a preferred orientation. The melting and crystallization of the co-continuous fiber phase provides mechanical switching, enabling active behavior such as shape memory. The structure-function relationship of the ASMEC will be investigated using a computational micromechanics approach. Such a relationship will be used to establish robust design and manufacturing processes for ASMEC. The ASMECs will then be assembled into elastomeric laminates and their characterization data will be used to validate the computational and theoretical models which will in turn be used to guide the design of future ASMECs. Theoretical studies and material developments will be conducted simultaneously and in an iterative manner, with computation and theory guiding experiments, experiments informing theory and computation, with possible discoveries emerging across all approaches.&lt;br/&gt;&lt;br/&gt;If successful, the results from this work will lead to the establishment of a new paradigm for the construction of a wide range of active polymers, along with new insights into the mechanics of composite materials. The primary goal of this work is to establish a relationship between the active behavior of ASMEC and its microscopic structural parameters, such as fiber orientation, fiber phase behavior, and volume fraction. The development of ASMEC represents a new approach to the development of active polymers, quite distinct from the conventional approach of using highly specialized chemistry. Instead, active polymers are manufactured using a plug-and-play process where two conventional polymers are combined to form new active materials/composites. The manufacturing approach for ASMEC will be highly scalable so that it can be readily commercialized for large scale production at a low cost. The proposed theoretical development will also advance current understanding on how polymer crystallization can be used as a ?switching phase? for active behavior and the current knowledge on mechanics of composite materials.</AbstractNarration>
    <MinAmdLetterDate>11/26/2013</MinAmdLetterDate>
    <MaxAmdLetterDate>11/26/2013</MaxAmdLetterDate>
    <ARRAAmount/>
    <AwardID>1404621</AwardID>
    <Investigator>
      <FirstName>Hang (Jerry)</FirstName>
      <LastName>Qi</LastName>
      <EmailAddress>qih@me.gatech.edu</EmailAddress>
      <StartDate>11/26/2013</StartDate>
      <EndDate/>
      <RoleCode>Principal Investigator</RoleCode>
    </Investigator>
    <Institution>
      <Name>Georgia Tech Research Corporation</Name>
      <CityName>Atlanta</CityName>
      <ZipCode>303320420</ZipCode>
      <PhoneNumber>4048944819</PhoneNumber>
      <StreetAddress>Office of Sponsored Programs</StreetAddress>
      <CountryName>United States</CountryName>
      <StateName>Georgia</StateName>
      <StateCode>GA</StateCode>
    </Institution>
    <ProgramElement>
      <Code>8292</Code>
      <Text>DMREF</Text>
    </ProgramElement>
    <ProgramReference>
      <Code>080E</Code>
      <Text>DEFORMATION PROCESSES</Text>
    </ProgramReference>
    <ProgramReference>
      <Code>083E</Code>
      <Text>MATERIAL TRANSFORMATION PROC</Text>
    </ProgramReference>
    <ProgramReference>
      <Code>8025</Code>
      <Text>Advanced Materials Processing</Text>
    </ProgramReference>
  </Award>
</rootTag>
