<?xml version="1.0" encoding="UTF-8"?>

<rootTag>
  <Award>
    <AwardTitle>Laser-based Fabrication of Metal Nanocomposite on Flexible Substrate for Flexible Electronics with Enhanced Durability</AwardTitle>
    <AwardEffectiveDate>09/01/2014</AwardEffectiveDate>
    <AwardExpirationDate>08/31/2017</AwardExpirationDate>
    <AwardAmount>298434</AwardAmount>
    <AwardInstrument>
      <Value>Standard Grant</Value>
    </AwardInstrument>
    <Organization>
      <Code>07030004</Code>
      <Directorate>
        <LongName>Directorate for Engineering</LongName>
      </Directorate>
      <Division>
        <LongName>Division of Civil, Mechanical, and Manufacturing Innovation</LongName>
      </Division>
    </Organization>
    <ProgramOfficer>
      <SignBlockName>Zhijian Pei</SignBlockName>
    </ProgramOfficer>
    <AbstractNarration>This award supports a study on a laser-based fabrication process to fabricate metal nanocomposites onto flexible substrates. The research objective is to fundamentally understand laser-material interactions and materials' responses during the laser-based metal nanocomposite fabrication process, and mechanical and electrical properties of the fabricated metal nanocomposites. The goal is to establish the metal nanocomposite (fabricated through the laser-based process) processing-structure-property relations. Research work to be performed includes time-resolved measurements on the metal nanocomposite fabrication process, physics-based modeling, characterization of fabricated metal nanocomposite structures through scanning electron microscopy and other techniques, and measurements of the metal nanocomposites' mechanical and electrical properties. &lt;br/&gt;&lt;br/&gt;The research is expected to provide an improved understanding of laser-material interactions and materials' responses during the laser-based metal nanocomposite fabrication process onto flexible substrates, and the metal nanocomposites' mechanical and electrical properties. It is expected that with suitable manufacturing process conditions, the nanocomposites may potentially enhance the durability and reliability of metallic components of flexible electronics, which may potentially have a broad impact on many applications of flexible electronics. This research on laser-based fabrication of metal nanocomposites provides a good opportunity for graduate student training, and some materials relevant to this research will be included in a graduate-level class taught by the principal investigator. It is expected that research results will be disseminated through approaches such as research papers.</AbstractNarration>
    <MinAmdLetterDate>02/06/2014</MinAmdLetterDate>
    <MaxAmdLetterDate>02/06/2014</MaxAmdLetterDate>
    <ARRAAmount/>
    <AwardID>1405497</AwardID>
    <Investigator>
      <FirstName>Benxin</FirstName>
      <LastName>Wu</LastName>
      <EmailAddress>bwu11@iit.edu</EmailAddress>
      <StartDate>02/06/2014</StartDate>
      <EndDate/>
      <RoleCode>Principal Investigator</RoleCode>
    </Investigator>
    <Institution>
      <Name>Illinois Institute of Technology</Name>
      <CityName>Chicago</CityName>
      <ZipCode>606163732</ZipCode>
      <PhoneNumber>3125673035</PhoneNumber>
      <StreetAddress>3300 South Federal Street</StreetAddress>
      <CountryName>United States</CountryName>
      <StateName>Illinois</StateName>
      <StateCode>IL</StateCode>
    </Institution>
    <ProgramElement>
      <Code>1468</Code>
      <Text>Manufacturing Machines &amp; Equip</Text>
    </ProgramElement>
    <ProgramReference>
      <Code>024E</Code>
      <Text>MATERIALS DESIGN</Text>
    </ProgramReference>
    <ProgramReference>
      <Code>036E</Code>
      <Text>CIVIL INFRASTRUCTURE</Text>
    </ProgramReference>
    <ProgramReference>
      <Code>082E</Code>
      <Text>MFG MACHINES &amp; METROLOGY</Text>
    </ProgramReference>
    <ProgramReference>
      <Code>083E</Code>
      <Text>MATERIAL TRANSFORMATION PROC</Text>
    </ProgramReference>
    <ProgramReference>
      <Code>1444</Code>
      <Text>SURFACE ENGINEERING</Text>
    </ProgramReference>
    <ProgramReference>
      <Code>8021</Code>
      <Text>Materials Engineering</Text>
    </ProgramReference>
    <ProgramReference>
      <Code>8022</Code>
      <Text>Sustainable Infrastructure Materials</Text>
    </ProgramReference>
    <ProgramReference>
      <Code>8025</Code>
      <Text>Advanced Materials Processing</Text>
    </ProgramReference>
  </Award>
</rootTag>
