<?xml version="1.0" encoding="UTF-8"?>

<rootTag>
  <Award>
    <AwardTitle>NeTS: JUNO: Collaborative Research: ACTION: Applications Coordinating with Transport, IP, and Optical Networks</AwardTitle>
    <AwardEffectiveDate>02/01/2014</AwardEffectiveDate>
    <AwardExpirationDate>01/31/2017</AwardExpirationDate>
    <AwardAmount>150000</AwardAmount>
    <AwardInstrument>
      <Value>Standard Grant</Value>
    </AwardInstrument>
    <Organization>
      <Code>05050000</Code>
      <Directorate>
        <LongName>Directorate for Computer &amp; Information Science &amp; Engineering</LongName>
      </Directorate>
      <Division>
        <LongName>Division of Computer and Network Systems</LongName>
      </Division>
    </Organization>
    <ProgramOfficer>
      <SignBlockName>Joseph Lyles</SignBlockName>
    </ProgramOfficer>
    <AbstractNarration>Today's Internet is significantly over-provisioned for a number of reasons, e.g., to absorb traffic bursts, to handle the extra (rerouted) load when failures occur, and for long-term traffic growth without frequent upgrades in the field. This overprovisioning adds significant capital costs to the Internet.&lt;br/&gt;&lt;br/&gt;The ACTION project enables adaptation of the Internet to changing needs and demands by dynamically adjusting its "optical highway" capacities based on network resource utilization. The project name ACTION stands for "Applications Coordinate through Transport Interfaces with Optical Networks," implying that the capacity of the Internet optical highways is a time-adjustable commodity, which can be intelligently controlled by the applications via specially designed interfaces. For example, part of the optical spectrum can be freed on highways with low traffic volume and either reassigned to other highways where needed or switched off to conserve energy. Such flexible highways are achieved by combining WDM (Wavelength Division Multiplexing) Flexible Grid technology in the metro-core with DSCM (Digital Subcarrier Multiplexing) technology in the campus/access. The ACTION research activities will culminate in a final demonstration on the Japan Gigabit Network-extreme (JGN-X) test-bed.&lt;br/&gt;&lt;br/&gt;The ACTION project will actively engage undergraduate students in Senior Thesis and Design Projects, recruit women and under-represented minorities by leveraging the UVA Center for Diversity in Engineering and the UTDallas long-standing relationship with CONACYT (National Council for Science and Technology of Mexico). Findings, documents, links to publications and software will be disseminated through a wiki-based Web site. All instructional materials developed will be made available at TeachEngineering.com.</AbstractNarration>
    <MinAmdLetterDate>01/30/2014</MinAmdLetterDate>
    <MaxAmdLetterDate>01/30/2014</MaxAmdLetterDate>
    <ARRAAmount/>
    <AwardID>1405405</AwardID>
    <Investigator>
      <FirstName>Miguel</FirstName>
      <LastName>Razo</LastName>
      <EmailAddress>mrazo@utdallas.edu</EmailAddress>
      <StartDate>01/30/2014</StartDate>
      <EndDate/>
      <RoleCode>Co-Principal Investigator</RoleCode>
    </Investigator>
    <Investigator>
      <FirstName>Marco</FirstName>
      <LastName>Tacca</LastName>
      <EmailAddress>mtacca@utdallas.edu</EmailAddress>
      <StartDate>01/30/2014</StartDate>
      <EndDate/>
      <RoleCode>Co-Principal Investigator</RoleCode>
    </Investigator>
    <Investigator>
      <FirstName>Andrea</FirstName>
      <LastName>Fumagalli</LastName>
      <EmailAddress>andreaf@utdallas.edu</EmailAddress>
      <StartDate>01/30/2014</StartDate>
      <EndDate/>
      <RoleCode>Principal Investigator</RoleCode>
    </Investigator>
    <Institution>
      <Name>University of Texas at Dallas</Name>
      <CityName>Richardson</CityName>
      <ZipCode>750803021</ZipCode>
      <PhoneNumber>9728832313</PhoneNumber>
      <StreetAddress>800 W. Campbell Rd.</StreetAddress>
      <CountryName>United States</CountryName>
      <StateName>Texas</StateName>
      <StateCode>TX</StateCode>
    </Institution>
    <ProgramElement>
      <Code>1714</Code>
      <Text>SPECIAL PROJECTS - CISE</Text>
    </ProgramElement>
    <ProgramReference>
      <Code>7071</Code>
      <Text>JUNO</Text>
    </ProgramReference>
  </Award>
</rootTag>
