<?xml version="1.0" encoding="UTF-8"?>

<rootTag>
  <Award>
    <AwardTitle>Collaborative Research: IODP Expedition 336 Objective Research: The deep biosphere of young and oxic oceanic crust</AwardTitle>
    <AwardEffectiveDate>06/01/2013</AwardEffectiveDate>
    <AwardExpirationDate>07/31/2014</AwardExpirationDate>
    <AwardAmount>157008</AwardAmount>
    <AwardInstrument>
      <Value>Standard Grant</Value>
    </AwardInstrument>
    <Organization>
      <Code>06040204</Code>
      <Directorate>
        <LongName>Directorate for Geosciences</LongName>
      </Directorate>
      <Division>
        <LongName>Division of Ocean Sciences</LongName>
      </Division>
    </Organization>
    <ProgramOfficer>
      <SignBlockName>Bilal U. Haq</SignBlockName>
    </ProgramOfficer>
    <AbstractNarration>The proposal addresses a fundamental aim of the ocean drilling program, namely to help characterize one of the largest and least studied ecosystems on Earth, the deep biosphere of the igneous crust buried below the ocean floor. The principal scientific objective of IODP expedition 336 is, in particular, to investigate the microbial population in basaltic crust from the North Pond area near the Mid-Atlantic Ridge. The study samples are weathered and porous basalts taken from beneath ~100 m of sediment in the North Pond area. The study proposes to determine both the diversity of the microbe population (using DNA) and its metabolic activity (using RNA). The PI?s will investigate the relationship between microbes in the basement and those in the water column and determine which metabolic pathways are used by the deep basement microbes. The study will also provide baseline data for the long-term biological observatories installed in the sub-seafloor basement during expedition 336. &lt;br/&gt;Understanding deep biosphere life is a major thrust of the new IODP science plan and has implications for understanding the limits of life. The NSF-funded C-DEBI (Center for Dark Energy Biosphere Investigations) program and Deep Earth Academy promote K-12 education and communicate the results of deep biosphere studies to broad technical and popular audience. An undergraduate student will be involved in the research.</AbstractNarration>
    <MinAmdLetterDate>11/15/2013</MinAmdLetterDate>
    <MaxAmdLetterDate>11/15/2013</MaxAmdLetterDate>
    <ARRAAmount/>
    <AwardID>1405237</AwardID>
    <Investigator>
      <FirstName>Heath</FirstName>
      <LastName>Mills</LastName>
      <EmailAddress>millsh@uhcl.edu</EmailAddress>
      <StartDate>11/15/2013</StartDate>
      <EndDate/>
      <RoleCode>Principal Investigator</RoleCode>
    </Investigator>
    <Institution>
      <Name>University of Houston - Clear Lake</Name>
      <CityName>Houston</CityName>
      <ZipCode>770581098</ZipCode>
      <PhoneNumber>2812833016</PhoneNumber>
      <StreetAddress>2700 Bay Area Boulevard</StreetAddress>
      <CountryName>United States</CountryName>
      <StateName>Texas</StateName>
      <StateCode>TX</StateCode>
    </Institution>
    <ProgramElement>
      <Code>5720</Code>
      <Text>OCEAN DRILLING PROGRAM</Text>
    </ProgramElement>
    <ProgramReference>
      <Code>0000</Code>
      <Text>UNASSIGNED</Text>
    </ProgramReference>
    <ProgramReference>
      <Code>5720</Code>
      <Text>OCEAN DRILLING PROGRAM</Text>
    </ProgramReference>
    <ProgramReference>
      <Code>OTHR</Code>
      <Text>OTHER RESEARCH OR EDUCATION</Text>
    </ProgramReference>
  </Award>
</rootTag>
