<?xml version="1.0" encoding="UTF-8"?>

<rootTag>
  <Award>
    <AwardTitle>Partnership for Research and Education in Materials (PREM) Diversity Workshop</AwardTitle>
    <AwardEffectiveDate>12/15/2013</AwardEffectiveDate>
    <AwardExpirationDate>05/31/2014</AwardExpirationDate>
    <AwardAmount>7000</AwardAmount>
    <AwardInstrument>
      <Value>Standard Grant</Value>
    </AwardInstrument>
    <Organization>
      <Code>03070000</Code>
      <Directorate>
        <LongName>Directorate for Mathematical &amp; Physical Sciences</LongName>
      </Directorate>
      <Division>
        <LongName>Division of Materials Research</LongName>
      </Division>
    </Organization>
    <ProgramOfficer>
      <SignBlockName>Charles E. Bouldin</SignBlockName>
    </ProgramOfficer>
    <AbstractNarration>In this program we propose to invite a cohort of PREM undergraduate scholars who will engage their peers, materials researchers, from graduate students to PhD-level scientists and engineers, and other stakeholders in the materials research community at the 2013 Fall Meeting of the Materials Research Society. The program will provide professional and leadership development, and networking opportunities for the students from the PREM attending the program. They will be able to present their research in a special poster session. In addition, they will be invited to join the MRS Mentoring Program. The program will also highlight the importance of excellence, integrity, and service in the interest of society as guiding principles in science and engineering careers.</AbstractNarration>
    <MinAmdLetterDate>12/06/2013</MinAmdLetterDate>
    <MaxAmdLetterDate>12/06/2013</MaxAmdLetterDate>
    <ARRAAmount/>
    <AwardID>1405082</AwardID>
    <Investigator>
      <FirstName>J. Ardie Butch</FirstName>
      <LastName>Dillen</LastName>
      <EmailAddress>dillen@mrs.org</EmailAddress>
      <StartDate>12/06/2013</StartDate>
      <EndDate/>
      <RoleCode>Principal Investigator</RoleCode>
    </Investigator>
    <Investigator>
      <FirstName>Magaly</FirstName>
      <LastName>Spector</LastName>
      <EmailAddress>magaly.spector@utdallas.edu</EmailAddress>
      <StartDate>12/06/2013</StartDate>
      <EndDate/>
      <RoleCode>Co-Principal Investigator</RoleCode>
    </Investigator>
    <Institution>
      <Name>Materials Research Society</Name>
      <CityName>WARRENDALE</CityName>
      <ZipCode>150867573</ZipCode>
      <PhoneNumber>7247792732</PhoneNumber>
      <StreetAddress>506 KEYSTONE DR</StreetAddress>
      <CountryName>United States</CountryName>
      <StateName>Pennsylvania</StateName>
      <StateCode>PA</StateCode>
    </Institution>
    <ProgramElement>
      <Code>1736</Code>
      <Text>MATERIALS CENTERS &amp; EDUCATION</Text>
    </ProgramElement>
    <ProgramReference>
      <Code>1711</Code>
      <Text>MATERIALS EDUCATION AND RESEARCH</Text>
    </ProgramReference>
    <ProgramReference>
      <Code>7608</Code>
      <Text>PREM</Text>
    </ProgramReference>
  </Award>
</rootTag>
