<?xml version="1.0" encoding="UTF-8"?>

<rootTag>
  <Award>
    <AwardTitle>I-Corps: From Compacts to Integrated Systems: A New Paradigm for the Design and Manufacture of Pharmaceuticals</AwardTitle>
    <AwardEffectiveDate>02/01/2014</AwardEffectiveDate>
    <AwardExpirationDate>07/31/2014</AwardExpirationDate>
    <AwardAmount>50000</AwardAmount>
    <AwardInstrument>
      <Value>Standard Grant</Value>
    </AwardInstrument>
    <Organization>
      <Code>07070000</Code>
      <Directorate>
        <LongName>Directorate for Engineering</LongName>
      </Directorate>
      <Division>
        <LongName>Division of Industrial Innovation and Partnerships</LongName>
      </Division>
    </Organization>
    <ProgramOfficer>
      <SignBlockName>Rathindra DasGupta</SignBlockName>
    </ProgramOfficer>
    <AbstractNarration>The proposed team introduces a new paradigm for the design and manufacture of pharmaceutical dosage forms. The new platform technology, 3D Integrated Pharmaceuticals (3D IP), is inspired after the impressive progress realized by the 3D IC (3D Integrated Circuits) model. The underlying concept of the proposed approach, novel to the pharmaceutical industry, consists in looking at pharmaceutical products as integrated systems. With 3D IP, dosage forms are assembled from pre-fabricated working components, according to a pre-established blueprint instead of by blending and compressing powders. The result is a comparatively simple means of making pharmaceutical products with customized shape, physical dimensions, and most importantly, drug release profile. &lt;br/&gt;&lt;br/&gt;3D IP is a novel platform that has focused on producing pharmaceutical oral dosage forms. Analogous to the design of 3D integrated circuits, built by the 3D layer stacking of multiple functional components, 3D IP dosage forms are assembled by stacking pre-fabricated functional components such as active ingredient carrier, solubilizing function, ID/anti-counterfeiting, and tamper prevention. The 3D IP technology has applications in areas where customizable release for a target or active compound is needed, which extend beyond oral pharmaceuticals, into transdermal markets, smart patches, agrochemicals, nutraceuticals and personal care products.</AbstractNarration>
    <MinAmdLetterDate>01/22/2014</MinAmdLetterDate>
    <MaxAmdLetterDate>01/22/2014</MaxAmdLetterDate>
    <ARRAAmount/>
    <AwardID>1405462</AwardID>
    <Investigator>
      <FirstName>Rodolfo</FirstName>
      <LastName>Pinal</LastName>
      <EmailAddress>rpinal@purdue.edu</EmailAddress>
      <StartDate>01/22/2014</StartDate>
      <EndDate/>
      <RoleCode>Principal Investigator</RoleCode>
    </Investigator>
    <Institution>
      <Name>Purdue University</Name>
      <CityName>West Lafayette</CityName>
      <ZipCode>479072114</ZipCode>
      <PhoneNumber>7654941055</PhoneNumber>
      <StreetAddress>Young Hall</StreetAddress>
      <CountryName>United States</CountryName>
      <StateName>Indiana</StateName>
      <StateCode>IN</StateCode>
    </Institution>
    <ProgramElement>
      <Code>8023</Code>
      <Text>I-Corps</Text>
    </ProgramElement>
  </Award>
</rootTag>
