<?xml version="1.0" encoding="UTF-8"?>

<rootTag>
  <Award>
    <AwardTitle>NeTS: JUNO: Energy-Efficient Hyper-Dense Wireless Networks with Trillions of Devices</AwardTitle>
    <AwardEffectiveDate>04/01/2014</AwardEffectiveDate>
    <AwardExpirationDate>03/31/2017</AwardExpirationDate>
    <AwardAmount>150000</AwardAmount>
    <AwardInstrument>
      <Value>Standard Grant</Value>
    </AwardInstrument>
    <Organization>
      <Code>05050000</Code>
      <Directorate>
        <LongName>Directorate for Computer &amp; Information Science &amp; Engineering</LongName>
      </Directorate>
      <Division>
        <LongName>Division of Computer and Network Systems</LongName>
      </Division>
    </Organization>
    <ProgramOfficer>
      <SignBlockName>Joseph Lyles</SignBlockName>
    </ProgramOfficer>
    <AbstractNarration>Delivering high-speed, pervasive wireless services to trillions of mobile devices requires a significant transformation to today's wireless cellular networks. Hyper-dense heterogeneous networks (HDHNs), enabled via a viral and large-scale deployment of small cell base stations and mobile devices, are seen as one of the cornerstones of this transformation. However, most existing network design and optimization techniques fall short in handling the scale, density, sustainability, and dynamics of such HDHNs.&lt;br/&gt;&lt;br/&gt;This project contributes to the foundations of HDHNs via innovations that include novel mobility state estimation techniques, optimized cell selection and handover methods, and a new game-theoretic framework for self-organizing resource management in energy-efficient HDHNs. The proposed approaches will be evaluated and enhanced via implementation on an experimental testbed using software radio and open source platforms. &lt;br/&gt;&lt;br/&gt;Boosting the performance of wireless systems will have societal impacts via enablement of novel mobile services requiring high-performance network connectivity. The project results will also support the analysis of dense networks and the development of future wireless standards and products. As a new Japan-US collaboration the project will build long-term relationships between US and Japanese researchers designing sustainable, energy-efficient and dense wireless systems. The project will create new educational and outreach activities to attract under-represented minorities to the field of sustainable HDHNs.</AbstractNarration>
    <MinAmdLetterDate>01/30/2014</MinAmdLetterDate>
    <MaxAmdLetterDate>01/30/2014</MaxAmdLetterDate>
    <ARRAAmount/>
    <AwardID>1406968</AwardID>
    <Investigator>
      <FirstName>Ismail</FirstName>
      <LastName>Guvenc</LastName>
      <EmailAddress>iguvenc@fiu.edu</EmailAddress>
      <StartDate>01/30/2014</StartDate>
      <EndDate/>
      <RoleCode>Principal Investigator</RoleCode>
    </Investigator>
    <Institution>
      <Name>Florida International University</Name>
      <CityName>Miami</CityName>
      <ZipCode>331990001</ZipCode>
      <PhoneNumber>3053482494</PhoneNumber>
      <StreetAddress>11200 SW 8TH ST</StreetAddress>
      <CountryName>United States</CountryName>
      <StateName>Florida</StateName>
      <StateCode>FL</StateCode>
    </Institution>
    <ProgramElement>
      <Code>1714</Code>
      <Text>SPECIAL PROJECTS - CISE</Text>
    </ProgramElement>
    <ProgramReference>
      <Code>7071</Code>
      <Text>JUNO</Text>
    </ProgramReference>
  </Award>
</rootTag>
