<?xml version="1.0" encoding="UTF-8"?>

<rootTag>
  <Award>
    <AwardTitle>DISSERTATION RESEARCH: Species of a new generation -- Integration of massively parallel sequencing, morphological, and niche modeling data for species discovery and delimitation.</AwardTitle>
    <AwardEffectiveDate>07/01/2014</AwardEffectiveDate>
    <AwardExpirationDate>06/30/2015</AwardExpirationDate>
    <AwardAmount>18788</AwardAmount>
    <AwardInstrument>
      <Value>Standard Grant</Value>
    </AwardInstrument>
    <Organization>
      <Code>08010206</Code>
      <Directorate>
        <LongName>Directorate for Biological Sciences</LongName>
      </Directorate>
      <Division>
        <LongName>Division of Environmental Biology</LongName>
      </Division>
    </Organization>
    <ProgramOfficer>
      <SignBlockName>Simon Malcomber</SignBlockName>
    </ProgramOfficer>
    <AbstractNarration>Species represent the fundamental units of evolutionary and ecological studies, yet their nature and how best to circumscribe them remain controversial. The southeastern US Wild Gingers (Asarum subgenus Heterotropa) are a highly variable group of plants that have long been problematic in their species boundaries, as well as being poorly known with respect to reproductive biology. This project develops a novel quantitative approach to delimiting species and characterizing reproductive biology by integrating data from sophisticated morphological analysis, climatic variables, geography, cutting-edge DNA analysis, and pollinator identity that can serve as a model for future work.&lt;br/&gt;&lt;br/&gt;The appreciation, management, and conservation of biodiversity are greatly hindered by ill-defined species boundaries, and this project develops a powerful new tool for investigators of any biological system. Collections made for the study will be publicly available to other investigators. An online database will serve as an identification resource for ecologists, land managers, and amateur botanists who encounter SE US Wild Gingers. This project will support the research and training of a doctoral student, and the public at large will benefit through exhibits at the annual Ohio State University Museum of Biological Diversity Open House, public lectures, and a laboratory module to be designed for use in introductory biology courses.</AbstractNarration>
    <MinAmdLetterDate>03/19/2014</MinAmdLetterDate>
    <MaxAmdLetterDate>03/19/2014</MaxAmdLetterDate>
    <ARRAAmount/>
    <AwardID>1406732</AwardID>
    <Investigator>
      <FirstName>Brandon</FirstName>
      <LastName>Sinn</LastName>
      <EmailAddress>sinn.6@buckeyemail.osu.edu</EmailAddress>
      <StartDate>03/19/2014</StartDate>
      <EndDate/>
      <RoleCode>Co-Principal Investigator</RoleCode>
    </Investigator>
    <Investigator>
      <FirstName>John</FirstName>
      <LastName>Freudenstein</LastName>
      <EmailAddress>freudenstein.1@osu.edu</EmailAddress>
      <StartDate>03/19/2014</StartDate>
      <EndDate/>
      <RoleCode>Principal Investigator</RoleCode>
    </Investigator>
    <Institution>
      <Name>Ohio State University</Name>
      <CityName>Columbus</CityName>
      <ZipCode>432101016</ZipCode>
      <PhoneNumber>6142923805</PhoneNumber>
      <StreetAddress>Office of Sponsored Programs</StreetAddress>
      <CountryName>United States</CountryName>
      <StateName>Ohio</StateName>
      <StateCode>OH</StateCode>
    </Institution>
    <ProgramElement>
      <Code>1198</Code>
      <Text>Biodiversity: Discov &amp;Analysis</Text>
    </ProgramElement>
    <ProgramReference>
      <Code>9169</Code>
      <Text>BIODIVERSITY AND ECOSYSTEM DYNAMICS</Text>
    </ProgramReference>
    <ProgramReference>
      <Code>9179</Code>
      <Text>GRADUATE INVOLVEMENT</Text>
    </ProgramReference>
    <ProgramReference>
      <Code>EGCH</Code>
      <Text>ENVIRONMENT AND GLOBAL CHANGE</Text>
    </ProgramReference>
    <ProgramReference>
      <Code>SMET</Code>
      <Text>SCIENCE, MATH, ENG &amp; TECH EDUCATION</Text>
    </ProgramReference>
  </Award>
</rootTag>
