<?xml version="1.0" encoding="UTF-8"?>

<rootTag>
  <Award>
    <AwardTitle>The Third Workshop on Biostatistics and Bioinformatics, May 9-11, 2014</AwardTitle>
    <AwardEffectiveDate>05/15/2014</AwardEffectiveDate>
    <AwardExpirationDate>04/30/2015</AwardExpirationDate>
    <AwardAmount>10000</AwardAmount>
    <AwardInstrument>
      <Value>Standard Grant</Value>
    </AwardInstrument>
    <Organization>
      <Code>03040000</Code>
      <Directorate>
        <LongName>Directorate for Mathematical &amp; Physical Sciences</LongName>
      </Directorate>
      <Division>
        <LongName>Division of Mathematical Sciences</LongName>
      </Division>
    </Organization>
    <ProgramOfficer>
      <SignBlockName>Gabor J. Szekely</SignBlockName>
    </ProgramOfficer>
    <AbstractNarration>The Third Workshop on Biostatistics and Bioinformatics will be held on the campus of Georgia State University, Atlanta on May 9-11, 2014. The objective of the conference is to reflect new developments in the frontiers of Biostatistics and Bioinformatics. The conference will cover a broad range of current research topics, including high dimensional data analysis, survival analysis, longitudinal data analysis, and next generation and sequence data analysis. The invited speakers will include leading experts and outstanding young researchers. The workshop will provide opportunities for exchange new ideas and research collaborations. Graduate students and postdocs will gain valuable research experience by attending the workshop and making poster presentations. &lt;br/&gt;&lt;br/&gt;This award supports the participation of approximately 16 people. The conference organizers are making special efforts to provide travel support for a diverse group of researchers to attend the workshop. Underrepresented groups are encouraged to attend and apply for travel support through this award. For detailed information, go to website: http://www2.gsu.edu/~matyiz/2014 workshop/.</AbstractNarration>
    <MinAmdLetterDate>03/19/2014</MinAmdLetterDate>
    <MaxAmdLetterDate>03/19/2014</MaxAmdLetterDate>
    <ARRAAmount/>
    <AwardID>1406163</AwardID>
    <Investigator>
      <FirstName>Yichuan</FirstName>
      <LastName>Zhao</LastName>
      <EmailAddress>yichuan@gsu.edu</EmailAddress>
      <StartDate>03/19/2014</StartDate>
      <EndDate/>
      <RoleCode>Principal Investigator</RoleCode>
    </Investigator>
    <Investigator>
      <FirstName>Xin</FirstName>
      <LastName>Qi</LastName>
      <EmailAddress>xqi3@gsu.edu</EmailAddress>
      <StartDate>03/19/2014</StartDate>
      <EndDate/>
      <RoleCode>Co-Principal Investigator</RoleCode>
    </Investigator>
    <Institution>
      <Name>Georgia State University Research Foundation, Inc.</Name>
      <CityName>ATLANTA</CityName>
      <ZipCode>303033999</ZipCode>
      <PhoneNumber>4044133500</PhoneNumber>
      <StreetAddress>G76Dahlberg Hall 30 Courtland St</StreetAddress>
      <CountryName>United States</CountryName>
      <StateName>Georgia</StateName>
      <StateCode>GA</StateCode>
    </Institution>
    <ProgramElement>
      <Code>1269</Code>
      <Text>STATISTICS</Text>
    </ProgramElement>
    <ProgramReference>
      <Code>7556</Code>
      <Text>CONFERENCE AND WORKSHOPS</Text>
    </ProgramReference>
  </Award>
</rootTag>
