<?xml version="1.0" encoding="UTF-8"?>

<rootTag>
  <Award>
    <AwardTitle>DISSERTATION RESEARCH: Functional behavioral analysis of positively selected genes in Drosophila</AwardTitle>
    <AwardEffectiveDate>06/01/2014</AwardEffectiveDate>
    <AwardExpirationDate>05/31/2016</AwardExpirationDate>
    <AwardAmount>20254</AwardAmount>
    <AwardInstrument>
      <Value>Standard Grant</Value>
    </AwardInstrument>
    <Organization>
      <Code>08010207</Code>
      <Directorate>
        <LongName>Directorate for Biological Sciences</LongName>
      </Directorate>
      <Division>
        <LongName>Division of Environmental Biology</LongName>
      </Division>
    </Organization>
    <ProgramOfficer>
      <SignBlockName>George W. Gilchrist</SignBlockName>
    </ProgramOfficer>
    <AbstractNarration>Behavioral isolation rapidly evolves between species, yet relatively little is known about the genetic basis of pre-mating reproductive isolation, particularly the role of behavioral genes involved in courtship. This knowledge gap is important to fill since behavioral cues are generally species-specific and thought to evolve under strong selective pressures. Using a combination of computational, genetic, and behavioral approaches, the researchers propose to address three main objectives: 1) to identify positively selected genes in the fruit fly, Drosophila melanogaster, that are not specifically expressed in the gonads, 2) to characterize the effects of reducing gene expression in adaptive genes on mating and aggression behavior, and 3) to characterize the adaptive genes involved in behavioral interactions by tissue and molecular function.&lt;br/&gt;&lt;br/&gt;The proposed work will extend our understanding of the genetic bases of pre-mating reproductive barriers and their role in early species divergence. Data produced from this proposal will advance the training of students in the areas of genetics, bioinformatics, computational biology, and genomic analysis. Second, this project will implement high school curricula designed to expose students to new high-throughput methods in biology, along with applied hands-on experience using modern genetic and behavioral techniques. Third, the development of a portable high-throughput behavioral lab will be used to increase awareness and engagement in STEM fields to a broader non-scientific audience.</AbstractNarration>
    <MinAmdLetterDate>03/26/2014</MinAmdLetterDate>
    <MaxAmdLetterDate>03/26/2014</MaxAmdLetterDate>
    <ARRAAmount/>
    <AwardID>1407006</AwardID>
    <Investigator>
      <FirstName>Rob</FirstName>
      <LastName>Kulathinal</LastName>
      <EmailAddress>robkulathinal@temple.edu</EmailAddress>
      <StartDate>03/26/2014</StartDate>
      <EndDate/>
      <RoleCode>Principal Investigator</RoleCode>
    </Investigator>
    <Investigator>
      <FirstName>Craig</FirstName>
      <LastName>Stanley, Jr.</LastName>
      <EmailAddress>craig.stanley@temple.edu</EmailAddress>
      <StartDate>03/26/2014</StartDate>
      <EndDate/>
      <RoleCode>Co-Principal Investigator</RoleCode>
    </Investigator>
    <Institution>
      <Name>Temple University</Name>
      <CityName>PHILADELPHIA</CityName>
      <ZipCode>191226027</ZipCode>
      <PhoneNumber>2152048691</PhoneNumber>
      <StreetAddress>1938 Liacouras Walk</StreetAddress>
      <CountryName>United States</CountryName>
      <StateName>Pennsylvania</StateName>
      <StateCode>PA</StateCode>
    </Institution>
    <ProgramElement>
      <Code>7378</Code>
      <Text>EVOLUTIONARY GENETICS</Text>
    </ProgramElement>
    <ProgramReference>
      <Code>9169</Code>
      <Text>BIODIVERSITY AND ECOSYSTEM DYNAMICS</Text>
    </ProgramReference>
    <ProgramReference>
      <Code>9179</Code>
      <Text>GRADUATE INVOLVEMENT</Text>
    </ProgramReference>
    <ProgramReference>
      <Code>EGCH</Code>
      <Text>ENVIRONMENT AND GLOBAL CHANGE</Text>
    </ProgramReference>
    <ProgramReference>
      <Code>SMET</Code>
      <Text>SCIENCE, MATH, ENG &amp; TECH EDUCATION</Text>
    </ProgramReference>
  </Award>
</rootTag>
