<?xml version="1.0" encoding="UTF-8"?>

<rootTag>
  <Award>
    <AwardTitle>Conference Proposal: Frontier Probability Days 2014</AwardTitle>
    <AwardEffectiveDate>03/01/2014</AwardEffectiveDate>
    <AwardExpirationDate>02/28/2015</AwardExpirationDate>
    <AwardAmount>20000</AwardAmount>
    <AwardInstrument>
      <Value>Standard Grant</Value>
    </AwardInstrument>
    <Organization>
      <Code>03040000</Code>
      <Directorate>
        <LongName>Directorate for Mathematical &amp; Physical Sciences</LongName>
      </Directorate>
      <Division>
        <LongName>Division of Mathematical Sciences</LongName>
      </Division>
    </Organization>
    <ProgramOfficer>
      <SignBlockName>Tomek Bartoszynski</SignBlockName>
    </ProgramOfficer>
    <AbstractNarration>Frontier Probability Days 2014 is a three day conference to be held at The University of Arizona, in Tucson, May 18 - 20, 2014. The purpose of the meeting is to bring together leading regional and national researchers in probability theory and its applications, graduate students and others, to foster interactions and stimulate research activity in this area. The format consists of 7 plenary talks and several shorter presentations. The plenary speakers represent a spectrum of leading work in probability and its applications. Topics of interest for the conference include disordered and interacting systems, random matrices, stochastic analysis and probabilistic applications to biology and dynamical systems.&lt;br/&gt;&lt;br/&gt;This conference meets approximately once every two years in the Intermountain West of the United States. This is the fourth meeting of the conference. The previous three meetings ran successfully in 2007 (Boulder), 2009 (Salt Lake City) and 2011 (Salt Lake City). Roughly, 40 outside participants are expected to come to Tucson for the conference. Much of the NSF support will be allocated to students and junior researchers. A special feature of the conference is its attention to "applications of probability." Part of the intent of the meeting is to help broaden participation with other fields, a source of inspiration for both more applied and theoretical aspects of probability research. &lt;br/&gt;&lt;br/&gt;Conference website: math.arizona.edu/~fpd/</AbstractNarration>
    <MinAmdLetterDate>02/26/2014</MinAmdLetterDate>
    <MaxAmdLetterDate>02/26/2014</MaxAmdLetterDate>
    <ARRAAmount/>
    <AwardID>1407136</AwardID>
    <Investigator>
      <FirstName>Edward</FirstName>
      <LastName>Waymire</LastName>
      <EmailAddress>waymire@math.orst.edu</EmailAddress>
      <StartDate>02/26/2014</StartDate>
      <EndDate/>
      <RoleCode>Co-Principal Investigator</RoleCode>
    </Investigator>
    <Investigator>
      <FirstName>Davar</FirstName>
      <LastName>Khoshnevisan</LastName>
      <EmailAddress>davar@math.utah.edu</EmailAddress>
      <StartDate>02/26/2014</StartDate>
      <EndDate/>
      <RoleCode>Co-Principal Investigator</RoleCode>
    </Investigator>
    <Investigator>
      <FirstName>Sunder</FirstName>
      <LastName>Sethuraman</LastName>
      <EmailAddress>sethuram@math.arizona.edu</EmailAddress>
      <StartDate>02/26/2014</StartDate>
      <EndDate/>
      <RoleCode>Principal Investigator</RoleCode>
    </Investigator>
    <Investigator>
      <FirstName>Firas</FirstName>
      <LastName>Rassoul-Agha</LastName>
      <EmailAddress>firas@math.utah.edu</EmailAddress>
      <StartDate>02/26/2014</StartDate>
      <EndDate/>
      <RoleCode>Co-Principal Investigator</RoleCode>
    </Investigator>
    <Investigator>
      <FirstName>Thomas</FirstName>
      <LastName>Alberts</LastName>
      <EmailAddress>alberts@caltech.edu</EmailAddress>
      <StartDate>02/26/2014</StartDate>
      <EndDate/>
      <RoleCode>Co-Principal Investigator</RoleCode>
    </Investigator>
    <Institution>
      <Name>University of Arizona</Name>
      <CityName>TUCSON</CityName>
      <ZipCode>857210001</ZipCode>
      <PhoneNumber>5206266000</PhoneNumber>
      <StreetAddress>888 N Euclid Ave</StreetAddress>
      <CountryName>United States</CountryName>
      <StateName>Arizona</StateName>
      <StateCode>AZ</StateCode>
    </Institution>
    <ProgramElement>
      <Code>1263</Code>
      <Text>PROBABILITY</Text>
    </ProgramElement>
    <ProgramReference>
      <Code>7556</Code>
      <Text>CONFERENCE AND WORKSHOPS</Text>
    </ProgramReference>
  </Award>
</rootTag>
