<?xml version="1.0" encoding="UTF-8"?>

<rootTag>
  <Award>
    <AwardTitle>NSF: Workshop on Compound Semiconductor Materials &amp; Devices (WOCSEMMAD). Date:February 16-19, 2014 at The Menger Hotel, San Antonio, TX.</AwardTitle>
    <AwardEffectiveDate>02/15/2014</AwardEffectiveDate>
    <AwardExpirationDate>07/31/2014</AwardExpirationDate>
    <AwardAmount>15300</AwardAmount>
    <AwardInstrument>
      <Value>Standard Grant</Value>
    </AwardInstrument>
    <Organization>
      <Code>07010003</Code>
      <Directorate>
        <LongName>Directorate for Engineering</LongName>
      </Directorate>
      <Division>
        <LongName>Division of Electrical, Communications and Cyber Systems</LongName>
      </Division>
    </Organization>
    <ProgramOfficer>
      <SignBlockName>Dimitris Pavlidis</SignBlockName>
    </ProgramOfficer>
    <AbstractNarration>The 2014 Workshop on Compound Semiconductor Materials &amp; Devices (WOCSEMMAD) will address research areas in III-V compound semiconductor field. Growth and material properties of 2D layered semiconductors, optoelectronic and electronic device applications of 2D semiconductor materials and their heterostructures will be a major area on which the Workshop will focus. It is one of the few workshop format meetings where the latest results can be debated and discussed in a relatively open format. WOCSEMMAD has played a key role in identifying new directions for research. The workshop will be held February 16-19, 2014 at the Menger Hotel, San Antonio, TX and the project will support student participation. WOCSEMMAD's broader impact will be on the design and development of novel new devices and materials. Along with these new materials and devices, new industries and jobs will be created with lasting impact on science and economy.</AbstractNarration>
    <MinAmdLetterDate>01/27/2014</MinAmdLetterDate>
    <MaxAmdLetterDate>01/27/2014</MaxAmdLetterDate>
    <ARRAAmount/>
    <AwardID>1408329</AwardID>
    <Investigator>
      <FirstName>William</FirstName>
      <LastName>Doolittle</LastName>
      <EmailAddress>alan.doolittle@ece.gatech.edu</EmailAddress>
      <StartDate>01/27/2014</StartDate>
      <EndDate/>
      <RoleCode>Principal Investigator</RoleCode>
    </Investigator>
    <Institution>
      <Name>Georgia Tech Research Corporation</Name>
      <CityName>Atlanta</CityName>
      <ZipCode>303320420</ZipCode>
      <PhoneNumber>4048944819</PhoneNumber>
      <StreetAddress>Office of Sponsored Programs</StreetAddress>
      <CountryName>United States</CountryName>
      <StateName>Georgia</StateName>
      <StateCode>GA</StateCode>
    </Institution>
    <ProgramElement>
      <Code>1517</Code>
      <Text>ELECT, PHOTONICS, &amp; MAG DEVICE</Text>
    </ProgramElement>
    <ProgramReference>
      <Code>097E</Code>
      <Text>High Freq Devices &amp; Circuits</Text>
    </ProgramReference>
  </Award>
</rootTag>
