<?xml version="1.0" encoding="UTF-8"?>

<rootTag>
  <Award>
    <AwardTitle>AF: Medium: Algorithmic Explorations of Networks, Markets, Evolution, and the Brain</AwardTitle>
    <AwardEffectiveDate>04/01/2014</AwardEffectiveDate>
    <AwardExpirationDate>03/31/2018</AwardExpirationDate>
    <AwardAmount>177270</AwardAmount>
    <AwardInstrument>
      <Value>Continuing grant</Value>
    </AwardInstrument>
    <Organization>
      <Code>05010000</Code>
      <Directorate>
        <LongName>Directorate for Computer &amp; Information Science &amp; Engineering</LongName>
      </Directorate>
      <Division>
        <LongName>Division of Computer and Communication Foundations</LongName>
      </Division>
    </Organization>
    <ProgramOfficer>
      <SignBlockName>Tracy J. Kimbrel</SignBlockName>
    </ProgramOfficer>
    <AbstractNarration>Computer science is not just the scientific discipline behind the information technology revolution; it is also an apt framework for understanding the world around us. This project is about applying the point of view of algorithms -- and their antithesis, complexity -- to understanding phenomena and challenges in a variety of domains, including the Internet, markets, evolution, and the brain. To understand the Internet and the networks and markets it entails and enables, one must combine algorithms with ideas from economics and game theory. This research will focus on online markets and particularly their dynamic (that is, multi-stage) nature, on incentives for improving congestion in network routing and air traffic, on algorithms for propagating influence in social networks, as well as new kinds of algorithms that take their inputs from competitors (who may choose to misrepresent their data). The PI will continue his research on how computational insights can shed light on some key problems in evolution, including certain rigorous connections between natural selection, machine learning, and a problem in Boolean logic. Finally, the PI will work to reconcile learning algorithms with new insights from neuroscience.&lt;br/&gt;&lt;br/&gt;The project includes research on certain crucial problems at the interface between computation and game theory/economics/networks, while continuing past work employing computational concepts to elucidate evolution and, more recently, neuroscience. The PI will study the important problem of dynamic mechanism design in economics from the point of view of computational complexity and approximate implementation. He will also study mechanisms for managing congestion, with possible applications to air traffic control. The project will explore the computational and graph-theoretic properties of several novel and promising game-theoretic models of network creation. It will study from the complexity standpoint Nash equilibria with continuous strategies, and extensions of the Nash equilibrium concept beyond utility theory. The project will also explore new and timely modes of computation in which all inputs (ultimately, all computational components) are provided by selfish rational agents. In evolution, the PI will explore the connections between learning algorithms, games, and natural selection, and a different connection between Boolean satisfiability and the emergence of novelty. The PI also plans to develop a new genre of learning algorithms that are more faithful to the new insights we are gaining into the brain. Finally, from the standpoint of algorithms and complexity, the PI will look at several computational problems ranging from network variants of the set cover problem to linear programming and optimizing multivariate polynomials.</AbstractNarration>
    <MinAmdLetterDate>03/14/2014</MinAmdLetterDate>
    <MaxAmdLetterDate>03/14/2014</MaxAmdLetterDate>
    <ARRAAmount/>
    <AwardID>1408635</AwardID>
    <Investigator>
      <FirstName>Christos</FirstName>
      <LastName>Papadimitriou</LastName>
      <EmailAddress>christos@cs.berkeley.edu</EmailAddress>
      <StartDate>03/14/2014</StartDate>
      <EndDate/>
      <RoleCode>Principal Investigator</RoleCode>
    </Investigator>
    <Institution>
      <Name>University of California-Berkeley</Name>
      <CityName>BERKELEY</CityName>
      <ZipCode>947045940</ZipCode>
      <PhoneNumber>5106428109</PhoneNumber>
      <StreetAddress>Sponsored Projects Office</StreetAddress>
      <CountryName>United States</CountryName>
      <StateName>California</StateName>
      <StateCode>CA</StateCode>
    </Institution>
    <ProgramElement>
      <Code>7796</Code>
      <Text>ALGORITHMIC FOUNDATIONS</Text>
    </ProgramElement>
    <ProgramReference>
      <Code>7926</Code>
      <Text>ALGORITHMS</Text>
    </ProgramReference>
    <ProgramReference>
      <Code>7927</Code>
      <Text>COMPLEXITY &amp; CRYPTOGRAPHY</Text>
    </ProgramReference>
    <ProgramReference>
      <Code>7932</Code>
      <Text>COMPUT GAME THEORY &amp; ECON</Text>
    </ProgramReference>
    <ProgramReference>
      <Code>8091</Code>
      <Text>BRAIN Initiative Res Support</Text>
    </ProgramReference>
  </Award>
</rootTag>
