<?xml version="1.0" encoding="UTF-8"?>

<rootTag>
  <Award>
    <AwardTitle>CAREER: An integrated probabilistic approach to discrete and continuous extremal problems via information theory</AwardTitle>
    <AwardEffectiveDate>01/01/2013</AwardEffectiveDate>
    <AwardExpirationDate>04/30/2016</AwardExpirationDate>
    <AwardAmount>131292</AwardAmount>
    <AwardInstrument>
      <Value>Continuing grant</Value>
    </AwardInstrument>
    <Organization>
      <Code>03040000</Code>
      <Directorate>
        <LongName>Directorate for Mathematical &amp; Physical Sciences</LongName>
      </Directorate>
      <Division>
        <LongName>Division of Mathematical Sciences</LongName>
      </Division>
    </Organization>
    <ProgramOfficer>
      <SignBlockName>Tomek Bartoszynski</SignBlockName>
    </ProgramOfficer>
    <AbstractNarration>Mathematics abounds with extremal problems problems where the goal is to minimize some functional applied to a class of objects under some constraint, identify the extremal objects, and investigate the stability of extrema. Relevant examples range from some in the continuous world (isoperimetric phenomena in convex geometry, functional analytic inequalities), to some in the&lt;br/&gt;discrete world (structural phenomena in additive combinatorics), and some in both (maximum entropy problems in statistics, limit theorems in probability). A natural language for all of these problem classes is probability, and, although not obvious, information theory. The project will develop new formulations of extremal problems from each of these fields in terms of information-theoretic inequalities, and then use a variety of tools from analysis, probability, convex geometry, combinatorics, and information theory, to make progress on them. The unifying nature of the perspective adopted will bridge discrete and continuous problems using a common set of tools, and enable significant cross-fertilization. Furthermore, some of the information-theoretic inequalities developed, combined with statistical decision theory, will be applied to novel statistical challenges involving multiple players that arise in engineering, economics, and biology (specifically, theoretical foundations for the problems of data pricing and distributed inference). The project will use information-theoretic thinking to make advances on challenging mathematical problems from the three seemingly disparate fields of convex geometry, arithmetic combinatorics, and probability.&lt;br/&gt;&lt;br/&gt;Apart from the intrinsic significance of these areas within mathematics, they have much practical significance - convex geometry finds applications in medical tomography, arithmetic combinatorics in computer science, and probability is ubiquitous as the foundation of statistical inference. The interpretability and unifying nature of the proposed research, and the diversity of tools it uses, create wonderful opportunities for student motivation. Newly developed courses and a resource website on information theoretic approaches to extremal problems will exploit these opportunities. The investigator will disseminate key findings through survey articles, organize an interdisciplinary workshop, and communicate the excitement of research through non-academic public lectures to attract promising students to the mathematical sciences. The applied component of the research would also have broad impact, by contributing to how data collectors and vendors come up with pricing mechanisms (e.g., for pricing of advertisements by search engines), and by improving the way networks of sensors collect and use data for various applications (e.g., for disaster recovery coordination or smart kindergartens).</AbstractNarration>
    <MinAmdLetterDate>02/10/2014</MinAmdLetterDate>
    <MaxAmdLetterDate>02/10/2014</MaxAmdLetterDate>
    <ARRAAmount/>
    <AwardID>1409504</AwardID>
    <Investigator>
      <FirstName>Mokshay</FirstName>
      <LastName>Madiman</LastName>
      <EmailAddress>mokshay.madiman@yale.edu</EmailAddress>
      <StartDate>02/10/2014</StartDate>
      <EndDate/>
      <RoleCode>Principal Investigator</RoleCode>
    </Investigator>
    <Institution>
      <Name>University of Delaware</Name>
      <CityName>Newark</CityName>
      <ZipCode>197162553</ZipCode>
      <PhoneNumber>3028312136</PhoneNumber>
      <StreetAddress>210 Hullihen Hall</StreetAddress>
      <CountryName>United States</CountryName>
      <StateName>Delaware</StateName>
      <StateCode>DE</StateCode>
    </Institution>
    <ProgramElement>
      <Code>1263</Code>
      <Text>PROBABILITY</Text>
    </ProgramElement>
    <ProgramElement>
      <Code>1269</Code>
      <Text>STATISTICS</Text>
    </ProgramElement>
    <ProgramReference>
      <Code>1045</Code>
      <Text>CAREER: FACULTY EARLY CAR DEV</Text>
    </ProgramReference>
    <ProgramReference>
      <Code>1187</Code>
      <Text>PECASE- eligible</Text>
    </ProgramReference>
  </Award>
</rootTag>
