<?xml version="1.0" encoding="UTF-8"?>

<rootTag>
  <Award>
    <AwardTitle>Evolution of bioluminescence in millipedes</AwardTitle>
    <AwardEffectiveDate>08/10/2013</AwardEffectiveDate>
    <AwardExpirationDate>07/31/2014</AwardExpirationDate>
    <AwardAmount>82525</AwardAmount>
    <AwardInstrument>
      <Value>Standard Grant</Value>
    </AwardInstrument>
    <Organization>
      <Code>08010206</Code>
      <Directorate>
        <LongName>Directorate for Biological Sciences</LongName>
      </Directorate>
      <Division>
        <LongName>Division of Environmental Biology</LongName>
      </Division>
    </Organization>
    <ProgramOfficer>
      <SignBlockName>Simon Malcomber</SignBlockName>
    </ProgramOfficer>
    <AbstractNarration>Animals use myriad strategies to avoid predation -- camouflage, spines, and toxins are among a few. Animals that are toxic, inedible, or otherwise noxious often advertise this by a warning signal, for example the yellow and black stripes of a yellowjacket or the rattle of a snake. Bioluminescent millipedes, known only from California, are defended with cyanide and their green-blue glow is hypothesized to be a nocturnal warning signal. In this project, the evolutionary relationships of millipedes will be analyzed, using molecular phylogenetic methods, to pinpoint the origin of bioluminescence, and the ecological circumstances under which bioluminescence evolved will be investigated. &lt;br/&gt;&lt;br/&gt;The phylogeny will also establish a framework for a stable classification system for millipede biodiversity. The collections component of this project will provide species information posted publicly on the Tree of Life Web Project. Educational websites will also be produced, including detailed information on decomposers as important members of the global ecosystem, as they provide functions that are essential to healthy ecosystems.</AbstractNarration>
    <MinAmdLetterDate>11/22/2013</MinAmdLetterDate>
    <MaxAmdLetterDate>11/22/2013</MaxAmdLetterDate>
    <ARRAAmount/>
    <AwardID>1410911</AwardID>
    <Investigator>
      <FirstName>Paul</FirstName>
      <LastName>Marek</LastName>
      <EmailAddress>pmarek@vt.edu</EmailAddress>
      <StartDate>11/22/2013</StartDate>
      <EndDate/>
      <RoleCode>Principal Investigator</RoleCode>
    </Investigator>
    <Institution>
      <Name>Virginia Polytechnic Institute and State University</Name>
      <CityName>BLACKSBURG</CityName>
      <ZipCode>240610001</ZipCode>
      <PhoneNumber>5402315281</PhoneNumber>
      <StreetAddress>Sponsored Programs 0170</StreetAddress>
      <CountryName>United States</CountryName>
      <StateName>Virginia</StateName>
      <StateCode>VA</StateCode>
    </Institution>
    <ProgramElement>
      <Code>1171</Code>
      <Text>PHYLOGENETIC SYSTEMATICS</Text>
    </ProgramElement>
    <ProgramReference>
      <Code>9169</Code>
      <Text>BIODIVERSITY AND ECOSYSTEM DYNAMICS</Text>
    </ProgramReference>
    <ProgramReference>
      <Code>EGCH</Code>
      <Text>ENVIRONMENT AND GLOBAL CHANGE</Text>
    </ProgramReference>
    <ProgramReference>
      <Code>1171</Code>
      <Text>PHYLOGENETIC SYSTEMATICS</Text>
    </ProgramReference>
  </Award>
</rootTag>
