<?xml version="1.0" encoding="UTF-8"?>

<rootTag>
  <Award>
    <AwardTitle>Collaborative research: Ohio River Analysis Meetings 2014-2016</AwardTitle>
    <AwardEffectiveDate>02/01/2014</AwardEffectiveDate>
    <AwardExpirationDate>01/31/2017</AwardExpirationDate>
    <AwardAmount>31452</AwardAmount>
    <AwardInstrument>
      <Value>Standard Grant</Value>
    </AwardInstrument>
    <Organization>
      <Code>03040000</Code>
      <Directorate>
        <LongName>Directorate for Mathematical &amp; Physical Sciences</LongName>
      </Directorate>
      <Division>
        <LongName>Division of Mathematical Sciences</LongName>
      </Division>
    </Organization>
    <ProgramOfficer>
      <SignBlockName>Edward Taylor</SignBlockName>
    </ProgramOfficer>
    <AbstractNarration>This award will support a three-year run of the Ohio River Analysis Meeting that is hosted by (in alternate years) the University of Kentucky and the University of Cincinnati; the first conference in this sequence will run in March of 2014. In 2015 the conference will run at the University of Cincinnati and in 2016 it returns to the University of Kentucky.&lt;br/&gt;&lt;br/&gt;&lt;br/&gt;This annual conference is centered on the recent developments in the field of Analysis, and in particular in the subfields of partial differential equations and mathematical physics. Through plenary lectures the conference will provide an opportunity for regional mathematicians, postdocs, and graduate students to attend state-of-the-art talks and to confer with leading researchers in the field of Analysis. Through contributed talks the meeting will provide a venue for young mathematicians to present their results to a distinguished audience. An overarching goal is to foster cooperation and collaboration amongst analysis researchers in the Ohio Valley region.</AbstractNarration>
    <MinAmdLetterDate>12/27/2013</MinAmdLetterDate>
    <MaxAmdLetterDate>12/27/2013</MaxAmdLetterDate>
    <ARRAAmount/>
    <AwardID>1412057</AwardID>
    <Investigator>
      <FirstName>Peter</FirstName>
      <LastName>Hislop</LastName>
      <EmailAddress>hislop@ms.uky.edu</EmailAddress>
      <StartDate>12/27/2013</StartDate>
      <EndDate/>
      <RoleCode>Principal Investigator</RoleCode>
    </Investigator>
    <Investigator>
      <FirstName>Katharine</FirstName>
      <LastName>Ott</LastName>
      <EmailAddress>katharine.ott@uky.edu</EmailAddress>
      <StartDate>12/27/2013</StartDate>
      <EndDate/>
      <RoleCode>Co-Principal Investigator</RoleCode>
    </Investigator>
    <Institution>
      <Name>University of Kentucky Research Foundation</Name>
      <CityName>Lexington</CityName>
      <ZipCode>405060057</ZipCode>
      <PhoneNumber>8592579420</PhoneNumber>
      <StreetAddress>109 Kinkead Hall</StreetAddress>
      <CountryName>United States</CountryName>
      <StateName>Kentucky</StateName>
      <StateCode>KY</StateCode>
    </Institution>
    <ProgramElement>
      <Code>1281</Code>
      <Text>ANALYSIS PROGRAM</Text>
    </ProgramElement>
    <ProgramReference>
      <Code>7556</Code>
      <Text>CONFERENCE AND WORKSHOPS</Text>
    </ProgramReference>
    <ProgramReference>
      <Code>9150</Code>
      <Text>EXP PROG TO STIM COMP RES</Text>
    </ProgramReference>
  </Award>
</rootTag>
