<?xml version="1.0" encoding="UTF-8"?>

<rootTag>
  <Award>
    <AwardTitle>Collaborative Research: A New Paradigm for Simulation Optimization: Marriage between Expectation-Maximization and Model-Based Optimization</AwardTitle>
    <AwardEffectiveDate>08/14/2013</AwardEffectiveDate>
    <AwardExpirationDate>08/31/2014</AwardExpirationDate>
    <AwardAmount>122444</AwardAmount>
    <AwardInstrument>
      <Value>Standard Grant</Value>
    </AwardInstrument>
    <Organization>
      <Code>07030008</Code>
      <Directorate>
        <LongName>Directorate for Engineering</LongName>
      </Directorate>
      <Division>
        <LongName>Division of Civil, Mechanical, and Manufacturing Innovation</LongName>
      </Division>
    </Organization>
    <ProgramOfficer>
      <SignBlockName>Edwin Romeijn</SignBlockName>
    </ProgramOfficer>
    <AbstractNarration>The research objective of this award is to create new simulation optimization algorithms that combine rigorous theoretical performance guarantees with the robust empirical behavior of a class of random search techniques called the model-based methods. The research approach is based on integrating the principle of the well-known Expectation-Maximization (EM) algorithm from the field of statistics into model-based methods. In particular, through exploiting a novel connection to the EM algorithm, this research will investigate a unifying framework to design and implement new model-based algorithms for solving a broad class of simulation optimization problems with very modest computational effort. These algorithms will be studied in terms of their properties (such as convergence and convergence rate) using a fusion of theories and tools from EM, stochastic approximation, and Quasi-Newton methods. A variety of applications from biostatistics to electric power systems will also be tested for the purposes of evaluating the practical utility of the developed techniques and algorithms. &lt;br/&gt;&lt;br/&gt;If successful, the resulting techniques will have applicability in a wide array of industry and science sectors. Through collaboration with bio-statisticians, the developed algorithms will be applied to optimal drug dose-response experimental designs, with potential benefits to health care. In addition, the intended applications to electric power systems will also promote synergy among different disciplines. The research resulting from this project will be disseminated through publications, software development, and participation at national and international conferences. This award will also be closely integrated with the education and training of students in mathematical science and engineering by incorporating new developments into the advanced courses taught by investigators at different institutions, and promoting the participation of female students in research.</AbstractNarration>
    <MinAmdLetterDate>11/25/2013</MinAmdLetterDate>
    <MaxAmdLetterDate>11/25/2013</MaxAmdLetterDate>
    <ARRAAmount/>
    <AwardID>1413790</AwardID>
    <Investigator>
      <FirstName>Enlu</FirstName>
      <LastName>Zhou</LastName>
      <EmailAddress>enlu.zhou@isye.gatech.edu</EmailAddress>
      <StartDate>11/25/2013</StartDate>
      <EndDate/>
      <RoleCode>Principal Investigator</RoleCode>
    </Investigator>
    <Institution>
      <Name>Georgia Tech Research Corporation</Name>
      <CityName>Atlanta</CityName>
      <ZipCode>303320420</ZipCode>
      <PhoneNumber>4048944819</PhoneNumber>
      <StreetAddress>Office of Sponsored Programs</StreetAddress>
      <CountryName>United States</CountryName>
      <StateName>Georgia</StateName>
      <StateCode>GA</StateCode>
    </Institution>
    <ProgramElement>
      <Code>5514</Code>
      <Text>OPERATIONS RESEARCH</Text>
    </ProgramElement>
    <ProgramReference>
      <Code>072E</Code>
      <Text>NETWORKS &amp; QUEUING SYSTEMS</Text>
    </ProgramReference>
    <ProgramReference>
      <Code>073E</Code>
      <Text>OPTIMIZATION &amp; DECISION MAKING</Text>
    </ProgramReference>
    <ProgramReference>
      <Code>077E</Code>
      <Text>SIMULATION MODELS</Text>
    </ProgramReference>
    <ProgramReference>
      <Code>9102</Code>
      <Text>WOMEN, MINORITY, DISABLED, NEC</Text>
    </ProgramReference>
  </Award>
</rootTag>
