<?xml version="1.0" encoding="UTF-8"?>

<rootTag>
  <Award>
    <AwardTitle>TRANSMITARRAY ANTENNAS</AwardTitle>
    <AwardEffectiveDate>09/27/2013</AwardEffectiveDate>
    <AwardExpirationDate>06/30/2014</AwardExpirationDate>
    <AwardAmount>125880</AwardAmount>
    <AwardInstrument>
      <Value>Standard Grant</Value>
    </AwardInstrument>
    <Organization>
      <Code>07010003</Code>
      <Directorate>
        <LongName>Directorate for Engineering</LongName>
      </Directorate>
      <Division>
        <LongName>Division of Electrical, Communications and Cyber Systems</LongName>
      </Division>
    </Organization>
    <ProgramOfficer>
      <SignBlockName>Dimitris Pavlidis</SignBlockName>
    </ProgramOfficer>
    <AbstractNarration>The objective of this project is to explore the operation principle of transmitarray antennas. The proposed research will investigate the transmission properties of novel antenna elements inspired by complementary geometries and gradient index metamaterials. Based on these element innovations, this project will address two important concerns in transmitarrays: the bandwidth enhancement and beam shaping. A thorough study will be carried out to understand the bandwidth limits of a transmitarray; and both multi-resonant element and multi-resonant aperture approaches will be applied to increase the antenna bandwidth. To shape the radiation beam, an efficient synthesis algorithm based on the intersection approach will be developed for large-aperture transmitarrays. Using this algorithm, a single-feed quad-beam transmitarray will be developed to demonstrate the advanced radiation capability of the transmitarray. &lt;br/&gt;&lt;br/&gt;Intellectual Merits &lt;br/&gt;Compared to existing high gain antennas, the transmitarray antenna is a transformative concept with unique radiation principle. Because of the simultaneous magnitude and phase control of the antenna elements, the transmitarray exhibits numerous advantages, such as low profile conformal geometry, high radiation efficiency, and advanced radiation patterns. The broadband performance and multi-beam operation are attractive merits of transmitarray antennas to be studied in this project. &lt;br/&gt;&lt;br/&gt;Broader Impacts &lt;br/&gt;The transmitarray concept has wide applications in many science and engineering missions such as Earth remote sensing and spatial power combining in high energy systems. This project will also provide an exciting learning environment for both undergraduate and graduate students to obtain knowledge in electromagnetics, microwaves, and antennas. It will help to improve the environment for science, technology, engineering, and mathematics in Mississippi (an EPSCoR State) and to generate qualified work force, which includes under-represented groups, for future scientific and engineering development.</AbstractNarration>
    <MinAmdLetterDate>12/19/2013</MinAmdLetterDate>
    <MaxAmdLetterDate>12/19/2013</MaxAmdLetterDate>
    <ARRAAmount/>
    <AwardID>1413863</AwardID>
    <Investigator>
      <FirstName>Atef</FirstName>
      <LastName>Elsherbeni</LastName>
      <EmailAddress>atef@olemiss.edu</EmailAddress>
      <StartDate>12/19/2013</StartDate>
      <EndDate/>
      <RoleCode>Principal Investigator</RoleCode>
    </Investigator>
    <Institution>
      <Name>Colorado School of Mines</Name>
      <CityName>Golden</CityName>
      <ZipCode>804011887</ZipCode>
      <PhoneNumber>3032733000</PhoneNumber>
      <StreetAddress>1500 Illinois</StreetAddress>
      <CountryName>United States</CountryName>
      <StateName>Colorado</StateName>
      <StateCode>CO</StateCode>
    </Institution>
    <ProgramElement>
      <Code>1517</Code>
      <Text>ELECT, PHOTONICS, &amp; MAG DEVICE</Text>
    </ProgramElement>
    <ProgramElement>
      <Code>9150</Code>
      <Text>EXP PROG TO STIM COMP RES</Text>
    </ProgramElement>
    <ProgramReference>
      <Code>098E</Code>
      <Text>Antennas and Electromagnetics</Text>
    </ProgramReference>
    <ProgramReference>
      <Code>9150</Code>
      <Text>EXP PROG TO STIM COMP RES</Text>
    </ProgramReference>
  </Award>
</rootTag>
