<?xml version="1.0" encoding="UTF-8"?>

<rootTag>
  <Award>
    <AwardTitle>Two-Dimensional Infrared Spectroscopy of the Conformational Dynamics of Biomolecules</AwardTitle>
    <AwardEffectiveDate>09/01/2013</AwardEffectiveDate>
    <AwardExpirationDate>08/31/2015</AwardExpirationDate>
    <AwardAmount>500959</AwardAmount>
    <AwardInstrument>
      <Value>Continuing grant</Value>
    </AwardInstrument>
    <Organization>
      <Code>03090000</Code>
      <Directorate>
        <LongName>Directorate for Mathematical &amp; Physical Sciences</LongName>
      </Directorate>
      <Division>
        <LongName>Division of Chemistry</LongName>
      </Division>
    </Organization>
    <ProgramOfficer>
      <SignBlockName>Charles D. Pibel</SignBlockName>
    </ProgramOfficer>
    <AbstractNarration>In this award, funded by the Chemical Structure, Dynamics and Mechanism Program, Prof. Andrei Tokmakoff of the Chemistry Department of the Massachusetts Institute of Technology and his graduate student colleagues will develop ultrafast two-dimensional vibrational spectroscopy and use it in conjunction with nanosecond laser temperature-jumps to characterize the conformations of biomolecules and describe their conformational dynamics. These methods will be used to study the folding of NTL9. New methods for studying DNA G-quadruplexes will be developed. &lt;br/&gt;&lt;br/&gt;Besides the broader scientific impacts of the research being supported, the research students working on these projects will gain experience with advanced laser techniques. Prof. Tokmakoff also maintains a Web site(http://www.mit.edu/~tokmakof/TDQMS/) through which his most recent quantum mechanics course materials are made available. Additional lecture and laboratory course materials are distributed on the MIT OpenCourseWare Web site(http://ocw.mit.edu/OcwWeb/web/home/home/index.htm/).</AbstractNarration>
    <MinAmdLetterDate>12/06/2013</MinAmdLetterDate>
    <MaxAmdLetterDate>12/06/2013</MaxAmdLetterDate>
    <ARRAAmount/>
    <AwardID>1414486</AwardID>
    <Investigator>
      <FirstName>Andrei</FirstName>
      <LastName>Tokmakoff</LastName>
      <EmailAddress>tokmakoff@uchicago.edu</EmailAddress>
      <StartDate>12/06/2013</StartDate>
      <EndDate/>
      <RoleCode>Principal Investigator</RoleCode>
    </Investigator>
    <Institution>
      <Name>University of Chicago</Name>
      <CityName>Chicago</CityName>
      <ZipCode>606375418</ZipCode>
      <PhoneNumber>7737028669</PhoneNumber>
      <StreetAddress>5801 South Ellis Avenue</StreetAddress>
      <CountryName>United States</CountryName>
      <StateName>Illinois</StateName>
      <StateCode>IL</StateCode>
    </Institution>
    <ProgramElement>
      <Code>6879</Code>
      <Text>Structure,Dynamics &amp;Mechanisms</Text>
    </ProgramElement>
    <ProgramReference>
      <Code>1982</Code>
      <Text>BIOLOGICAL CHEMISTRY</Text>
    </ProgramReference>
    <ProgramReference>
      <Code>9161</Code>
      <Text>SINGLE DIVISION/UNIVERSITY</Text>
    </ProgramReference>
    <ProgramReference>
      <Code>AMPP</Code>
      <Text>ADVANCED MATERIALS &amp; PROCESSING PROGRAM</Text>
    </ProgramReference>
  </Award>
</rootTag>
