<?xml version="1.0" encoding="UTF-8"?>

<rootTag>
  <Award>
    <AwardTitle>NSF Workshop: Expanding the role of Reactive Transport Modeling (RTM) within the Biogeochemical Sciences; Washington, DC</AwardTitle>
    <AwardEffectiveDate>03/01/2014</AwardEffectiveDate>
    <AwardExpirationDate>02/28/2015</AwardExpirationDate>
    <AwardAmount>50000</AwardAmount>
    <AwardInstrument>
      <Value>Standard Grant</Value>
    </AwardInstrument>
    <Organization>
      <Code>06030205</Code>
      <Directorate>
        <LongName>Directorate for Geosciences</LongName>
      </Directorate>
      <Division>
        <LongName>Division of Earth Sciences</LongName>
      </Division>
    </Organization>
    <ProgramOfficer>
      <SignBlockName>Enriqueta Barrera</SignBlockName>
    </ProgramOfficer>
    <AbstractNarration>This request is to support a workshop that aims to assess the current status of Reactive Transport Modeling (RTM) usage within the Geochemical and Biogeochemical communities, to identify barriers, and to ultimately enhance communication between the modeling and experimental and field researcher communities. Proponents will invite 20 ? 25 researchers, include leading reactive transport code developers/users and leading geochemists and biogeochemists who are interested in including RTM in their research toolbox, to participate in a 2-day workshop in Washington, DC. The complexity and capacity of (bio)geochemical and hydrologic data collection have increased substantially over the past decade, while the accessibility of interpretive tools has not. As a consequence, there is a host of key questions regarding the fundamental coupling of biological, geochemical and hydrological process that can be uniquely addressed through the application of RTM approaches. The overall goal of this workshop is therefore to identify pathways that would facilitate the expansion of RTM approaches and concurrently build a strong community of users and developers. By addressing the systemic challenges in education and identifying key technical gaps, the broader impact of the workshop is a clear roadmap to ensure the widespread expansion of powerful modeling approaches that can capitalize on the era of expansive data to address new hypotheses in (bio)geochemical sciences.</AbstractNarration>
    <MinAmdLetterDate>02/19/2014</MinAmdLetterDate>
    <MaxAmdLetterDate>02/19/2014</MaxAmdLetterDate>
    <ARRAAmount/>
    <AwardID>1414558</AwardID>
    <Investigator>
      <FirstName>Katharine</FirstName>
      <LastName>Maher</LastName>
      <EmailAddress>kmaher@stanford.edu</EmailAddress>
      <StartDate>02/19/2014</StartDate>
      <EndDate/>
      <RoleCode>Co-Principal Investigator</RoleCode>
    </Investigator>
    <Investigator>
      <FirstName>Alexis</FirstName>
      <LastName>Navarre-Sitchler</LastName>
      <EmailAddress>asitchle@mines.edu</EmailAddress>
      <StartDate>02/19/2014</StartDate>
      <EndDate/>
      <RoleCode>Co-Principal Investigator</RoleCode>
    </Investigator>
    <Investigator>
      <FirstName>Li</FirstName>
      <LastName>Li</LastName>
      <EmailAddress>lili@eme.psu.edu</EmailAddress>
      <StartDate>02/19/2014</StartDate>
      <EndDate/>
      <RoleCode>Principal Investigator</RoleCode>
    </Investigator>
    <Institution>
      <Name>Pennsylvania State Univ University Park</Name>
      <CityName>UNIVERSITY PARK</CityName>
      <ZipCode>168027000</ZipCode>
      <PhoneNumber>8148651372</PhoneNumber>
      <StreetAddress>110 Technology Center Building</StreetAddress>
      <CountryName>United States</CountryName>
      <StateName>Pennsylvania</StateName>
      <StateCode>PA</StateCode>
    </Institution>
    <ProgramElement>
      <Code>7295</Code>
      <Text>GEOBIOLOGY &amp; LOW TEMP GEOCHEM</Text>
    </ProgramElement>
  </Award>
</rootTag>
