<?xml version="1.0" encoding="UTF-8"?>

<rootTag>
  <Award>
    <AwardTitle>Nonlocal interaction equations and applications to collective motion of individuals</AwardTitle>
    <AwardEffectiveDate>08/15/2013</AwardEffectiveDate>
    <AwardExpirationDate>05/31/2014</AwardExpirationDate>
    <AwardAmount>55465</AwardAmount>
    <AwardInstrument>
      <Value>Standard Grant</Value>
    </AwardInstrument>
    <Organization>
      <Code>03040000</Code>
      <Directorate>
        <LongName>Directorate for Mathematical &amp; Physical Sciences</LongName>
      </Directorate>
      <Division>
        <LongName>Division of Mathematical Sciences</LongName>
      </Division>
    </Organization>
    <ProgramOfficer>
      <SignBlockName>Henry A. Warchall</SignBlockName>
    </ProgramOfficer>
    <AbstractNarration>Nonlocal interaction equations are continuum models for large systems of particles where every particle can interact not only with its immediate neighbors but also with particles far away. In biology, they arise as model for the movement of large swarms of individuals (insects, bacteria, birds, fish, etc...). The research will involve rigorous analysis of nonlinear partial differential equations, numerical simulations, and modeling. More specifically the following problems will be investigated: 1) Study of the formation of singularities and the formation of patterns in nonlocal interaction equations. 2) Study of nonlocal interaction equations in a domain with boundaries and use of optimal transport techniques in order to study phenomena of mass concentration on the boundaries (such phenomena are observed, for example, in continuum models for swarms of locusts). 3) Modeling of the formation of "foraging trails'' in an ant colony.&lt;br/&gt;&lt;br/&gt;This project investigates equations describing the collective behavior of a large number of individuals, such as a swarm of insects, a flock of birds, a school of fish, or a colony of bacteria. Understanding basic rules of these swarming behaviors has potential for the design of flexible and robust algorithms for unmanned vehicles, with possible applications, for example, to the surveillance of hazardous areas. The equations investigated in this research also arise in various other contexts: evolution of vortex densities in superconductors, adhesion dynamics, simplified model for granular flow and orientational distribution of filaments in cells.</AbstractNarration>
    <MinAmdLetterDate>12/02/2013</MinAmdLetterDate>
    <MaxAmdLetterDate>12/02/2013</MaxAmdLetterDate>
    <ARRAAmount/>
    <AwardID>1414396</AwardID>
    <Investigator>
      <FirstName>Thomas</FirstName>
      <LastName>Laurent</LastName>
      <EmailAddress>Thomas.Laurent@lmu.edu</EmailAddress>
      <StartDate>12/02/2013</StartDate>
      <EndDate/>
      <RoleCode>Principal Investigator</RoleCode>
    </Investigator>
    <Institution>
      <Name>Loyola Marymount University</Name>
      <CityName>Los Angeles</CityName>
      <ZipCode>900452659</ZipCode>
      <PhoneNumber>3103384599</PhoneNumber>
      <StreetAddress>One LMU Drive</StreetAddress>
      <CountryName>United States</CountryName>
      <StateName>California</StateName>
      <StateCode>CA</StateCode>
    </Institution>
    <ProgramElement>
      <Code>1266</Code>
      <Text>APPLIED MATHEMATICS</Text>
    </ProgramElement>
  </Award>
</rootTag>
