<?xml version="1.0" encoding="UTF-8"?>

<rootTag>
  <Award>
    <AwardTitle>SusChem: IUPAC: Earth Abundant Metal Catalyzed Borylations</AwardTitle>
    <AwardEffectiveDate>01/15/2014</AwardEffectiveDate>
    <AwardExpirationDate>12/31/2016</AwardExpirationDate>
    <AwardAmount>390000</AwardAmount>
    <AwardInstrument>
      <Value>Standard Grant</Value>
    </AwardInstrument>
    <Organization>
      <Code>03090000</Code>
      <Directorate>
        <LongName>Directorate for Mathematical &amp; Physical Sciences</LongName>
      </Directorate>
      <Division>
        <LongName>Division of Chemistry</LongName>
      </Division>
    </Organization>
    <ProgramOfficer>
      <SignBlockName>Carol Bessel</SignBlockName>
    </ProgramOfficer>
    <AbstractNarration>This project, funded by the Chemical Catalysis Program of the NSF Division of Chemistry, to Professor Webster L. Santos of the Virginia Polytechnic Institute and State University examines the reactivity of copper boryl complexes, develops copper catalysts (with particular focus on those containing inexpensive ligands), and explores new solvents, including water, for borylation and subsequent cross-coupling processes. The team conducts fundamental experimental and theoretical studies on the structures and reactivities of well-defined copper boryl, aryl and alkyl complexes as well as associated catalyst screening studies. This research develops novel catalyst systems that replace rare, expensive, and toxic transition metal catalysts (Pd, Pt, Rh, Ir, etc.) with earth abundant metals such as copper. The investigations minimize the production of hazardous waste by utilizing water as solvent rather than an organic solution.&lt;br/&gt;&lt;br/&gt;This project is conducted in collaboration with Professor Todd B. Marder (Universität Würzburg, Germany) and Professor Yao Fu (University of Science and Technology China). Together, the three groups combine their separate areas of expertise to provide more sustainable synthetic methods for the production of commodity chemicals. The broader impacts of this work also include leadership training for graduate students and an international exchange of ideas and expertise.</AbstractNarration>
    <MinAmdLetterDate>01/03/2014</MinAmdLetterDate>
    <MaxAmdLetterDate>01/03/2014</MaxAmdLetterDate>
    <ARRAAmount/>
    <AwardID>1414458</AwardID>
    <Investigator>
      <FirstName>Webster</FirstName>
      <LastName>Santos</LastName>
      <EmailAddress>santosw@vt.edu</EmailAddress>
      <StartDate>01/03/2014</StartDate>
      <EndDate/>
      <RoleCode>Principal Investigator</RoleCode>
    </Investigator>
    <Institution>
      <Name>Virginia Polytechnic Institute and State University</Name>
      <CityName>BLACKSBURG</CityName>
      <ZipCode>240610001</ZipCode>
      <PhoneNumber>5402315281</PhoneNumber>
      <StreetAddress>Sponsored Programs 0170</StreetAddress>
      <CountryName>United States</CountryName>
      <StateName>Virginia</StateName>
      <StateCode>VA</StateCode>
    </Institution>
    <ProgramElement>
      <Code>1991</Code>
      <Text>CHEMISTRY PROJECTS</Text>
    </ProgramElement>
    <ProgramReference>
      <Code>7298</Code>
      <Text>COLLABORATIVE RESEARCH</Text>
    </ProgramReference>
    <ProgramReference>
      <Code>8248</Code>
      <Text>SusChEM</Text>
    </ProgramReference>
    <ProgramReference>
      <Code>8396</Code>
      <Text>Clean Energy Technology</Text>
    </ProgramReference>
    <ProgramReference>
      <Code>8398</Code>
      <Text>Hydrocarbon Conversion</Text>
    </ProgramReference>
    <ProgramReference>
      <Code>8650</Code>
      <Text>Sustainable Chemistry</Text>
    </ProgramReference>
    <ProgramReference>
      <Code>8676</Code>
      <Text>Critical Elements</Text>
    </ProgramReference>
  </Award>
</rootTag>
