<?xml version="1.0" encoding="UTF-8"?>

<rootTag>
  <Award>
    <AwardTitle>EAGER: Convex Optimization Algorithms for 21st Century Challenges</AwardTitle>
    <AwardEffectiveDate>03/01/2014</AwardEffectiveDate>
    <AwardExpirationDate>02/29/2016</AwardExpirationDate>
    <AwardAmount>300000</AwardAmount>
    <AwardInstrument>
      <Value>Standard Grant</Value>
    </AwardInstrument>
    <Organization>
      <Code>05010000</Code>
      <Directorate>
        <LongName>Directorate for Computer &amp; Information Science &amp; Engineering</LongName>
      </Directorate>
      <Division>
        <LongName>Division of Computer and Communication Foundations</LongName>
      </Division>
    </Organization>
    <ProgramOfficer>
      <SignBlockName>Mitra Basu</SignBlockName>
    </ProgramOfficer>
    <AbstractNarration>Motivation. The need for faster and better optimization algorithms is ubiquitous and ever increasing. Besides the sheer size of data to be analyzed, the nature of modern optimization instances presents formidable challenges with data being partially specified, uncertain or high-dimensional data. Convex optimization remains the principal workhorse, but needs to be developed in several ways to meet these challenges. This project aims to do so by (a) developing faster algorithms for convex optimization using randomization (b) making optimization algorithms robust to uncertainty, and (c) providing robust guarantees when the input is only partially specified or uncertain.&lt;br/&gt;&lt;br/&gt;&lt;br/&gt;Intellectual Merit. The foundational ideas of this project are novel, timely and will extend the frontier of our knowledge of optimization. They integrate multiple disciplines --- operations research, theoretical computer science, signal processing and statistical learning --- with the common goal of fast, robust and versatile convex optimization algorithms. Trading off accuracy for efficiency, the use of randomization, guarantees in the face of uncertain data and new formulations of convex optimization problems for learning, are all promising methods with wide applicability. &lt;br/&gt;&lt;br/&gt;&lt;br/&gt;Broader Impact. This project is motivated by several general problems in applied mathematics that touch many different application areas. Progress on these problems, which include structured matrix factorization and estimation, graph estimation, robust multi-stage decision making and signal recovery, will have direct and lasting impact in applications as diverse as medical imaging, radar array processing, passive acoustic imaging, and digital communications. Mentoring and collaborating with a graduate student and a shared postdoctoral student across multiple EAGERs are additional aspects of the broader impact of this EAGER.</AbstractNarration>
    <MinAmdLetterDate>02/12/2014</MinAmdLetterDate>
    <MaxAmdLetterDate>02/12/2014</MaxAmdLetterDate>
    <ARRAAmount/>
    <AwardID>1415498</AwardID>
    <Investigator>
      <FirstName>Santosh</FirstName>
      <LastName>Vempala</LastName>
      <EmailAddress>vempala@cc.gatech.edu</EmailAddress>
      <StartDate>02/12/2014</StartDate>
      <EndDate/>
      <RoleCode>Principal Investigator</RoleCode>
    </Investigator>
    <Investigator>
      <FirstName>Vladimir</FirstName>
      <LastName>Koltchinskii</LastName>
      <EmailAddress>vlad@math.gatech.edu</EmailAddress>
      <StartDate>02/12/2014</StartDate>
      <EndDate/>
      <RoleCode>Co-Principal Investigator</RoleCode>
    </Investigator>
    <Investigator>
      <FirstName>Justin</FirstName>
      <LastName>Romberg</LastName>
      <EmailAddress>jrom@ece.gatech.edu</EmailAddress>
      <StartDate>02/12/2014</StartDate>
      <EndDate/>
      <RoleCode>Co-Principal Investigator</RoleCode>
    </Investigator>
    <Investigator>
      <FirstName>Prasad</FirstName>
      <LastName>Tetali</LastName>
      <EmailAddress>tetali@math.gatech.edu</EmailAddress>
      <StartDate>02/12/2014</StartDate>
      <EndDate/>
      <RoleCode>Co-Principal Investigator</RoleCode>
    </Investigator>
    <Investigator>
      <FirstName>Arkadi</FirstName>
      <LastName>Nemirovski</LastName>
      <EmailAddress>nemirovs@isye.gatech.edu</EmailAddress>
      <StartDate>02/12/2014</StartDate>
      <EndDate/>
      <RoleCode>Co-Principal Investigator</RoleCode>
    </Investigator>
    <Institution>
      <Name>Georgia Tech Research Corporation</Name>
      <CityName>Atlanta</CityName>
      <ZipCode>303320420</ZipCode>
      <PhoneNumber>4048944819</PhoneNumber>
      <StreetAddress>Office of Sponsored Programs</StreetAddress>
      <CountryName>United States</CountryName>
      <StateName>Georgia</StateName>
      <StateCode>GA</StateCode>
    </Institution>
    <ProgramElement>
      <Code>1640</Code>
      <Text>INFORMATION TECHNOLOGY RESEARC</Text>
    </ProgramElement>
    <ProgramReference>
      <Code>7723</Code>
      <Text>EXPERIMENTAL EXPEDITIONS</Text>
    </ProgramReference>
    <ProgramReference>
      <Code>7916</Code>
      <Text>EAGER</Text>
    </ProgramReference>
  </Award>
</rootTag>
