<?xml version="1.0" encoding="UTF-8"?>

<rootTag>
  <Award>
    <AwardTitle>EAGER: Development of a Novel Double-resonance Fiber-laser-induced Fluorescence Instrument for Long-term, High-sensitivity, Interference-free Measurements of Hydroxyl Radical (OH)</AwardTitle>
    <AwardEffectiveDate>02/15/2014</AwardEffectiveDate>
    <AwardExpirationDate>01/31/2016</AwardExpirationDate>
    <AwardAmount>265738</AwardAmount>
    <AwardInstrument>
      <Value>Standard Grant</Value>
    </AwardInstrument>
    <Organization>
      <Code>06020104</Code>
      <Directorate>
        <LongName>Directorate for Geosciences</LongName>
      </Directorate>
      <Division>
        <LongName>Division of Atmospheric and Geospace Sciences</LongName>
      </Division>
    </Organization>
    <ProgramOfficer>
      <SignBlockName>Sylvia A. Edgerton</SignBlockName>
    </ProgramOfficer>
    <AbstractNarration>This project focuses on the development of a novel method for measuring ambient hydroxyl radicals (OH) in the atmosphere, based on the use of infra-red, ultra-violet, laser-induced fluorescence (IR-UV LIF). The project is a collaborate effort with scientists in the laboratory of Professor Dr. Andreas Wahner, Director of the Institute for Energy and Climate Research at Forschungszentrum Jülich (FZJ) in Germany. Previous fundamental studies on this method have found that it is highly sensitive and free from chemical interferences, but its use has been restricted to physical-chemistry laboratories due to limitations associated with maintaining the stability of the laser in the field. The scientists will explore the coupling of a highly selective spectroscopic method to the latest advances in fiber laser technology for the development of a novel OH LIF instrument.&lt;br/&gt;&lt;br/&gt;The hydroxyl radical is the most important oxidizing species in the atmosphere. It reacts with many chemical species in air, oxidizing them and serving as a cleansing mechanism for the ultimate removal of important trace gases such as air pollutants and greenhouse gases. The novel method being developed is expected eventually to be adapted worldwide for field use, enabling long-term measurements of the hydroxyl radical. The resulting data will be critical for improving models of air quality and climate change.</AbstractNarration>
    <MinAmdLetterDate>02/14/2014</MinAmdLetterDate>
    <MaxAmdLetterDate>02/14/2014</MaxAmdLetterDate>
    <ARRAAmount/>
    <AwardID>1415257</AwardID>
    <Investigator>
      <FirstName>Frank</FirstName>
      <LastName>Keutsch</LastName>
      <EmailAddress>keutsch@chem.wisc.edu</EmailAddress>
      <StartDate>02/14/2014</StartDate>
      <EndDate/>
      <RoleCode>Principal Investigator</RoleCode>
    </Investigator>
    <Institution>
      <Name>University of Wisconsin-Madison</Name>
      <CityName>MADISON</CityName>
      <ZipCode>537151218</ZipCode>
      <PhoneNumber>6082623822</PhoneNumber>
      <StreetAddress>21 North Park Street</StreetAddress>
      <CountryName>United States</CountryName>
      <StateName>Wisconsin</StateName>
      <StateCode>WI</StateCode>
    </Institution>
    <ProgramElement>
      <Code>1524</Code>
      <Text>ATMOSPHERIC CHEMISTRY</Text>
    </ProgramElement>
    <ProgramReference>
      <Code>7916</Code>
      <Text>EAGER</Text>
    </ProgramReference>
    <ProgramReference>
      <Code>OTHR</Code>
      <Text>OTHER RESEARCH OR EDUCATION</Text>
    </ProgramReference>
  </Award>
</rootTag>
