<?xml version="1.0" encoding="UTF-8"?>

<rootTag>
  <Award>
    <AwardTitle>School on Geometry and Dynamics</AwardTitle>
    <AwardEffectiveDate>03/01/2014</AwardEffectiveDate>
    <AwardExpirationDate>02/28/2015</AwardExpirationDate>
    <AwardAmount>30000</AwardAmount>
    <AwardInstrument>
      <Value>Standard Grant</Value>
    </AwardInstrument>
    <Organization>
      <Code>03040000</Code>
      <Directorate>
        <LongName>Directorate for Mathematical &amp; Physical Sciences</LongName>
      </Directorate>
      <Division>
        <LongName>Division of Mathematical Sciences</LongName>
      </Division>
    </Organization>
    <ProgramOfficer>
      <SignBlockName>Jane Hawkins</SignBlockName>
    </ProgramOfficer>
    <AbstractNarration>This award provides funding to help defray the travel expenses of the 20 US participants to attend the "School on Geometry and Dynamics" to be held from March 31-April 4, 2014, in Luminy/Marseille, France.&lt;br/&gt;&lt;br/&gt;The school, which is hosted by the Centre International de Rencontres Mathématiques (CIRM) in Luminy/Marseille, France, will be organized by international organizing and scientific committees. The PI and co-PI are on the organizing committee. The lecturers are leading researchers in this field and have been chosen for their record of mentoring and nurturing young talent. The members of the organizing and scientific committees will participate as mentors to the young participants, and a small number of carefully picked additional senior participants will do the same. The schedule centers around five 3-hour courses and is designed to leave ample time for one-on-one interactions. The environment at CIRM is ideally suited for concentrated activity and maximal interaction.</AbstractNarration>
    <MinAmdLetterDate>01/17/2014</MinAmdLetterDate>
    <MaxAmdLetterDate>01/17/2014</MaxAmdLetterDate>
    <ARRAAmount/>
    <AwardID>1415825</AwardID>
    <Investigator>
      <FirstName>Boris</FirstName>
      <LastName>Hasselblatt</LastName>
      <EmailAddress>BHasselb@Tufts.edu</EmailAddress>
      <StartDate>01/17/2014</StartDate>
      <EndDate/>
      <RoleCode>Principal Investigator</RoleCode>
    </Investigator>
    <Investigator>
      <FirstName>Moon</FirstName>
      <LastName>Duchin</LastName>
      <EmailAddress>moon.duchin@tufts.edu</EmailAddress>
      <StartDate>01/17/2014</StartDate>
      <EndDate/>
      <RoleCode>Co-Principal Investigator</RoleCode>
    </Investigator>
    <Institution>
      <Name>Tufts University</Name>
      <CityName>Medford</CityName>
      <ZipCode>021555807</ZipCode>
      <PhoneNumber>6176273417</PhoneNumber>
      <StreetAddress>20 Professors Row</StreetAddress>
      <CountryName>United States</CountryName>
      <StateName>Massachusetts</StateName>
      <StateCode>MA</StateCode>
    </Institution>
    <ProgramElement>
      <Code>1265</Code>
      <Text>GEOMETRIC ANALYSIS</Text>
    </ProgramElement>
    <ProgramElement>
      <Code>1281</Code>
      <Text>ANALYSIS PROGRAM</Text>
    </ProgramElement>
    <ProgramReference>
      <Code>7556</Code>
      <Text>CONFERENCE AND WORKSHOPS</Text>
    </ProgramReference>
  </Award>
</rootTag>
