<?xml version="1.0" encoding="UTF-8"?>

<rootTag>
  <Award>
    <AwardTitle>Collaborative: International Deltas Meeting: Genesis, Dynamics, Modelling, and Sustainable Development</AwardTitle>
    <AwardEffectiveDate>05/01/2014</AwardEffectiveDate>
    <AwardExpirationDate>04/30/2015</AwardExpirationDate>
    <AwardAmount>32561</AwardAmount>
    <AwardInstrument>
      <Value>Standard Grant</Value>
    </AwardInstrument>
    <Organization>
      <Code>06030206</Code>
      <Directorate>
        <LongName>Directorate for Geosciences</LongName>
      </Directorate>
      <Division>
        <LongName>Division of Earth Sciences</LongName>
      </Division>
    </Organization>
    <ProgramOfficer>
      <SignBlockName>Jessica H. Robin</SignBlockName>
    </ProgramOfficer>
    <AbstractNarration>This four-day international meeting will bring together 70 participants, including leading experts on delta processes, promising up-and-coming researchers, and graduate students, to present science and synthesize frontier states of knowledge on physical and biological processes in deltaic systems. The meeting will be in Istomino, Russia, on the shore of Lake Baikal and next to the Selenga River delta, one of the world's largest freshwater deltas. The overarching goal for this meeting is to promote discussion amongst international and multidisciplinary scientists who focus on delta research, to describe recent and ongoing scientific advancements, to pinpoint improvements needed, and to foster near-future transformative delta research.&lt;br/&gt;&lt;br/&gt;Owing to their extraordinary natural resources and ecosystem services, river deltas have fostered the development of past and present civilizations, and today host over a half billion people. The sustainability of these coastal landscapes is far from certain, however, due to strong anthropogenic influences including sediment-supply reduction, subsidence from sub-surface fluid extraction, leveeing, and sea-level rise. This international workshop will bring together a multidisciplinary range of delta scientists to influence the delta research agenda at a critical juncture for delta inhabitants. &lt;br/&gt;&lt;br/&gt;Participation of US scientists and students at the workshop is jointly supported by the Geomorphology and Land-use Dynamics program in the Division of Earth Sciences and the International Science and Education section of the Office of International and Integrated Activities.</AbstractNarration>
    <MinAmdLetterDate>03/19/2014</MinAmdLetterDate>
    <MaxAmdLetterDate>03/19/2014</MaxAmdLetterDate>
    <ARRAAmount/>
    <AwardID>1415944</AwardID>
    <Investigator>
      <FirstName>Jeffrey</FirstName>
      <LastName>Nittrouer</LastName>
      <EmailAddress>nittrouer@rice.edu</EmailAddress>
      <StartDate>03/19/2014</StartDate>
      <EndDate/>
      <RoleCode>Principal Investigator</RoleCode>
    </Investigator>
    <Institution>
      <Name>William Marsh Rice University</Name>
      <CityName>HOUSTON</CityName>
      <ZipCode>770051827</ZipCode>
      <PhoneNumber>7133484820</PhoneNumber>
      <StreetAddress>6100 MAIN ST</StreetAddress>
      <CountryName>United States</CountryName>
      <StateName>Texas</StateName>
      <StateCode>TX</StateCode>
    </Institution>
    <ProgramElement>
      <Code>7298</Code>
      <Text>COLLABORATIVE RESEARCH</Text>
    </ProgramElement>
    <ProgramElement>
      <Code>7458</Code>
      <Text>GEOMORPHOLOGY &amp; LAND USE DYNAM</Text>
    </ProgramElement>
    <ProgramReference>
      <Code>5939</Code>
      <Text>US/USSR ACTIVITIES</Text>
    </ProgramReference>
  </Award>
</rootTag>
