<?xml version="1.0" encoding="UTF-8"?>

<rootTag>
  <Award>
    <AwardTitle>Graduate Research Fellowship Program (GRFP)</AwardTitle>
    <AwardEffectiveDate>01/15/2014</AwardEffectiveDate>
    <AwardExpirationDate>12/31/2018</AwardExpirationDate>
    <AwardAmount>44000</AwardAmount>
    <AwardInstrument>
      <Value>Fellowship</Value>
    </AwardInstrument>
    <Organization>
      <Code>11010101</Code>
      <Directorate>
        <LongName>Directorate for Education &amp; Human Resources</LongName>
      </Directorate>
      <Division>
        <LongName>Division of Graduate Education</LongName>
      </Division>
    </Organization>
    <ProgramOfficer>
      <SignBlockName>Gisele T. Muller-Parker</SignBlockName>
    </ProgramOfficer>
    <AbstractNarration>The National Science Foundation (NSF) Graduate Research Fellowship Program (GRFP) is a highly competitive, federal fellowship program. GRFP helps ensure the vitality and diversity of the scientific and engineering workforce in the United States by recognizing and supporting outstanding graduate students who are pursuing research-based master's and doctoral degrees in fields within NSF's mission. GRFP provides three years of support for the graduate education of individuals who have demonstrated their potential for significant achievements in science and engineering research. The award to this GRFP institution supports NSF Graduate Fellows pursuing graduate education at the institution.</AbstractNarration>
    <MinAmdLetterDate>01/15/2014</MinAmdLetterDate>
    <MaxAmdLetterDate>03/14/2014</MaxAmdLetterDate>
    <ARRAAmount/>
    <AwardID>1417537</AwardID>
    <Investigator>
      <FirstName>Stephen</FirstName>
      <LastName>Gent</LastName>
      <EmailAddress>stephen.gent@sdstate.edu</EmailAddress>
      <StartDate>01/15/2014</StartDate>
      <EndDate/>
      <RoleCode>Principal Investigator</RoleCode>
    </Investigator>
    <Institution>
      <Name>South Dakota State University</Name>
      <CityName>Brookings</CityName>
      <ZipCode>570070001</ZipCode>
      <PhoneNumber>6056886696</PhoneNumber>
      <StreetAddress>Administration Lane</StreetAddress>
      <CountryName>United States</CountryName>
      <StateName>South Dakota</StateName>
      <StateCode>SD</StateCode>
    </Institution>
    <ProgramElement>
      <Code>7172</Code>
      <Text>GRADUATE RESEARCH FELLOWSHIPS</Text>
    </ProgramElement>
    <ProgramReference>
      <Code>7172</Code>
      <Text>GRADUATE FELLOWSHIPS</Text>
    </ProgramReference>
    <ProgramReference>
      <Code>9179</Code>
      <Text>GRADUATE INVOLVEMENT</Text>
    </ProgramReference>
    <ProgramReference>
      <Code/>
      <Text/>
    </ProgramReference>
  </Award>
</rootTag>
