<?xml version="1.0" encoding="UTF-8"?>

<rootTag>
  <Award>
    <AwardTitle>EAGER: Mantle Rheology and the Dynamics of Suboceanic Mantle: A Bottom-Up Approach</AwardTitle>
    <AwardEffectiveDate>04/01/2014</AwardEffectiveDate>
    <AwardExpirationDate>03/31/2016</AwardExpirationDate>
    <AwardAmount>205583</AwardAmount>
    <AwardInstrument>
      <Value>Standard Grant</Value>
    </AwardInstrument>
    <Organization>
      <Code>06040200</Code>
      <Directorate>
        <LongName>Directorate for Geosciences</LongName>
      </Directorate>
      <Division>
        <LongName>Division of Ocean Sciences</LongName>
      </Division>
    </Organization>
    <ProgramOfficer>
      <SignBlockName>Donna Blackman</SignBlockName>
    </ProgramOfficer>
    <AbstractNarration>The pattern of flow in the mantle cannot be observed directly but is informed by implementing models of known physical behavior of Earth materials in computer simulations. There are uncertainties associated with this approach and this project targets one of them- the imperfect knowledge about how mantle minerals deform. Laboratory studies provide constraints but both the direct measurements and the inferred material flow laws have uncertainty. A quantitative description of this uncertainty in microscopic behavior will, for the first time, be included directly in the macro-scale mantle flow simulations. This will result in a probabilistic description of the model spaces relevant for the Earth for a range of likely constituent architectures. Local mineral deformation mechanism, grain size, potential temperature, pressure, water, and melt are all known to affect stress-strain relations in mantle rock. A previously developed Bayesian method will be modified to allow various architectures to be included. A graduate student will receive training at a forefront of numerical modeling in geophysics and will gain insight to laboratory results- a cross disciplinary background that is not typical in most departments. A website will be developed for researchers to query for self-consistent descriptions of mantle flow law specification.</AbstractNarration>
    <MinAmdLetterDate>03/21/2014</MinAmdLetterDate>
    <MaxAmdLetterDate>03/21/2014</MaxAmdLetterDate>
    <ARRAAmount/>
    <AwardID>1417327</AwardID>
    <Investigator>
      <FirstName>Jun</FirstName>
      <LastName>Korenaga</LastName>
      <EmailAddress>jun.korenaga@yale.edu</EmailAddress>
      <StartDate>03/21/2014</StartDate>
      <EndDate/>
      <RoleCode>Principal Investigator</RoleCode>
    </Investigator>
    <Institution>
      <Name>Yale University</Name>
      <CityName>New Haven</CityName>
      <ZipCode>065208047</ZipCode>
      <PhoneNumber>2037854689</PhoneNumber>
      <StreetAddress>P.O. Box 208047</StreetAddress>
      <CountryName>United States</CountryName>
      <StateName>Connecticut</StateName>
      <StateCode>CT</StateCode>
    </Institution>
    <ProgramElement>
      <Code>1620</Code>
      <Text>MARINE GEOLOGY AND GEOPHYSICS</Text>
    </ProgramElement>
    <ProgramElement>
      <Code>1574</Code>
      <Text>GEOPHYSICS</Text>
    </ProgramElement>
    <ProgramReference>
      <Code>0000</Code>
      <Text>UNASSIGNED</Text>
    </ProgramReference>
    <ProgramReference>
      <Code>1031</Code>
      <Text>STUDIES OF THE EARTH'S DEEP INTERIOR</Text>
    </ProgramReference>
    <ProgramReference>
      <Code>7916</Code>
      <Text>EAGER</Text>
    </ProgramReference>
    <ProgramReference>
      <Code>OTHR</Code>
      <Text>OTHER RESEARCH OR EDUCATION</Text>
    </ProgramReference>
  </Award>
</rootTag>
