<?xml version="1.0" encoding="UTF-8"?>

<rootTag>
  <Award>
    <AwardTitle>Support for Participation in Logic and Computational Complexity: Workshop in Honor of Neil Immerman</AwardTitle>
    <AwardEffectiveDate>04/01/2014</AwardEffectiveDate>
    <AwardExpirationDate>03/31/2015</AwardExpirationDate>
    <AwardAmount>12250</AwardAmount>
    <AwardInstrument>
      <Value>Standard Grant</Value>
    </AwardInstrument>
    <Organization>
      <Code>05010000</Code>
      <Directorate>
        <LongName>Directorate for Computer &amp; Information Science &amp; Engineering</LongName>
      </Directorate>
      <Division>
        <LongName>Division of Computer and Communication Foundations</LongName>
      </Division>
    </Organization>
    <ProgramOfficer>
      <SignBlockName>Sol J. Greenspan</SignBlockName>
    </ProgramOfficer>
    <AbstractNarration>The grant provides travel support for graduate students to attend the 2014 Logic and Computational Complexity Workshop that will take place in Vienna, Austria, on July 12-13, 2014, which is taking place during the Vienna Summer of Logic event, which encompasses the Federated Logic Conferences (FLoC'2014). Funding for student travel has significant broader impacts because of the opportunity it gives the students to become part of their research community, discuss their research with others, listen to and meet with leaders in the field. This workshop is international and provides an international dimension, because students will have experiences relevant to becoming part of a global workforce.</AbstractNarration>
    <MinAmdLetterDate>03/18/2014</MinAmdLetterDate>
    <MaxAmdLetterDate>03/18/2014</MaxAmdLetterDate>
    <ARRAAmount/>
    <AwardID>1417174</AwardID>
    <Investigator>
      <FirstName>Shlomo</FirstName>
      <LastName>Zilberstein</LastName>
      <EmailAddress>shlomo@cs.umass.edu</EmailAddress>
      <StartDate>03/18/2014</StartDate>
      <EndDate/>
      <RoleCode>Principal Investigator</RoleCode>
    </Investigator>
    <Institution>
      <Name>University of Massachusetts Amherst</Name>
      <CityName>AMHERST</CityName>
      <ZipCode>010039242</ZipCode>
      <PhoneNumber>4135450698</PhoneNumber>
      <StreetAddress>Research Administration Building</StreetAddress>
      <CountryName>United States</CountryName>
      <StateName>Massachusetts</StateName>
      <StateCode>MA</StateCode>
    </Institution>
    <ProgramElement>
      <Code>7798</Code>
      <Text>SOFTWARE &amp; HARDWARE FOUNDATION</Text>
    </ProgramElement>
    <ProgramElement>
      <Code>7796</Code>
      <Text>ALGORITHMIC FOUNDATIONS</Text>
    </ProgramElement>
    <ProgramReference>
      <Code>7943</Code>
      <Text>PROGRAMMING LANGUAGES</Text>
    </ProgramReference>
    <ProgramReference>
      <Code>7927</Code>
      <Text>COMPLEXITY &amp; CRYPTOGRAPHY</Text>
    </ProgramReference>
    <ProgramReference>
      <Code>8206</Code>
      <Text>Formal Methods and Verification</Text>
    </ProgramReference>
    <ProgramReference>
      <Code>7944</Code>
      <Text>SOFTWARE ENG &amp; FORMAL METHODS</Text>
    </ProgramReference>
  </Award>
</rootTag>
