<?xml version="1.0" encoding="UTF-8"?>

<rootTag>
  <Award>
    <AwardTitle>CAREER: A Generalized Compressive Sensing Approach to Data Acquisition and Ad-Hoc Sensor Networking</AwardTitle>
    <AwardEffectiveDate>01/01/2014</AwardEffectiveDate>
    <AwardExpirationDate>01/31/2016</AwardExpirationDate>
    <AwardAmount>334832</AwardAmount>
    <AwardInstrument>
      <Value>Standard Grant</Value>
    </AwardInstrument>
    <Organization>
      <Code>07010007</Code>
      <Directorate>
        <LongName>Directorate for Engineering</LongName>
      </Directorate>
      <Division>
        <LongName>Division of Electrical, Communications and Cyber Systems</LongName>
      </Division>
    </Organization>
    <ProgramOfficer>
      <SignBlockName>Zhi Tian</SignBlockName>
    </ProgramOfficer>
    <AbstractNarration>The objective of this project is to advance the field of compressive sensing and broaden its scope into a multitude of new applications, such as ad hoc networking, by significantly enhancing the efficiency through the utilization of problem-specific signals and systems properties. The proposed approach is to design a novel rateless-coding-inspired generalized compressive sensing (GCS) framework and to integrate it into different stages of sensing, information processing, and cross-layer designs in the network design processes.&lt;br/&gt;&lt;br/&gt;Intellectual Merit: The proposed research bridges the gap between the advanced theoretical research on modern coding and compressive sensing, as to significantly enhance the efficiency of data acquisition and ad hoc networking. GCS offers the flexibility of exploiting problem-specific properties, such as non-uniform sparsity and non-uniform importance of data in the sensing and recovery phases. This is expected to result in a significant reduction in sensing and communication costs. Through cross-layer design of GCS and underlying network protocols, efficient data acquisition and distributed data storage problems in sensor networks will be investigated.&lt;br/&gt;&lt;br/&gt;Broader Impacts: This proposal is expected to have a significant direct impact on advancing the theory and practice of compressive sensing and an indirect impact on many areas in which compressive sensing has potential application, such as medical imaging, hyper-spectral imaging, and bio-informatics. Furthermore, it expected to have an impact on increasing the participation of under-represented students in the PI's research group, as well as in promoting engineering education among high school students, in integration of research and education through curriculum development/revision, in training graduate students, and in promoting multidisciplinary research and collaboration through initiating ECE Seminar Day Program at OSU.</AbstractNarration>
    <MinAmdLetterDate>01/17/2014</MinAmdLetterDate>
    <MaxAmdLetterDate>01/17/2014</MaxAmdLetterDate>
    <ARRAAmount/>
    <AwardID>1418710</AwardID>
    <Investigator>
      <FirstName>Nazanin</FirstName>
      <LastName>Rahnavard</LastName>
      <EmailAddress>nazanin.rahnavard@okstate.edu</EmailAddress>
      <StartDate>01/17/2014</StartDate>
      <EndDate/>
      <RoleCode>Principal Investigator</RoleCode>
    </Investigator>
    <Institution>
      <Name>University of Central Florida</Name>
      <CityName>ORLANDO</CityName>
      <ZipCode>328168005</ZipCode>
      <PhoneNumber>4078821120</PhoneNumber>
      <StreetAddress>4000 CNTRL FLORIDA BLVD</StreetAddress>
      <CountryName>United States</CountryName>
      <StateName>Florida</StateName>
      <StateCode>FL</StateCode>
    </Institution>
    <ProgramElement>
      <Code>7564</Code>
      <Text>COMMS, CIRCUITS &amp; SENS SYS</Text>
    </ProgramElement>
    <ProgramReference>
      <Code>1045</Code>
      <Text>CAREER: FACULTY EARLY CAR DEV</Text>
    </ProgramReference>
    <ProgramReference>
      <Code>1187</Code>
      <Text>PECASE- eligible</Text>
    </ProgramReference>
    <ProgramReference>
      <Code>9150</Code>
      <Text>EXP PROG TO STIM COMP RES</Text>
    </ProgramReference>
    <ProgramReference>
      <Code>153E</Code>
      <Text>Wireless comm &amp; sig processing</Text>
    </ProgramReference>
  </Award>
</rootTag>
