<?xml version="1.0" encoding="UTF-8"?>

<rootTag>
  <Award>
    <AwardTitle>IEEE DySPAN 2014 Student Travel Grant</AwardTitle>
    <AwardEffectiveDate>02/15/2014</AwardEffectiveDate>
    <AwardExpirationDate>01/31/2015</AwardExpirationDate>
    <AwardAmount>25898</AwardAmount>
    <AwardInstrument>
      <Value>Standard Grant</Value>
    </AwardInstrument>
    <Organization>
      <Code>03020000</Code>
      <Directorate>
        <LongName>Directorate for Mathematical &amp; Physical Sciences</LongName>
      </Directorate>
      <Division>
        <LongName>Division of Astronomical Sciences</LongName>
      </Division>
    </Organization>
    <ProgramOfficer>
      <SignBlockName>Glen Langston</SignBlockName>
    </ProgramOfficer>
    <AbstractNarration>The activity will support travel for up to 20 students to attend and present at the IEEE International Symposium on New Frontiers in Dynamic Spectrum Access Networks (DySPAN), which will take place in McLean Virginia, USA from April 1 till April 4, 2014. The grants will provide partial support for travel, housing, and conference attendance. The topic of this conference is of great relevance to the NSF?s interests in spectrum management for research applications, particularly radio astronomy.&lt;br/&gt;&lt;br/&gt;The special themes of this event are advanced spectrum engineering and regulatory approaches focusing on sharing Government spectrum (e.g.: S-band RADAR), novel spectrum sharing methods and policies, business and economic modeling studies and systems oriented research.</AbstractNarration>
    <MinAmdLetterDate>02/10/2014</MinAmdLetterDate>
    <MaxAmdLetterDate>02/10/2014</MaxAmdLetterDate>
    <ARRAAmount/>
    <AwardID>1418713</AwardID>
    <Investigator>
      <FirstName>Carl</FirstName>
      <LastName>Dietrich</LastName>
      <EmailAddress>cdietric@vt.edu</EmailAddress>
      <StartDate>02/10/2014</StartDate>
      <EndDate/>
      <RoleCode>Principal Investigator</RoleCode>
    </Investigator>
    <Institution>
      <Name>Virginia Polytechnic Institute and State University</Name>
      <CityName>BLACKSBURG</CityName>
      <ZipCode>240610001</ZipCode>
      <PhoneNumber>5402315281</PhoneNumber>
      <StreetAddress>Sponsored Programs 0170</StreetAddress>
      <CountryName>United States</CountryName>
      <StateName>Virginia</StateName>
      <StateCode>VA</StateCode>
    </Institution>
    <ProgramElement>
      <Code>7976</Code>
      <Text>EARS</Text>
    </ProgramElement>
    <ProgramReference>
      <Code>7556</Code>
      <Text>CONFERENCE AND WORKSHOPS</Text>
    </ProgramReference>
    <ProgramReference>
      <Code>7976</Code>
      <Text>EARS</Text>
    </ProgramReference>
  </Award>
</rootTag>
