<?xml version="1.0" encoding="UTF-8"?>

<rootTag>
  <Award>
    <AwardTitle>ATD: Improving Analysis of Microbial Mixtures through Sparse Reconstruction Algorithms and Statistical Inference</AwardTitle>
    <AwardEffectiveDate>09/01/2013</AwardEffectiveDate>
    <AwardExpirationDate>08/31/2014</AwardExpirationDate>
    <AwardAmount>378802</AwardAmount>
    <AwardInstrument>
      <Value>Standard Grant</Value>
    </AwardInstrument>
    <Organization>
      <Code>03040000</Code>
      <Directorate>
        <LongName>Directorate for Mathematical &amp; Physical Sciences</LongName>
      </Directorate>
      <Division>
        <LongName>Division of Mathematical Sciences</LongName>
      </Division>
    </Organization>
    <ProgramOfficer>
      <SignBlockName>Leland M. Jameson</SignBlockName>
    </ProgramOfficer>
    <AbstractNarration>The project aims to improve microbial classification and comparison from next-generation sequencing technology. The first objective is to improve microbial identification from short reads, using a Bayesian classifier. While the classifier is fast, it can rely on a large set of features. This is due to its reliance on fixed DNA word sizes that may have many zero-frequencies when the word size is long. The investigators propose to compensate the classifier with a zero-inflated negative binomial and Poisson models, instead of traditionally using linguistic "smoothing" techniques that are ad-hoc at best. The second objective is to reduce the feature size for whole-genome analysis. For long DNA word sizes, there is an enormous feature space, and by using random manifolds, compressive sensing, and other techniques, the investigators propose to reduce the feature space while retaining accuracy of microbial classification. Finally, the third objective is to be able to model and fit functions to microbial population changes in a gradient (a changing environmental factor), especially when many of the data points are missing. This final objective will allow biologists and ecologists to now correlate the microbial composition (from the first two objectives) to environmental factors and to model microbial changes and thus improve future threat detection.&lt;br/&gt;&lt;br/&gt;The investigators are developing mathematical methods to model how an environment is uniquely identified by its microbial community. Because a chemical will not have to be measured directly, the projects' results will enable advances in biotechnology for trace chemical detection and forensics. An example is modeling soil microbial community changes in response to buried explosives in order to enhance detection of these devices and secure our troops.</AbstractNarration>
    <MinAmdLetterDate>02/10/2014</MinAmdLetterDate>
    <MaxAmdLetterDate>02/10/2014</MaxAmdLetterDate>
    <ARRAAmount/>
    <AwardID>1418744</AwardID>
    <Investigator>
      <FirstName>Simon</FirstName>
      <LastName>Foucart</LastName>
      <EmailAddress>foucart@math.drexel.edu</EmailAddress>
      <StartDate>02/10/2014</StartDate>
      <EndDate/>
      <RoleCode>Principal Investigator</RoleCode>
    </Investigator>
    <Institution>
      <Name>University of Georgia Research Foundation Inc</Name>
      <CityName>ATHENS</CityName>
      <ZipCode>306025016</ZipCode>
      <PhoneNumber>7065425939</PhoneNumber>
      <StreetAddress>200 D.W. Brooks Drive</StreetAddress>
      <CountryName>United States</CountryName>
      <StateName>Georgia</StateName>
      <StateCode>GA</StateCode>
    </Institution>
    <ProgramElement>
      <Code>7552</Code>
      <Text>COFFES</Text>
    </ProgramElement>
    <ProgramElement>
      <Code>K515</Code>
      <Text/>
    </ProgramElement>
    <ProgramElement>
      <Code>K590</Code>
      <Text/>
    </ProgramElement>
    <ProgramReference>
      <Code>6877</Code>
      <Text>ALGORITHMS IN THREAT DETECTION</Text>
    </ProgramReference>
  </Award>
</rootTag>
