<?xml version="1.0" encoding="UTF-8"?>

<rootTag>
  <Award>
    <AwardTitle>NeTS: Small: RUI: On-Demand Spectrum Access: Application-Oriented Dynamic Spectrum Access</AwardTitle>
    <AwardEffectiveDate>12/04/2013</AwardEffectiveDate>
    <AwardExpirationDate>08/31/2015</AwardExpirationDate>
    <AwardAmount>421687</AwardAmount>
    <AwardInstrument>
      <Value>Standard Grant</Value>
    </AwardInstrument>
    <Organization>
      <Code>05050000</Code>
      <Directorate>
        <LongName>Directorate for Computer &amp; Information Science &amp; Engineering</LongName>
      </Directorate>
      <Division>
        <LongName>Division of Computer and Network Systems</LongName>
      </Division>
    </Organization>
    <ProgramOfficer>
      <SignBlockName>Thyagarajan Nandagopal</SignBlockName>
    </ProgramOfficer>
    <AbstractNarration>With the proliferated growth of wireless communication services, the radio spectrum has become a precious resource. On the other hand, many licensed spectrum bands are considerably under-utilized in both time and spatial domains. This situation has motivated dynamic spectrum access to increase spectrum utilization. &lt;br/&gt;&lt;br/&gt;This project proposes a novel application-oriented dynamic spectrum access model, termed on-demand spectrum access (ODSA), to capitalize on recent spectrum policies evolution, while eliminate technical barriers bothering the existing dynamic spectrum access model. We consider a spectrum service provider to offer on-demand spectrum services to users, such that users can dynamically set up application-oriented virtual topologies to carry out specific applications. This project will develop optimal or near-optimal spectrum allocation algorithms, and novel techniques to improve spectrum sharing and increase spectrum utilization. &lt;br/&gt;&lt;br/&gt;The developed algorithms, techniques, and architectures have the potential to affect the spectrum authorities on policy reform of spectrum management, and affect the design, deployment, and operation of future wireless communication systems, to result in significant economical, societal, and public safety impacts. This project also offers an excellent opportunity to promote broadening participation of underrepresented minority students in research and education, by directly supporting underrepresented minority students and outreach activities.</AbstractNarration>
    <MinAmdLetterDate>12/20/2013</MinAmdLetterDate>
    <MaxAmdLetterDate>03/20/2014</MaxAmdLetterDate>
    <ARRAAmount/>
    <AwardID>1418012</AwardID>
    <Investigator>
      <FirstName>Chunsheng</FirstName>
      <LastName>Xin</LastName>
      <EmailAddress>cxin@odu.edu</EmailAddress>
      <StartDate>12/20/2013</StartDate>
      <EndDate/>
      <RoleCode>Principal Investigator</RoleCode>
    </Investigator>
    <Institution>
      <Name>Old Dominion University Research Foundation</Name>
      <CityName>NORFOLK</CityName>
      <ZipCode>235082561</ZipCode>
      <PhoneNumber>7576834293</PhoneNumber>
      <StreetAddress>4111 Monarch Way</StreetAddress>
      <CountryName>United States</CountryName>
      <StateName>Virginia</StateName>
      <StateCode>VA</StateCode>
    </Institution>
    <ProgramElement>
      <Code>7363</Code>
      <Text>RES IN NETWORKING TECH &amp; SYS</Text>
    </ProgramElement>
    <ProgramElement>
      <Code>1714</Code>
      <Text>SPECIAL PROJECTS - CISE</Text>
    </ProgramElement>
    <ProgramReference>
      <Code>7363</Code>
      <Text>RES IN NETWORKING TECH &amp; SYS</Text>
    </ProgramReference>
    <ProgramReference>
      <Code>7923</Code>
      <Text>SMALL PROJECT</Text>
    </ProgramReference>
    <ProgramReference>
      <Code>9229</Code>
      <Text>RES IN UNDERGRAD INST-RESEARCH</Text>
    </ProgramReference>
    <ProgramReference>
      <Code>9251</Code>
      <Text>RES EXPER FOR UNDERGRAD-SUPPLT</Text>
    </ProgramReference>
  </Award>
</rootTag>
