<?xml version="1.0" encoding="UTF-8"?>

<rootTag>
  <Award>
    <AwardTitle>Proposal for NSF support of the ACS Symposium "Controlled/Living Radical Polymerization" to be held in San Francisco, CA, August 10-14, 2014</AwardTitle>
    <AwardEffectiveDate>05/01/2014</AwardEffectiveDate>
    <AwardExpirationDate>04/30/2015</AwardExpirationDate>
    <AwardAmount>4000</AwardAmount>
    <AwardInstrument>
      <Value>Standard Grant</Value>
    </AwardInstrument>
    <Organization>
      <Code>03070000</Code>
      <Directorate>
        <LongName>Directorate for Mathematical &amp; Physical Sciences</LongName>
      </Directorate>
      <Division>
        <LongName>Division of Materials Research</LongName>
      </Division>
    </Organization>
    <ProgramOfficer>
      <SignBlockName>Freddy A. Khoury</SignBlockName>
    </ProgramOfficer>
    <AbstractNarration>TECHNICAL AND NON TECHNICAL ABSTRACT&lt;br/&gt;The "Controlled/Living Polymerization" symposium offers a comprehensive coverage of recent developments in the very active field of polymerization methods resulting in macromolecules with precisely controlled dimensions, topologies, and functionalities, and the consequent structure/property characteristics and the diverse applicationsof these materials. The symposium offers a comprehensive opportunity for the exchange and cross-fertilization of ideas among both academic and industrial experts in the field. The symposium also offers an opportunity for participating young researchers, including the planned participation of underrepresented minorities, to gain from such career orienting exposure , as well as to present their work.</AbstractNarration>
    <MinAmdLetterDate>01/28/2014</MinAmdLetterDate>
    <MaxAmdLetterDate>01/28/2014</MaxAmdLetterDate>
    <ARRAAmount/>
    <AwardID>1419548</AwardID>
    <Investigator>
      <FirstName>Brent</FirstName>
      <LastName>Sumerlin</LastName>
      <EmailAddress>sumerlin@chem.ufl.edu</EmailAddress>
      <StartDate>01/28/2014</StartDate>
      <EndDate/>
      <RoleCode>Principal Investigator</RoleCode>
    </Investigator>
    <Institution>
      <Name>University of Florida</Name>
      <CityName>GAINESVILLE</CityName>
      <ZipCode>326112002</ZipCode>
      <PhoneNumber>3523923516</PhoneNumber>
      <StreetAddress>1 UNIVERSITY OF FLORIDA</StreetAddress>
      <CountryName>United States</CountryName>
      <StateName>Florida</StateName>
      <StateCode>FL</StateCode>
    </Institution>
    <ProgramElement>
      <Code>1773</Code>
      <Text>POLYMERS</Text>
    </ProgramElement>
  </Award>
</rootTag>
