<?xml version="1.0" encoding="UTF-8"?>

<rootTag>
  <Award>
    <AwardTitle>Gordon Research Conference (GRC) Biogenic Hydrocarbons and the Atmosphere: Interactions in a Changing World; Girona - Costa Brava, Spain; June 29-July 4, 2014</AwardTitle>
    <AwardEffectiveDate>04/01/2014</AwardEffectiveDate>
    <AwardExpirationDate>03/31/2015</AwardExpirationDate>
    <AwardAmount>30000</AwardAmount>
    <AwardInstrument>
      <Value>Standard Grant</Value>
    </AwardInstrument>
    <Organization>
      <Code>06020100</Code>
      <Directorate>
        <LongName>Directorate for Geosciences</LongName>
      </Directorate>
      <Division>
        <LongName>Division of Atmospheric and Geospace Sciences</LongName>
      </Division>
    </Organization>
    <ProgramOfficer>
      <SignBlockName>Sylvia A. Edgerton</SignBlockName>
    </ProgramOfficer>
    <AbstractNarration>Atmospheric science researchers from international universities, government laboratories, and private research institutes, will meet under the auspices of the Gordon Research Conferences (GRC) to discuss information and ideas on topic of biogenic hydrocarbons and the atmosphere. A Gordon Research Conference is not only an arena dedicated to presentations and discussions of cutting edge research but also traditionally an outstanding opportunity for junior scientists (e.g., senior graduate students, post-doctoral fellows, and assistant professors) to interact with senior and world-leading scientists in diverse fields. This workshop, "Biogenic Hydrocarbons and the Atmosphere: Interactions in a Changing World" will take place in Spain from 29 June-4 July 2014. &lt;br/&gt;&lt;br/&gt;The conference will bring together leaders and scholars from several different scientific communities, including biologists, ecosystem ecologists, and atmospheric scientists to report and discuss the latest research findings on hydrocarbon emissions and biosynthesis, ecosystem-atmosphere interactions, and transport and chemical processing of hydrocarbons in the atmosphere. Discussions will take place to identify and address current gaps in present knowledge about biogenic hydrocarbons and the atmosphere. &lt;br/&gt;&lt;br/&gt;Conference support is focused on promoting the attendance of U.S. participants who are postdoctoral scholars, graduate students, and early career scientists. Other federal agencies and private companies are providing additional support. This meeting will be the 7th Gordon Research Conference to address the topic of "Biogenic Hydrocarbons and the Atmosphere," the first of which was in the year 2000.</AbstractNarration>
    <MinAmdLetterDate>03/25/2014</MinAmdLetterDate>
    <MaxAmdLetterDate>03/25/2014</MaxAmdLetterDate>
    <ARRAAmount/>
    <AwardID>1419322</AwardID>
    <Investigator>
      <FirstName>Allison</FirstName>
      <LastName>Steiner</LastName>
      <EmailAddress>alsteiner@umich.edu</EmailAddress>
      <StartDate>03/25/2014</StartDate>
      <EndDate/>
      <RoleCode>Principal Investigator</RoleCode>
    </Investigator>
    <Institution>
      <Name>Gordon Research Conferences</Name>
      <CityName>West Kingston</CityName>
      <ZipCode>028920000</ZipCode>
      <PhoneNumber>4017834011</PhoneNumber>
      <StreetAddress>512 Liberty Lane</StreetAddress>
      <CountryName>United States</CountryName>
      <StateName>Rhode Island</StateName>
      <StateCode>RI</StateCode>
    </Institution>
    <ProgramElement>
      <Code>1524</Code>
      <Text>ATMOSPHERIC CHEMISTRY</Text>
    </ProgramElement>
    <ProgramReference>
      <Code>9150</Code>
      <Text>EXP PROG TO STIM COMP RES</Text>
    </ProgramReference>
    <ProgramReference>
      <Code>OTHR</Code>
      <Text>OTHER RESEARCH OR EDUCATION</Text>
    </ProgramReference>
  </Award>
</rootTag>
