<?xml version="1.0" encoding="UTF-8"?>

<rootTag>
  <Award>
    <AwardTitle>FY 2014 Business Research and Development Survey Operations</AwardTitle>
    <AwardEffectiveDate>01/15/2014</AwardEffectiveDate>
    <AwardExpirationDate>01/31/2015</AwardExpirationDate>
    <AwardAmount>3826488</AwardAmount>
    <AwardInstrument>
      <Value>Contract Interagency Agreement</Value>
    </AwardInstrument>
    <Organization>
      <Code>04030005</Code>
      <Directorate>
        <LongName>Directorate for Social, Behavioral &amp; Economic Sciences</LongName>
      </Directorate>
      <Division>
        <LongName>National Center for Science and Engineering Statistics.</LongName>
      </Division>
    </Organization>
    <ProgramOfficer>
      <SignBlockName>RAYMOND M WOLFE</SignBlockName>
    </ProgramOfficer>
    <AbstractNarration/>
    <MinAmdLetterDate>01/23/2014</MinAmdLetterDate>
    <MaxAmdLetterDate>01/23/2014</MaxAmdLetterDate>
    <ARRAAmount/>
    <AwardID>1419168</AwardID>
    <Investigator>
      <FirstName>Richard</FirstName>
      <LastName>Hough</LastName>
      <EmailAddress>richard.s.hough@census.gov</EmailAddress>
      <StartDate>01/23/2014</StartDate>
      <EndDate/>
      <RoleCode>Principal Investigator</RoleCode>
    </Investigator>
    <Institution>
      <Name>Bureau of the Census</Name>
      <CityName>Washington</CityName>
      <ZipCode>20233</ZipCode>
      <PhoneNumber/>
      <StreetAddress/>
      <CountryName>United States</CountryName>
      <StateName>District of Columbia</StateName>
      <StateCode>DC</StateCode>
    </Institution>
    <ProgramElement>
      <Code>7911</Code>
      <Text>SRS SURVEY</Text>
    </ProgramElement>
    <ProgramElement>
      <Code>8802</Code>
      <Text>RESEARCH &amp; DEVELOPMENT STATIST</Text>
    </ProgramElement>
    <ProgramReference>
      <Code>OTHR</Code>
      <Text>OTHER RESEARCH OR EDUCATION</Text>
    </ProgramReference>
  </Award>
</rootTag>
