<?xml version="1.0" encoding="UTF-8"?>

<rootTag>
  <Award>
    <AwardTitle>Oceanographic Instrumentation, RV Blue Heron, 2014</AwardTitle>
    <AwardEffectiveDate>04/01/2014</AwardEffectiveDate>
    <AwardExpirationDate>03/31/2016</AwardExpirationDate>
    <AwardAmount>12956</AwardAmount>
    <AwardInstrument>
      <Value>Standard Grant</Value>
    </AwardInstrument>
    <Organization>
      <Code>06040100</Code>
      <Directorate>
        <LongName>Directorate for Geosciences</LongName>
      </Directorate>
      <Division>
        <LongName>Division of Ocean Sciences</LongName>
      </Division>
    </Organization>
    <ProgramOfficer>
      <SignBlockName>James S. Holik</SignBlockName>
    </ProgramOfficer>
    <AbstractNarration>A request is made to fund additional and back-up instrumentation for the R/V Blue Heron, an 86 foot Coastal Vessel owned by the University of Minnesota and operated by the Large Lakes Observatory as part of the University-National Oceanographic Laboratory System (UNOLS) research fleet. &lt;br/&gt;&lt;br/&gt;The Large Lakes Observatory operates the largest university-owned research vessel on the Great Lakes, the R/V Blue Heron. Built in 1985 for fishing on the Grand Banks, the Blue Heron was purchased by the University of Minnesota in 1997, sailed from Portland, Maine, up the St. Lawrence Seaway to Duluth, and converted into a limnological research vessel during the winter of 1997-98. She is outfitted with state-of-the-art research equipment, has berthing for 11 crew and scientists, and can operate 24 hours per day for up to 21 days in between port calls. The Blue Heron is part of the University National Oceanographic Laboratory System (UNOLS), and is available for charter by research scientists on any of the Great Lakes. In 2013, the vessel completed 62 funded days where 25 (40%) were for NSF. In 2014, Blue Heron is currently scheduled for 42 days, 4 of these (9%) will be for NSF.&lt;br/&gt;&lt;br/&gt;Oceanographic Instrumentation requested in this proposal includes:&lt;br/&gt; 1) Refurbished multibeam sonar head $12,956 &lt;br/&gt; 2) Knudsen echosounder upgrade $11,616 &lt;br/&gt; $24,572 &lt;br/&gt;Broader Impacts&lt;br/&gt;The principal impact of the present proposal is under Merit Review Criterion 2 of the Proposal Guidelines (NSF 13-589). It provides infrastructure support for scientists to use the vessel and its shared-use instrumentation in support of their NSF-funded oceanographic research projects (which individually undergo separate review by the relevant research program of NSF). The acquisition, maintenance and operation of shared-use instrumentation allows NSF-funded researchers from any US university or lab access to working, calibrated instruments for their research, reducing the cost of that research, and expanding the base of potential researchers.</AbstractNarration>
    <MinAmdLetterDate>03/24/2014</MinAmdLetterDate>
    <MaxAmdLetterDate>03/24/2014</MaxAmdLetterDate>
    <ARRAAmount/>
    <AwardID>1419244</AwardID>
    <Investigator>
      <FirstName>Richard</FirstName>
      <LastName>Ricketts</LastName>
      <EmailAddress>ricketts@d.umn.edu</EmailAddress>
      <StartDate>03/24/2014</StartDate>
      <EndDate/>
      <RoleCode>Principal Investigator</RoleCode>
    </Investigator>
    <Institution>
      <Name>University of Minnesota Duluth</Name>
      <CityName>Duluth</CityName>
      <ZipCode>558123011</ZipCode>
      <PhoneNumber>2187267582</PhoneNumber>
      <StreetAddress>1049 University Drive</StreetAddress>
      <CountryName>United States</CountryName>
      <StateName>Minnesota</StateName>
      <StateCode>MN</StateCode>
    </Institution>
    <ProgramElement>
      <Code>5413</Code>
      <Text>OCEANOGRAPHIC INSTRUMENTATION</Text>
    </ProgramElement>
  </Award>
</rootTag>
