<?xml version="1.0" encoding="UTF-8"?>

<rootTag>
  <Award>
    <AwardTitle>Midwest Women in Math Symposium (Midwest WIMS)</AwardTitle>
    <AwardEffectiveDate>02/01/2014</AwardEffectiveDate>
    <AwardExpirationDate>01/31/2015</AwardExpirationDate>
    <AwardAmount>23329</AwardAmount>
    <AwardInstrument>
      <Value>Standard Grant</Value>
    </AwardInstrument>
    <Organization>
      <Code>03040000</Code>
      <Directorate>
        <LongName>Directorate for Mathematical &amp; Physical Sciences</LongName>
      </Directorate>
      <Division>
        <LongName>Division of Mathematical Sciences</LongName>
      </Division>
    </Organization>
    <ProgramOfficer>
      <SignBlockName>Tomek Bartoszynski</SignBlockName>
    </ProgramOfficer>
    <AbstractNarration>The Midwest Women in Mathematics Symposium (Midwest WIMS) will be held at Notre Dame on April 5, 2014. The goals of this symposium are to highlight women's contributions to the mathematical community, strengthen the network of female mathematicians in the Midwest, encourage new collaborations, and facilitate mentoring among graduate students, postdocs, and professors to help women stay active in research. The symposium will include several mathematical talks, including a keynote address given by Lenore Blum of Carnegie Mellon University. There will be parallel sessions in algebra, dynamical systems, geometry and topology, logic, mathematical biology, partial differential equations, and statistics. In addition, there will be a problem session to encourage new collaborations; problems that cut across disciplines are particularly encouraged. The symposium encourages participation of women in various stages of their academic careers, ranging from graduate students to full faculty. &lt;br/&gt;&lt;br/&gt;It is not uncommon for women with research talent to drop out of the research community. The talks and the problem session will lead women to new and exciting projects. An extended lunch and other breaks will give participants at various stages in their careers the opportunity discuss mathematical problems, or simply exchange stories. The PI expects that some participants will, in discussions that are not strictly mathematical, learn strategies for staying active in research.&lt;br/&gt;&lt;br/&gt;The conference website is at http://www3.nd.edu/~wims/</AbstractNarration>
    <MinAmdLetterDate>01/31/2014</MinAmdLetterDate>
    <MaxAmdLetterDate>01/31/2014</MaxAmdLetterDate>
    <ARRAAmount/>
    <AwardID>1419428</AwardID>
    <Investigator>
      <FirstName>Julia</FirstName>
      <LastName>Knight</LastName>
      <EmailAddress>knight.1@nd.edu</EmailAddress>
      <StartDate>01/31/2014</StartDate>
      <EndDate/>
      <RoleCode>Co-Principal Investigator</RoleCode>
    </Investigator>
    <Investigator>
      <FirstName>Sonja</FirstName>
      <LastName>Mapes</LastName>
      <EmailAddress>smapes1@nd.edu</EmailAddress>
      <StartDate>01/31/2014</StartDate>
      <EndDate/>
      <RoleCode>Co-Principal Investigator</RoleCode>
    </Investigator>
    <Investigator>
      <FirstName>Fang</FirstName>
      <LastName>Liu</LastName>
      <EmailAddress>Fang.Liu.131@nd.edu</EmailAddress>
      <StartDate>01/31/2014</StartDate>
      <EndDate/>
      <RoleCode>Co-Principal Investigator</RoleCode>
    </Investigator>
    <Investigator>
      <FirstName>Amy</FirstName>
      <LastName>Buchmann</LastName>
      <EmailAddress>Amy.L.Buchmann.5@nd.edu</EmailAddress>
      <StartDate>01/31/2014</StartDate>
      <EndDate/>
      <RoleCode>Principal Investigator</RoleCode>
    </Investigator>
    <Investigator>
      <FirstName>Kathleen</FirstName>
      <LastName>Ansaldi</LastName>
      <EmailAddress>kansaldi@nd.edu</EmailAddress>
      <StartDate>01/31/2014</StartDate>
      <EndDate/>
      <RoleCode>Co-Principal Investigator</RoleCode>
    </Investigator>
    <Institution>
      <Name>University of Notre Dame</Name>
      <CityName>NOTRE DAME</CityName>
      <ZipCode>465565612</ZipCode>
      <PhoneNumber>5746317432</PhoneNumber>
      <StreetAddress>940 Grace Hall</StreetAddress>
      <CountryName>United States</CountryName>
      <StateName>Indiana</StateName>
      <StateCode>IN</StateCode>
    </Institution>
    <ProgramElement>
      <Code>1265</Code>
      <Text>GEOMETRIC ANALYSIS</Text>
    </ProgramElement>
    <ProgramElement>
      <Code>7334</Code>
      <Text>MATHEMATICAL BIOLOGY</Text>
    </ProgramElement>
    <ProgramElement>
      <Code>1271</Code>
      <Text>COMPUTATIONAL MATHEMATICS</Text>
    </ProgramElement>
    <ProgramElement>
      <Code>1266</Code>
      <Text>APPLIED MATHEMATICS</Text>
    </ProgramElement>
    <ProgramElement>
      <Code>8069</Code>
      <Text>CDS&amp;E-MSS</Text>
    </ProgramElement>
    <ProgramElement>
      <Code>7970</Code>
      <Text>Combinatorics</Text>
    </ProgramElement>
    <ProgramElement>
      <Code>1263</Code>
      <Text>PROBABILITY</Text>
    </ProgramElement>
    <ProgramElement>
      <Code>1269</Code>
      <Text>STATISTICS</Text>
    </ProgramElement>
    <ProgramElement>
      <Code>1281</Code>
      <Text>ANALYSIS PROGRAM</Text>
    </ProgramElement>
    <ProgramElement>
      <Code>1268</Code>
      <Text>FOUNDATIONS</Text>
    </ProgramElement>
    <ProgramElement>
      <Code>1264</Code>
      <Text>ALGEBRA,NUMBER THEORY,AND COM</Text>
    </ProgramElement>
    <ProgramElement>
      <Code>1267</Code>
      <Text>TOPOLOGY</Text>
    </ProgramElement>
    <ProgramReference>
      <Code>7556</Code>
      <Text>CONFERENCE AND WORKSHOPS</Text>
    </ProgramReference>
    <ProgramReference>
      <Code>9263</Code>
      <Text>COMPUTATIONAL SCIENCE &amp; ENGING</Text>
    </ProgramReference>
  </Award>
</rootTag>
