<?xml version="1.0" encoding="UTF-8"?>

<rootTag>
  <Award>
    <AwardTitle>Recent Advances in Electrospinning</AwardTitle>
    <AwardEffectiveDate>02/01/2014</AwardEffectiveDate>
    <AwardExpirationDate>01/31/2015</AwardExpirationDate>
    <AwardAmount>5000</AwardAmount>
    <AwardInstrument>
      <Value>Standard Grant</Value>
    </AwardInstrument>
    <Organization>
      <Code>03070000</Code>
      <Directorate>
        <LongName>Directorate for Mathematical &amp; Physical Sciences</LongName>
      </Directorate>
      <Division>
        <LongName>Division of Materials Research</LongName>
      </Division>
    </Organization>
    <ProgramOfficer>
      <SignBlockName>Freddy A. Khoury</SignBlockName>
    </ProgramOfficer>
    <AbstractNarration>TECHNICAL AND NON-TECHNICAL ABSTRACT:&lt;br/&gt;&lt;br/&gt;In regard to Intellectual Merit and Broader Impact the planned symposium on "Recent Advances in Electrospinning" will cover the recent fundamental and technological developments in the electrospinning of polynmers and the impact of its fibrous products in various significant areas which include medical, energy, and environmentally oriented applications. Attendance at the symposium will be of significant educational benefit to attending graduate students, postdocs and young faculty starting in or planning to venture into the field of electrispinning.</AbstractNarration>
    <MinAmdLetterDate>01/17/2014</MinAmdLetterDate>
    <MaxAmdLetterDate>01/17/2014</MaxAmdLetterDate>
    <ARRAAmount/>
    <AwardID>1419617</AwardID>
    <Investigator>
      <FirstName>John</FirstName>
      <LastName>Rabolt</LastName>
      <EmailAddress>rabolt@udel.edu</EmailAddress>
      <StartDate>01/17/2014</StartDate>
      <EndDate/>
      <RoleCode>Principal Investigator</RoleCode>
    </Investigator>
    <Investigator>
      <FirstName>Hao</FirstName>
      <LastName>Fong</LastName>
      <EmailAddress>Hao.Fong@sdsmt.edu</EmailAddress>
      <StartDate>01/17/2014</StartDate>
      <EndDate/>
      <RoleCode>Co-Principal Investigator</RoleCode>
    </Investigator>
    <Institution>
      <Name>University of Delaware</Name>
      <CityName>Newark</CityName>
      <ZipCode>197162553</ZipCode>
      <PhoneNumber>3028312136</PhoneNumber>
      <StreetAddress>210 Hullihen Hall</StreetAddress>
      <CountryName>United States</CountryName>
      <StateName>Delaware</StateName>
      <StateCode>DE</StateCode>
    </Institution>
    <ProgramElement>
      <Code>1773</Code>
      <Text>POLYMERS</Text>
    </ProgramElement>
    <ProgramReference>
      <Code>9150</Code>
      <Text>EXP PROG TO STIM COMP RES</Text>
    </ProgramReference>
  </Award>
</rootTag>
