<?xml version="1.0" encoding="UTF-8"?>

<rootTag>
  <Award>
    <AwardTitle>RAPID: Characterizing the overwash deposition of Super Typhoon Haiyan along the Philippine Coast with connections to long-term records</AwardTitle>
    <AwardEffectiveDate>02/01/2014</AwardEffectiveDate>
    <AwardExpirationDate>01/31/2015</AwardExpirationDate>
    <AwardAmount>29987</AwardAmount>
    <AwardInstrument>
      <Value>Standard Grant</Value>
    </AwardInstrument>
    <Organization>
      <Code>06040200</Code>
      <Directorate>
        <LongName>Directorate for Geosciences</LongName>
      </Directorate>
      <Division>
        <LongName>Division of Ocean Sciences</LongName>
      </Division>
    </Organization>
    <ProgramOfficer>
      <SignBlockName>Candace O. Major</SignBlockName>
    </ProgramOfficer>
    <AbstractNarration>Typhoon Haiyan had a historic impact on the Philippines. This rapid-response project, led by a faculty member at the University of Southern Mississippi, will use sediment cores in various sites in the Philippines, particularly locations with the highest associated wind speeds from the event and sites preserving a longer-term geologic record, to put this extreme event into a historic and geologic context. Numerical models will be used to back calculate wind speeds in order to compare Typhoon Haiyan to past events. Overall, this work will contribute to a better understanding of the frequency and magnitude of extreme storms in this region. &lt;br/&gt;&lt;br/&gt;This work has strong societal relevance, with the potential to place Typhoon Haiyan and similar tropical cyclones in a long term climate context. The results of the study may contribute to the rebuilding process and influence future management and policy decisions. A Filipino collaborator and his student will play a essential roles in the field work and in the interpretation of the results. Two graduate students will be involved in the research. &lt;br/&gt;&lt;br/&gt;This project is jointly supported by the Division of Ocean Sciences, International Science and Engineering, and the EPSCoR Program.</AbstractNarration>
    <MinAmdLetterDate>01/31/2014</MinAmdLetterDate>
    <MaxAmdLetterDate>01/31/2014</MaxAmdLetterDate>
    <ARRAAmount/>
    <AwardID>1419035</AwardID>
    <Investigator>
      <FirstName>Davin</FirstName>
      <LastName>Wallace</LastName>
      <EmailAddress>davin.wallace@usm.edu</EmailAddress>
      <StartDate>01/31/2014</StartDate>
      <EndDate/>
      <RoleCode>Principal Investigator</RoleCode>
    </Investigator>
    <Institution>
      <Name>University of Southern Mississippi</Name>
      <CityName>HATTIESBURG</CityName>
      <ZipCode>394065157</ZipCode>
      <PhoneNumber>6012664119</PhoneNumber>
      <StreetAddress>2609 WEST 4TH ST</StreetAddress>
      <CountryName>United States</CountryName>
      <StateName>Mississippi</StateName>
      <StateCode>MS</StateCode>
    </Institution>
    <ProgramElement>
      <Code>9150</Code>
      <Text>EXP PROG TO STIM COMP RES</Text>
    </ProgramElement>
    <ProgramElement>
      <Code>1620</Code>
      <Text>MARINE GEOLOGY AND GEOPHYSICS</Text>
    </ProgramElement>
    <ProgramElement>
      <Code>7298</Code>
      <Text>COLLABORATIVE RESEARCH</Text>
    </ProgramElement>
    <ProgramReference>
      <Code>0000</Code>
      <Text>UNASSIGNED</Text>
    </ProgramReference>
    <ProgramReference>
      <Code>1620</Code>
      <Text>MARINE GEOLOGY AND GEOPHYSICS</Text>
    </ProgramReference>
    <ProgramReference>
      <Code>5927</Code>
      <Text>EAST ASIA, OTHER</Text>
    </ProgramReference>
    <ProgramReference>
      <Code>7914</Code>
      <Text>RAPID</Text>
    </ProgramReference>
    <ProgramReference>
      <Code>9150</Code>
      <Text>EXP PROG TO STIM COMP RES</Text>
    </ProgramReference>
    <ProgramReference>
      <Code>9168</Code>
      <Text>EPSCOR OUTREACH</Text>
    </ProgramReference>
  </Award>
</rootTag>
