<?xml version="1.0" encoding="UTF-8"?>

<rootTag>
  <Award>
    <AwardTitle>Computational Cybersecurity in Compromised Environments (C3E) Workshop Support</AwardTitle>
    <AwardEffectiveDate>01/15/2014</AwardEffectiveDate>
    <AwardExpirationDate>12/31/2014</AwardExpirationDate>
    <AwardAmount>44361</AwardAmount>
    <AwardInstrument>
      <Value>Standard Grant</Value>
    </AwardInstrument>
    <Organization>
      <Code>05050000</Code>
      <Directorate>
        <LongName>Directorate for Computer &amp; Information Science &amp; Engineering</LongName>
      </Directorate>
      <Division>
        <LongName>Division of Computer and Network Systems</LongName>
      </Division>
    </Organization>
    <ProgramOfficer>
      <SignBlockName>Ralph Wachter</SignBlockName>
    </ProgramOfficer>
    <AbstractNarration>The Computational Cybersecurity in Compromised Environments (C3E) is a community of interest that has annually gathered, since its inception in 2009, to address some of the most arduous challenges of cybersecurity. Through these annual workshops, organizers bring together a diverse group of top academic, commercial, and government experts to discuss innovative approaches to the cybersecurity challenges facing our Nation. This travel grant will support an estimated twenty-five travelers to the 2014 C3E workshop. The results of this workshop will be widely disseminated in the open literature. Additionally, this workshop and its challenge problems will create excellent opportunity for students to engage with leaders in the field in the context of unsolved problems.</AbstractNarration>
    <MinAmdLetterDate>01/08/2014</MinAmdLetterDate>
    <MaxAmdLetterDate>01/08/2014</MaxAmdLetterDate>
    <ARRAAmount/>
    <AwardID>1419097</AwardID>
    <Investigator>
      <FirstName>William</FirstName>
      <LastName>Scherlis</LastName>
      <EmailAddress>scherlis@cs.cmu.edu</EmailAddress>
      <StartDate>01/08/2014</StartDate>
      <EndDate/>
      <RoleCode>Principal Investigator</RoleCode>
    </Investigator>
    <Institution>
      <Name>Carnegie-Mellon University</Name>
      <CityName>PITTSBURGH</CityName>
      <ZipCode>152133815</ZipCode>
      <PhoneNumber>4122689527</PhoneNumber>
      <StreetAddress>5000 Forbes Avenue</StreetAddress>
      <CountryName>United States</CountryName>
      <StateName>Pennsylvania</StateName>
      <StateCode>PA</StateCode>
    </Institution>
    <ProgramElement>
      <Code>8060</Code>
      <Text>Secure &amp;Trustworthy Cyberspace</Text>
    </ProgramElement>
    <ProgramReference>
      <Code>7434</Code>
      <Text>CNCI</Text>
    </ProgramReference>
    <ProgramReference>
      <Code>7556</Code>
      <Text>CONFERENCE AND WORKSHOPS</Text>
    </ProgramReference>
  </Award>
</rootTag>
