<?xml version="1.0" encoding="UTF-8"?>

<rootTag>
  <Award>
    <AwardTitle>Collaborative Research: Software Sustainability: an SI^2 PI Workshop</AwardTitle>
    <AwardEffectiveDate>01/15/2014</AwardEffectiveDate>
    <AwardExpirationDate>12/31/2014</AwardExpirationDate>
    <AwardAmount>19868</AwardAmount>
    <AwardInstrument>
      <Value>Standard Grant</Value>
    </AwardInstrument>
    <Organization>
      <Code>05090000</Code>
      <Directorate>
        <LongName>Directorate for Computer &amp; Information Science &amp; Engineering</LongName>
      </Directorate>
      <Division>
        <LongName>Division of Advanced CyberInfrastructure</LongName>
      </Division>
    </Organization>
    <ProgramOfficer>
      <SignBlockName>Daniel Katz</SignBlockName>
    </ProgramOfficer>
    <AbstractNarration>This award will support a 1.5 day workshop in Arlington, VA to bring together the community of SI2 awardees with the aims of: 1) serving as a forum for focused PI technical exchange, through an early evening poster session; 2) serving as a forum for discussion of topics of relevance to the PIs from topics emerging both from within NSF and from the broader community, by informing the attendees of emerging best practices, and stimulating thinking on new ways of achieving sustainability and of ensuring that the foundation laid by SI2 is preserved into the future; and 3) gathering experiences and a shared sense of best practice that results in a published workshop report.&lt;br/&gt;&lt;br/&gt;The workshop will bring together researchers who are a proto-community of NSF open source software developers. The meeting will examine the characteristics of the community, and consider whether the products from the program can be enhanced by giving the community a new identify and new way of looking at itself. The meeting will also address citation, attribution, and reproducibility, which are three related topics often discussed in the context of data, but less so in the context of software. The attendees will consider practical steps that could be taken to advance software citation and science reproducibility. Finally, sustainability of software is a major topic for NSF and for the SI2 PIs. The meeting will highlight new ways of thinking about software sustainability, drawing on experts in the field and on recent SI2 EAGER funded projects that are studying the community to help the workshop attendees in their thinking about sustainability.&lt;br/&gt;&lt;br/&gt;The community outputs of the workshop will be: posters developed by the SI2 PIs that will be shared amongst the attendees and shared more broadly on the workshop web site; an experiences report (licensed under a Creative Commons license) produced by the award PIs, distributed via the workshop web site, via email to participants who will be asked to disseminate among their project colleagues and peers, and via an archive repository through which it will be accessible through a persistent ID; and attendee journalism during the event in the form of a public Google doc and public Twitter stream.</AbstractNarration>
    <MinAmdLetterDate>01/13/2014</MinAmdLetterDate>
    <MaxAmdLetterDate>01/13/2014</MaxAmdLetterDate>
    <ARRAAmount/>
    <AwardID>1419132</AwardID>
    <Investigator>
      <FirstName>Douglas</FirstName>
      <LastName>Thain</LastName>
      <EmailAddress>dthain@nd.edu</EmailAddress>
      <StartDate>01/13/2014</StartDate>
      <EndDate/>
      <RoleCode>Principal Investigator</RoleCode>
    </Investigator>
    <Institution>
      <Name>University of Notre Dame</Name>
      <CityName>NOTRE DAME</CityName>
      <ZipCode>465565612</ZipCode>
      <PhoneNumber>5746317432</PhoneNumber>
      <StreetAddress>940 Grace Hall</StreetAddress>
      <CountryName>United States</CountryName>
      <StateName>Indiana</StateName>
      <StateCode>IN</StateCode>
    </Institution>
    <ProgramElement>
      <Code>8004</Code>
      <Text>Software Institutes</Text>
    </ProgramElement>
    <ProgramReference>
      <Code>7556</Code>
      <Text>CONFERENCE AND WORKSHOPS</Text>
    </ProgramReference>
    <ProgramReference>
      <Code>7433</Code>
      <Text>CyberInfra Frmwrk 21st (CIF21)</Text>
    </ProgramReference>
  </Award>
</rootTag>
