<?xml version="1.0" encoding="UTF-8"?>

<rootTag>
  <Award>
    <AwardTitle>National Science Foundation AED Program and Services</AwardTitle>
    <AwardEffectiveDate>01/01/2014</AwardEffectiveDate>
    <AwardExpirationDate>10/31/2014</AwardExpirationDate>
    <AwardAmount>24031</AwardAmount>
    <AwardInstrument>
      <Value>Contract Interagency Agreement</Value>
    </AwardInstrument>
    <Organization>
      <Code>02060100</Code>
      <Directorate>
        <LongName>Office of Information &amp; Resource Management</LongName>
      </Directorate>
      <Division>
        <LongName>Division of Administrative Services</LongName>
      </Division>
    </Organization>
    <ProgramOfficer>
      <SignBlockName>Ray Benjamin</SignBlockName>
    </ProgramOfficer>
    <AbstractNarration/>
    <MinAmdLetterDate>03/25/2014</MinAmdLetterDate>
    <MaxAmdLetterDate>03/25/2014</MaxAmdLetterDate>
    <ARRAAmount/>
    <AwardID>1419636</AwardID>
    <Investigator>
      <FirstName>Chandra</FirstName>
      <LastName>Jolley</LastName>
      <EmailAddress>Chandra.Jolley@foh.hhs.gov</EmailAddress>
      <StartDate>03/25/2014</StartDate>
      <EndDate/>
      <RoleCode>Principal Investigator</RoleCode>
    </Investigator>
    <Institution>
      <Name>DEPT OF HEALTH AND HUMAN SERVICES</Name>
      <CityName>Washington</CityName>
      <ZipCode>20201</ZipCode>
      <PhoneNumber/>
      <StreetAddress/>
      <CountryName>United States</CountryName>
      <StateName>District of Columbia</StateName>
      <StateCode>DC</StateCode>
    </Institution>
    <ProgramElement>
      <Code>0601</Code>
      <Text></Text>
    </ProgramElement>
  </Award>
</rootTag>
