<?xml version="1.0" encoding="UTF-8"?>

<rootTag>
  <Award>
    <AwardTitle>Student Travel Support for the 2014 IEEE International Symposium on Performance Analysis of Systems and Software (ISPASS-2014)</AwardTitle>
    <AwardEffectiveDate>02/15/2014</AwardEffectiveDate>
    <AwardExpirationDate>01/31/2015</AwardExpirationDate>
    <AwardAmount>5000</AwardAmount>
    <AwardInstrument>
      <Value>Standard Grant</Value>
    </AwardInstrument>
    <Organization>
      <Code>05050000</Code>
      <Directorate>
        <LongName>Directorate for Computer &amp; Information Science &amp; Engineering</LongName>
      </Directorate>
      <Division>
        <LongName>Division of Computer and Network Systems</LongName>
      </Division>
    </Organization>
    <ProgramOfficer>
      <SignBlockName>Geoffrey Brown</SignBlockName>
    </ProgramOfficer>
    <AbstractNarration>This project provides funding for travel awards to graduate students in order to attend the 2014 IEEE International Symposium on Performance Analysis for Systems and Software (ISPASS-2014). ISPASS is a premier forum for presenting, discussing, and debating advanced academic and industrial research work focused on performance analysis in the design of computer systems and software.&lt;br/&gt;&lt;br/&gt;This project is focused primarily on broader impacts through the education students will receive from attending the technical sessions of ISPASS, mentoring that they will receive through the interaction with senior researchers, and networking opportunities they will receive through numerous different conference activities.</AbstractNarration>
    <MinAmdLetterDate>01/15/2014</MinAmdLetterDate>
    <MaxAmdLetterDate>01/15/2014</MaxAmdLetterDate>
    <ARRAAmount/>
    <AwardID>1420090</AwardID>
    <Investigator>
      <FirstName>Carole-Jean</FirstName>
      <LastName>Wu</LastName>
      <EmailAddress>carole-jean.wu@asu.edu</EmailAddress>
      <StartDate>01/15/2014</StartDate>
      <EndDate/>
      <RoleCode>Principal Investigator</RoleCode>
    </Investigator>
    <Institution>
      <Name>Arizona State University</Name>
      <CityName>TEMPE</CityName>
      <ZipCode>852816011</ZipCode>
      <PhoneNumber>4809655479</PhoneNumber>
      <StreetAddress>ORSPA</StreetAddress>
      <CountryName>United States</CountryName>
      <StateName>Arizona</StateName>
      <StateCode>AZ</StateCode>
    </Institution>
    <ProgramElement>
      <Code>7354</Code>
      <Text>COMPUTER SYSTEMS</Text>
    </ProgramElement>
    <ProgramReference>
      <Code>7556</Code>
      <Text>CONFERENCE AND WORKSHOPS</Text>
    </ProgramReference>
  </Award>
</rootTag>
