<?xml version="1.0" encoding="UTF-8"?>

<rootTag>
  <Award>
    <AwardTitle>RAPID: Assessing the hazard and fate of 4-methylcyclonehexane methanol in a drinking water distribution system post contamination</AwardTitle>
    <AwardEffectiveDate>02/01/2014</AwardEffectiveDate>
    <AwardExpirationDate>01/31/2015</AwardExpirationDate>
    <AwardAmount>49587</AwardAmount>
    <AwardInstrument>
      <Value>Standard Grant</Value>
    </AwardInstrument>
    <Organization>
      <Code>07020102</Code>
      <Directorate>
        <LongName>Directorate for Engineering</LongName>
      </Directorate>
      <Division>
        <LongName>Division of Chemical, Bioengineering, Environmental, and Transport Systems</LongName>
      </Division>
    </Organization>
    <ProgramOfficer>
      <SignBlockName>William Cooper</SignBlockName>
    </ProgramOfficer>
    <AbstractNarration>Weidhaas&lt;br/&gt;1422803&lt;br/&gt;&lt;br/&gt;An accidental spill of a currently unknown quantity (estimated between 3,000 and 7,500 gallons) of 4-methylcyclohexane methanol from a coal preparation plant in Charleston, WV has compromised the drinking water supply for up to 300,000 water users in Charleston and nearby counties. This tragedy has caused the ban of use of potable water and has resulted in closure in several establishments including schools and business. President Obama issued a federal disaster declaration for the state on Friday, January 10, 2014 to provide federal aid for the state. &lt;br/&gt;&lt;br/&gt;This project will:&lt;br/&gt;1. Assess the short- and long-term chemical fate of 4-methylcyclonehexane methanol in the drinking water and riverine systems through sampling efforts,&lt;br/&gt;2. Evaluate potential risks of the spill to public health and the environment, and&lt;br/&gt;3. Develop quick remediation measures and strategies for more resilient water treatment and&lt;br/&gt;distribution operations in future disasters&lt;br/&gt;&lt;br/&gt;Environmental disasters resulting from accidents happen and will continue to happen. In the case of the spill of the coal conditioning chemical it happened to affect about 15 % of the population of West Virginia. This project will try to determine what might be done in the future to prevent such catastrophes and how can we build more resilience, in water treatment plants for the future.</AbstractNarration>
    <MinAmdLetterDate>01/27/2014</MinAmdLetterDate>
    <MaxAmdLetterDate>01/27/2014</MaxAmdLetterDate>
    <ARRAAmount/>
    <AwardID>1422803</AwardID>
    <Investigator>
      <FirstName>Lian-Shin</FirstName>
      <LastName>Lin</LastName>
      <EmailAddress>lianshin.lin@mail.wvu.edu</EmailAddress>
      <StartDate>01/27/2014</StartDate>
      <EndDate/>
      <RoleCode>Co-Principal Investigator</RoleCode>
    </Investigator>
    <Investigator>
      <FirstName>Jennifer</FirstName>
      <LastName>Weidhaas</LastName>
      <EmailAddress>jennifer.weidhaas@mail.wvu.edu</EmailAddress>
      <StartDate>01/27/2014</StartDate>
      <EndDate/>
      <RoleCode>Principal Investigator</RoleCode>
    </Investigator>
    <Institution>
      <Name>West Virginia University Research Corporation</Name>
      <CityName>Morgantown</CityName>
      <ZipCode>265066845</ZipCode>
      <PhoneNumber>3042933998</PhoneNumber>
      <StreetAddress>P.O. Box 6845</StreetAddress>
      <CountryName>United States</CountryName>
      <StateName>West Virginia</StateName>
      <StateCode>WV</StateCode>
    </Institution>
    <ProgramElement>
      <Code>1440</Code>
      <Text>ENVIRONMENTAL ENGINEERING</Text>
    </ProgramElement>
    <ProgramElement>
      <Code>9150</Code>
      <Text>EXP PROG TO STIM COMP RES</Text>
    </ProgramElement>
    <ProgramReference>
      <Code>015E</Code>
      <Text>Pollutant fate and transport</Text>
    </ProgramReference>
    <ProgramReference>
      <Code>016E</Code>
      <Text>POLLUTION AVOIDANCE</Text>
    </ProgramReference>
    <ProgramReference>
      <Code>021E</Code>
      <Text>Water management</Text>
    </ProgramReference>
    <ProgramReference>
      <Code>7914</Code>
      <Text>RAPID</Text>
    </ProgramReference>
    <ProgramReference>
      <Code>9102</Code>
      <Text>WOMEN, MINORITY, DISABLED, NEC</Text>
    </ProgramReference>
    <ProgramReference>
      <Code>9150</Code>
      <Text>EXP PROG TO STIM COMP RES</Text>
    </ProgramReference>
  </Award>
</rootTag>
