<?xml version="1.0" encoding="UTF-8"?>

<rootTag>
  <Award>
    <AwardTitle>New Mexico Analysis Seminar 2014-2016</AwardTitle>
    <AwardEffectiveDate>01/01/2014</AwardEffectiveDate>
    <AwardExpirationDate>12/31/2016</AwardExpirationDate>
    <AwardAmount>49388</AwardAmount>
    <AwardInstrument>
      <Value>Standard Grant</Value>
    </AwardInstrument>
    <Organization>
      <Code>03040000</Code>
      <Directorate>
        <LongName>Directorate for Mathematical &amp; Physical Sciences</LongName>
      </Directorate>
      <Division>
        <LongName>Division of Mathematical Sciences</LongName>
      </Division>
    </Organization>
    <ProgramOfficer>
      <SignBlockName>Bruce P. Palka</SignBlockName>
    </ProgramOfficer>
    <AbstractNarration>This award provides three years of funding to help defray the expenses of participants in the "New Mexico Analysis Seminar 2014-2016," the next meeting of which will take place April 5-6, 2014, on the campus of the University of New Mexico.&lt;br/&gt;&lt;br/&gt;The New Mexico Analysis Seminar is an annual regional conference serving the US Southwest that alternates venues between the University of New Mexico and New Mexico State University. The themes of the meetings scheduled for the period covered by this award are the following: harmonic analysis and spectral theory, with principal lecturer Sasha Volberg and with a special afternoon session honoring the contributions of Cora Sadosky to the discipline and featuring talks by Jill Pipher, Sergei Treil, and Svitlana Mayboroda (2014, Albuquerque); dispersive partial differential equations, with principal lecturer Monica Visan (2015, Las Cruces); partial differential equations and harmonic analysis, with principal lecturer Chris Sogge (2016, Albuquerque). The conference format provides ample opportunity for graduate students, postdocs, and other young scientists to present their work.</AbstractNarration>
    <MinAmdLetterDate>11/26/2013</MinAmdLetterDate>
    <MaxAmdLetterDate>11/26/2013</MaxAmdLetterDate>
    <ARRAAmount/>
    <AwardID>1400429</AwardID>
    <Investigator>
      <FirstName>Nicholas</FirstName>
      <LastName>Michalowski</LastName>
      <EmailAddress>nmichalo@math.nmsu.edu</EmailAddress>
      <StartDate>11/26/2013</StartDate>
      <EndDate/>
      <RoleCode>Co-Principal Investigator</RoleCode>
    </Investigator>
    <Investigator>
      <FirstName>Matthew</FirstName>
      <LastName>Blair</LastName>
      <EmailAddress>blair@math.unm.edu</EmailAddress>
      <StartDate>11/26/2013</StartDate>
      <EndDate/>
      <RoleCode>Co-Principal Investigator</RoleCode>
    </Investigator>
    <Investigator>
      <FirstName>Anna</FirstName>
      <LastName>Skripka</LastName>
      <EmailAddress>skripka@math.unm.edu</EmailAddress>
      <StartDate>11/26/2013</StartDate>
      <EndDate/>
      <RoleCode>Co-Principal Investigator</RoleCode>
    </Investigator>
    <Investigator>
      <FirstName>Maxim</FirstName>
      <LastName>Zinchenko</LastName>
      <EmailAddress>maxim@math.unm.edu</EmailAddress>
      <StartDate>11/26/2013</StartDate>
      <EndDate/>
      <RoleCode>Co-Principal Investigator</RoleCode>
    </Investigator>
    <Investigator>
      <FirstName>Maria</FirstName>
      <LastName>Pereyra</LastName>
      <EmailAddress>crisp@math.unm.edu</EmailAddress>
      <StartDate>11/26/2013</StartDate>
      <EndDate/>
      <RoleCode>Principal Investigator</RoleCode>
    </Investigator>
    <Institution>
      <Name>University of New Mexico</Name>
      <CityName>ALBUQUERQUE</CityName>
      <ZipCode>871310001</ZipCode>
      <PhoneNumber>5052774186</PhoneNumber>
      <StreetAddress>1700 Lomas Blvd. NE, Suite 2200</StreetAddress>
      <CountryName>United States</CountryName>
      <StateName>New Mexico</StateName>
      <StateCode>NM</StateCode>
    </Institution>
    <ProgramElement>
      <Code>1281</Code>
      <Text>ANALYSIS PROGRAM</Text>
    </ProgramElement>
    <ProgramReference>
      <Code>7556</Code>
      <Text>CONFERENCE AND WORKSHOPS</Text>
    </ProgramReference>
    <ProgramReference>
      <Code>9150</Code>
      <Text>EXP PROG TO STIM COMP RES</Text>
    </ProgramReference>
  </Award>
</rootTag>
