<?xml version="1.0" encoding="UTF-8"?>

<rootTag>
  <Award>
    <AwardTitle>Southeastern Analysis Meeting: SEAM 2014</AwardTitle>
    <AwardEffectiveDate>01/01/2014</AwardEffectiveDate>
    <AwardExpirationDate>12/31/2014</AwardExpirationDate>
    <AwardAmount>23175</AwardAmount>
    <AwardInstrument>
      <Value>Standard Grant</Value>
    </AwardInstrument>
    <Organization>
      <Code>03040000</Code>
      <Directorate>
        <LongName>Directorate for Mathematical &amp; Physical Sciences</LongName>
      </Directorate>
      <Division>
        <LongName>Division of Mathematical Sciences</LongName>
      </Division>
    </Organization>
    <ProgramOfficer>
      <SignBlockName>Bruce P. Palka</SignBlockName>
    </ProgramOfficer>
    <AbstractNarration>This award provides funding to help defray the expenses of participants in the conference "Southeast Analysis Meeting: SEAM 2014" that will be held March 14-15, 2014, on the campus of Clemson University.&lt;br/&gt;&lt;br/&gt;This event is the latest in a twenty-nine-year-long series that has hosted conferences covering a wide spectrum of subareas of analysis and that has become the leading venue in the U.S. for function-theoretic operator theory. SEAM 2014 will again span a broad swath of analysis, featuring five plenary speakers who will address topics in operator theory (John McCarthy, Stefan Richter) and harmonic analysis (Ingrid Daubechies, Michael Lacey, Camil Muscalu) in one-hour talks. Three junior speakers (Yen Do, Kate Juschenko, Constanze Liaw) will deliver thirty-minute plenary lectures. The conference program provides ample opportunity for graduate students, postdocs, and other young scientists to present their work.</AbstractNarration>
    <MinAmdLetterDate>11/26/2013</MinAmdLetterDate>
    <MaxAmdLetterDate>11/26/2013</MaxAmdLetterDate>
    <ARRAAmount/>
    <AwardID>1400361</AwardID>
    <Investigator>
      <FirstName>Mishko</FirstName>
      <LastName>Mitkovski</LastName>
      <EmailAddress>mmitkov@clemson.edu</EmailAddress>
      <StartDate>11/26/2013</StartDate>
      <EndDate/>
      <RoleCode>Principal Investigator</RoleCode>
    </Investigator>
    <Institution>
      <Name>Clemson University</Name>
      <CityName>CLEMSON</CityName>
      <ZipCode>296340001</ZipCode>
      <PhoneNumber>8646562424</PhoneNumber>
      <StreetAddress>300 BRACKETT HALL</StreetAddress>
      <CountryName>United States</CountryName>
      <StateName>South Carolina</StateName>
      <StateCode>SC</StateCode>
    </Institution>
    <ProgramElement>
      <Code>1281</Code>
      <Text>ANALYSIS PROGRAM</Text>
    </ProgramElement>
    <ProgramReference>
      <Code>7556</Code>
      <Text>CONFERENCE AND WORKSHOPS</Text>
    </ProgramReference>
    <ProgramReference>
      <Code>9150</Code>
      <Text>EXP PROG TO STIM COMP RES</Text>
    </ProgramReference>
  </Award>
</rootTag>
