<?xml version="1.0" encoding="UTF-8"?>

<rootTag>
  <Award>
    <AwardTitle>Subfactor Theory in Mathematics and Physics Conference 2014</AwardTitle>
    <AwardEffectiveDate>04/01/2014</AwardEffectiveDate>
    <AwardExpirationDate>03/31/2015</AwardExpirationDate>
    <AwardAmount>43000</AwardAmount>
    <AwardInstrument>
      <Value>Standard Grant</Value>
    </AwardInstrument>
    <Organization>
      <Code>03040000</Code>
      <Directorate>
        <LongName>Directorate for Mathematical &amp; Physical Sciences</LongName>
      </Directorate>
      <Division>
        <LongName>Division of Mathematical Sciences</LongName>
      </Division>
    </Organization>
    <ProgramOfficer>
      <SignBlockName>Bruce P. Palka</SignBlockName>
    </ProgramOfficer>
    <AbstractNarration>This award provides funding to help defray the expenses of participants in the "Subfactor Theory in Mathematics and Physics Conference 2014" that will be held July 14-18, 2014, on the Maui campus of the University of Hawaii.&lt;br/&gt;&lt;br/&gt;This interdisciplinary meeting focuses on the interactions between the theory of operator algebras and mathematical physics. Talks will be arranged under four main headings: subfactors, free probability, and random matrices; approximation properties for groups, von Neumann algebras, and subfactors; classification of subfactors; conformal and quantum field theory. The conference program provides ample opportunity for graduate students, postdocs, and other young scientists to present their work.</AbstractNarration>
    <MinAmdLetterDate>11/26/2013</MinAmdLetterDate>
    <MaxAmdLetterDate>11/26/2013</MaxAmdLetterDate>
    <ARRAAmount/>
    <AwardID>1400275</AwardID>
    <Investigator>
      <FirstName>Vaughan</FirstName>
      <LastName>Jones</LastName>
      <EmailAddress>vaughan.f.jones@vanderbilt.edu</EmailAddress>
      <StartDate>11/26/2013</StartDate>
      <EndDate/>
      <RoleCode>Principal Investigator</RoleCode>
    </Investigator>
    <Institution>
      <Name>Vanderbilt University</Name>
      <CityName>NASHVILLE</CityName>
      <ZipCode>372407830</ZipCode>
      <PhoneNumber>6158756070</PhoneNumber>
      <StreetAddress>Office of Sponsored Programs</StreetAddress>
      <CountryName>United States</CountryName>
      <StateName>Tennessee</StateName>
      <StateCode>TN</StateCode>
    </Institution>
    <ProgramElement>
      <Code>1281</Code>
      <Text>ANALYSIS PROGRAM</Text>
    </ProgramElement>
    <ProgramReference>
      <Code>7556</Code>
      <Text>CONFERENCE AND WORKSHOPS</Text>
    </ProgramReference>
    <ProgramReference>
      <Code>9150</Code>
      <Text>EXP PROG TO STIM COMP RES</Text>
    </ProgramReference>
  </Award>
</rootTag>
