<?xml version="1.0" encoding="UTF-8"?>

<rootTag>
  <Award>
    <AwardTitle>Acquisition of a Field Emission Electron Microprobe for Geological Analysis</AwardTitle>
    <AwardEffectiveDate>03/15/2014</AwardEffectiveDate>
    <AwardExpirationDate>02/29/2016</AwardExpirationDate>
    <AwardAmount>499500</AwardAmount>
    <AwardInstrument>
      <Value>Continuing grant</Value>
    </AwardInstrument>
    <Organization>
      <Code>06030202</Code>
      <Directorate>
        <LongName>Directorate for Geosciences</LongName>
      </Directorate>
      <Division>
        <LongName>Division of Earth Sciences</LongName>
      </Division>
    </Organization>
    <ProgramOfficer>
      <SignBlockName>David Lambert</SignBlockName>
    </ProgramOfficer>
    <AbstractNarration>For more than 40 years, electron probe microanalysis (EPMA) has played a central role in the on-going research activities at the Carnegie Institution of Washington. Carnegie staff, postdoctoral fellows and external collaborators utilize EPMA for a wide range of scientific research, such as analyzing natural and synthetic samples to understand the chemistry of Earth and the geological processes that have formed it and related planetary materials. This award will permit the acquisition of a state-of-the-art field emission (FE) electron microprobe system to conduct automated, high resolution, quantitative elemental microanalysis, multi-spectral imaging, and low-energy x-ray emission measurements that will improve scientific throughput and enable future cutting-edge research. &lt;br/&gt;&lt;br/&gt;The system is designed for high productivity and reliability, with easy operating procedures that enable precise and sensitive in situ analyses by researchers of variable skill levels. It will be housed in a user-friendly facility, with a dedicated facilities manager, that will be utilized by staff, postdoctoral fellows, visiting scientists, graduate students, and summer interns at Carnegie. The instrument will have significant impact on the research programs in a number of fields including experimental petrology and geophysics, high-pressure physics and mineral physics, inorganic geochemistry, solar system origins, and astrobiology, thereby promoting interdisciplinary collaborations.</AbstractNarration>
    <MinAmdLetterDate>03/18/2014</MinAmdLetterDate>
    <MaxAmdLetterDate>03/18/2014</MaxAmdLetterDate>
    <ARRAAmount/>
    <AwardID>1400416</AwardID>
    <Investigator>
      <FirstName>Steven</FirstName>
      <LastName>Shirey</LastName>
      <EmailAddress>shirey@dtm.ciw.edu</EmailAddress>
      <StartDate>03/18/2014</StartDate>
      <EndDate/>
      <RoleCode>Co-Principal Investigator</RoleCode>
    </Investigator>
    <Investigator>
      <FirstName>Yingwei</FirstName>
      <LastName>Fei</LastName>
      <EmailAddress>fei@gl.ciw.edu</EmailAddress>
      <StartDate>03/18/2014</StartDate>
      <EndDate/>
      <RoleCode>Co-Principal Investigator</RoleCode>
    </Investigator>
    <Investigator>
      <FirstName>Conel</FirstName>
      <LastName>Alexander</LastName>
      <EmailAddress>alexander@dtm.ciw.edu</EmailAddress>
      <StartDate>03/18/2014</StartDate>
      <EndDate/>
      <RoleCode>Co-Principal Investigator</RoleCode>
    </Investigator>
    <Investigator>
      <FirstName>Anat</FirstName>
      <LastName>Shahar</LastName>
      <EmailAddress>ashahar@ciw.edu</EmailAddress>
      <StartDate>03/18/2014</StartDate>
      <EndDate/>
      <RoleCode>Co-Principal Investigator</RoleCode>
    </Investigator>
    <Investigator>
      <FirstName>John</FirstName>
      <LastName>Armstrong</LastName>
      <EmailAddress>jarmstrong@ciw.edu</EmailAddress>
      <StartDate>03/18/2014</StartDate>
      <EndDate/>
      <RoleCode>Principal Investigator</RoleCode>
    </Investigator>
    <Institution>
      <Name>Carnegie Institution of Washington</Name>
      <CityName>WASHINGTON</CityName>
      <ZipCode>200051910</ZipCode>
      <PhoneNumber>2023876400</PhoneNumber>
      <StreetAddress>1530 P ST NW</StreetAddress>
      <CountryName>United States</CountryName>
      <StateName>District of Columbia</StateName>
      <StateCode>DC</StateCode>
    </Institution>
    <ProgramElement>
      <Code>1580</Code>
      <Text>INSTRUMENTATION &amp; FACILITIES</Text>
    </ProgramElement>
  </Award>
</rootTag>
