<?xml version="1.0" encoding="UTF-8"?>

<rootTag>
  <Award>
    <AwardTitle>RAPID: Collaborative Research: Investigation of microbial roles in Pacific Asteroidea wasting disease</AwardTitle>
    <AwardEffectiveDate>11/15/2013</AwardEffectiveDate>
    <AwardExpirationDate>10/31/2014</AwardExpirationDate>
    <AwardAmount>25951</AwardAmount>
    <AwardInstrument>
      <Value>Standard Grant</Value>
    </AwardInstrument>
    <Organization>
      <Code>06040300</Code>
      <Directorate>
        <LongName>Directorate for Geosciences</LongName>
      </Directorate>
      <Division>
        <LongName>Division of Ocean Sciences</LongName>
      </Division>
    </Organization>
    <ProgramOfficer>
      <SignBlockName>David L. Garrison</SignBlockName>
    </ProgramOfficer>
    <AbstractNarration>Sea stars are keystone predator species in many coastal environments, where they consume dominant invertebrate taxa, e.g. bivalve mollusks and sea urchins. A very significant echinoderm disease, Sea-Star Wasting Disease (SSWD) appears to be having a dramatic, and negative, effect on sea-star populations on the Pacific Coast of the United States. This RAPID response project seeks to identify causative agents of SSWD in the outbreak that is currently occurring on the Pacific Coast, in concert with observations on the extent of the event with respect to species affected, prevalence, virulence, spatial distribution, and geographic extent. Viruses, bacteria, and protozoa will be examined in healthy and diseased tissues of sea-stars using molecular approaches and comparisons of the microbial flora between healthy and diseased tissues will permit identification of candidate pathogens. The project represents a coordinated ecological and microbiological study into the role of pathogenic microorganisms in sea star disease. This study will provide new information on the diversity of viruses, bacteria, and eukaryotic microorganisms inhabiting echinoderms, and the outcomes of this project will include: 1) identification of microorganisms (viruses, bacteria, and protozoa) associated with the disease; 2) analysis of geographical extent of the disease, its progression, and impact on sea star population size; and 3) linking the identified microorganisms with their prevalence in SSWD-affected populations. The net result will be an understanding of the cause of disease, how it relates to environmental conditions, and subsequent impacts of the disease on wider coastal ecology. &lt;br/&gt;&lt;br/&gt;In addition to undergraduate student in disease ecology research a citizen's science group will be engaged to assess the prevalence and impact of this disease throughout the full range of occurrence along the Pacific Coast. These data, along with survey data from other groups using similar sampling methods, will be uploaded to a database and used to populate the Sea Star Wasting Disease Map, which provides information on SSWD presence at sites along the entire west coast of North America. Already, this map and the SSWD information associated with it have been accessed by users throughout the world. By directly combining ecological and microbiological studies of SSWD, these studies will provide a more complete understanding of SSWD, which will benefit researchers globally, and assist managers in mitigating risk of future outbreaks.</AbstractNarration>
    <MinAmdLetterDate>11/15/2013</MinAmdLetterDate>
    <MaxAmdLetterDate>11/15/2013</MaxAmdLetterDate>
    <ARRAAmount/>
    <AwardID>1401844</AwardID>
    <Investigator>
      <FirstName>Benjamin</FirstName>
      <LastName>Miner</LastName>
      <EmailAddress>benjamin.miner@wwu.edu</EmailAddress>
      <StartDate>11/15/2013</StartDate>
      <EndDate/>
      <RoleCode>Principal Investigator</RoleCode>
    </Investigator>
    <Institution>
      <Name>Western Washington University</Name>
      <CityName>Bellingham</CityName>
      <ZipCode>982259038</ZipCode>
      <PhoneNumber>3606502884</PhoneNumber>
      <StreetAddress>516 High Street</StreetAddress>
      <CountryName>United States</CountryName>
      <StateName>Washington</StateName>
      <StateCode>WA</StateCode>
    </Institution>
    <ProgramElement>
      <Code>1650</Code>
      <Text>BIOLOGICAL OCEANOGRAPHY</Text>
    </ProgramElement>
    <ProgramReference>
      <Code>7242</Code>
      <Text>ECOLOGY OF INFECTIOUS DISEASES</Text>
    </ProgramReference>
    <ProgramReference>
      <Code>7914</Code>
      <Text>RAPID</Text>
    </ProgramReference>
  </Award>
</rootTag>
