<?xml version="1.0" encoding="UTF-8"?>

<rootTag>
  <Award>
    <AwardTitle>A Recurrent Nested Bayesian Non-parametric Model for Real Time Monitoring of Pattern Dependent Surface Topography in Chemical Mechanical Planarization (CMP) Operations</AwardTitle>
    <AwardEffectiveDate>09/01/2013</AwardEffectiveDate>
    <AwardExpirationDate>08/31/2014</AwardExpirationDate>
    <AwardAmount>262197</AwardAmount>
    <AwardInstrument>
      <Value>Standard Grant</Value>
    </AwardInstrument>
    <Organization>
      <Code>07030009</Code>
      <Directorate>
        <LongName>Directorate for Engineering</LongName>
      </Directorate>
      <Division>
        <LongName>Division of Civil, Mechanical, and Manufacturing Innovation</LongName>
      </Division>
    </Organization>
    <ProgramOfficer>
      <SignBlockName>Edwin Romeijn</SignBlockName>
    </ProgramOfficer>
    <AbstractNarration>The research objective of this award is to develop a new approach to effectively capture the underlying nonlinear and nonstationary evolution of the multi-dimensional process states in Chemical Mechanical Planarization (CMP) process, to enable early defect detection of pattern dependent surface topography in CMP, i.e., dishing/erosion. The proposed research will: (1) establish the fundamental relationships that connect process abnormalities in CMP with extracted features from online sensor signals, i.e., a mapping between the sensor features with the evolving dishing and erosion, thus, to enable early detection of surface topography related defects; and (2) create a new online predictive model with a novel recurrent nested Dirichlet process (RNDP) model which has a non-parametric property and data-driven nature, and can accurately capture CMP process nonlinearity/nonstationarity and avoid the possible model over- and under-fitting.&lt;br/&gt;&lt;br/&gt;If successful, this research will result in a technological breakthrough that can fully utilize/integrate the CMP process data and thus enable early defect detection/alleviation for wafer yield improvement. It is anticipated that this proposal would generate significant contributions toward promoting the technological advances in process monitoring and control for semiconductor industry, leading to a better product (IC) quality and higher process productivity for the CMP process. The new curricula, REU, combined with undergraduate and graduate student mentoring programs, will attract potential students, especially from underrepresented groups, to engineering related research and education by exposing students to both fundamental research and industry practices. Dissemination of research outcomes includes professional presentations and publications, website development, media outreach and student publications, as well as collaboration with industry partners.</AbstractNarration>
    <MinAmdLetterDate>11/14/2013</MinAmdLetterDate>
    <MaxAmdLetterDate>11/14/2013</MaxAmdLetterDate>
    <ARRAAmount/>
    <AwardID>1401511</AwardID>
    <Investigator>
      <FirstName>Zhenyu</FirstName>
      <LastName>Kong</LastName>
      <EmailAddress>zkong@vt.edu</EmailAddress>
      <StartDate>11/14/2013</StartDate>
      <EndDate/>
      <RoleCode>Principal Investigator</RoleCode>
    </Investigator>
    <Institution>
      <Name>Virginia Polytechnic Institute and State University</Name>
      <CityName>BLACKSBURG</CityName>
      <ZipCode>240610001</ZipCode>
      <PhoneNumber>5402315281</PhoneNumber>
      <StreetAddress>Sponsored Programs 0170</StreetAddress>
      <CountryName>United States</CountryName>
      <StateName>Virginia</StateName>
      <StateCode>VA</StateCode>
    </Institution>
    <ProgramElement>
      <Code>1468</Code>
      <Text>Manufacturing Machines &amp; Equip</Text>
    </ProgramElement>
    <ProgramElement>
      <Code>1786</Code>
      <Text>MANFG ENTERPRISE SYSTEMS</Text>
    </ProgramElement>
    <ProgramReference>
      <Code>071E</Code>
      <Text>MFG ENTERPRISE OPERATIONS</Text>
    </ProgramReference>
    <ProgramReference>
      <Code>078E</Code>
      <Text>ENTERPRISE DESIGN &amp; LOGISTICS</Text>
    </ProgramReference>
    <ProgramReference>
      <Code>082E</Code>
      <Text>MFG MACHINES &amp; METROLOGY</Text>
    </ProgramReference>
    <ProgramReference>
      <Code>083E</Code>
      <Text>MATERIAL TRANSFORMATION PROC</Text>
    </ProgramReference>
    <ProgramReference>
      <Code>116E</Code>
      <Text>RESEARCH EXP FOR UNDERGRADS</Text>
    </ProgramReference>
    <ProgramReference>
      <Code>1468</Code>
      <Text>MANUFACTURING &amp; CONST MACH EQP</Text>
    </ProgramReference>
    <ProgramReference>
      <Code>1786</Code>
      <Text>MANFG ENTERPRISE SYSTEMS</Text>
    </ProgramReference>
    <ProgramReference>
      <Code>9150</Code>
      <Text>EXP PROG TO STIM COMP RES</Text>
    </ProgramReference>
    <ProgramReference>
      <Code>9178</Code>
      <Text>UNDERGRADUATE EDUCATION</Text>
    </ProgramReference>
    <ProgramReference>
      <Code>9251</Code>
      <Text>RES EXPER FOR UNDERGRAD-SUPPLT</Text>
    </ProgramReference>
  </Award>
</rootTag>
