<?xml version="1.0" encoding="UTF-8"?>

<rootTag>
  <Award>
    <AwardTitle>Central States Section of the Combustion Institute (2014 Technical Meeting, March 16-18, Tulsa, OK)</AwardTitle>
    <AwardEffectiveDate>03/01/2014</AwardEffectiveDate>
    <AwardExpirationDate>08/31/2014</AwardExpirationDate>
    <AwardAmount>5500</AwardAmount>
    <AwardInstrument>
      <Value>Standard Grant</Value>
    </AwardInstrument>
    <Organization>
      <Code>07020006</Code>
      <Directorate>
        <LongName>Directorate for Engineering</LongName>
      </Directorate>
      <Division>
        <LongName>Division of Chemical, Bioengineering, Environmental, and Transport Systems</LongName>
      </Division>
    </Organization>
    <ProgramOfficer>
      <SignBlockName>Ruey-Hung Chen</SignBlockName>
    </ProgramOfficer>
    <AbstractNarration>This proposal seeks funding to support travel of student registrants at the 2014 Combustion Institute Spring Technical Meeting from March 16-18, 2014,in Tulsa, Oklahoma, hosted by The Central States Section of the Combustion Institute (CSSCI). The broader objectives&lt;br/&gt;of The Combustion Institute focus on discovery, advancement, and application of combustion/fire science and engineering. By participating in the meeting students and student researchers will have the first-hand interaction with experts, as well as peers, in exchange ideas, thus promoting their education, learning, while also fulfill recruitment and retention of students in STEM fields.</AbstractNarration>
    <MinAmdLetterDate>01/29/2014</MinAmdLetterDate>
    <MaxAmdLetterDate>01/29/2014</MaxAmdLetterDate>
    <ARRAAmount/>
    <AwardID>1402608</AwardID>
    <Investigator>
      <FirstName>Wilson</FirstName>
      <LastName>Merchan-Merchan</LastName>
      <EmailAddress>wmerchan-merchan@ou.edu</EmailAddress>
      <StartDate>01/29/2014</StartDate>
      <EndDate/>
      <RoleCode>Principal Investigator</RoleCode>
    </Investigator>
    <Institution>
      <Name>University of Oklahoma Norman Campus</Name>
      <CityName>NORMAN</CityName>
      <ZipCode>730195300</ZipCode>
      <PhoneNumber>4053254757</PhoneNumber>
      <StreetAddress>201 David L. Boren Blvd.</StreetAddress>
      <CountryName>United States</CountryName>
      <StateName>Oklahoma</StateName>
      <StateCode>OK</StateCode>
    </Institution>
    <ProgramElement>
      <Code>1407</Code>
      <Text>COMBUSTION, FIRE, &amp; PLASMA SYS</Text>
    </ProgramElement>
    <ProgramReference>
      <Code>148E</Code>
      <Text>Combustion</Text>
    </ProgramReference>
  </Award>
</rootTag>
