<?xml version="1.0" encoding="UTF-8"?>

<rootTag>
  <Award>
    <AwardTitle>JST-NSF Workshop on Cooperative Distributed Energy Management Systems. To be Held in Honolulu, HI, January 11-12,2014.</AwardTitle>
    <AwardEffectiveDate>12/15/2013</AwardEffectiveDate>
    <AwardExpirationDate>11/30/2014</AwardExpirationDate>
    <AwardAmount>89511</AwardAmount>
    <AwardInstrument>
      <Value>Standard Grant</Value>
    </AwardInstrument>
    <Organization>
      <Code>07010000</Code>
      <Directorate>
        <LongName>Directorate for Engineering</LongName>
      </Directorate>
      <Division>
        <LongName>Division of Electrical, Communications and Cyber Systems</LongName>
      </Division>
    </Organization>
    <ProgramOfficer>
      <SignBlockName>Radhakisan S. Baheti</SignBlockName>
    </ProgramOfficer>
    <AbstractNarration>This workshop brings together leading international researchers from Japan, United States, Germany, and the United Kingdom to discuss the stable and secure supply of energy as we head towards a low carbon society that is essential for sustainable development. The objective of the workshop is to discuss our collective research approaches and then develop collaborative efforts to formulate cooperative distributed energy management systems. The workshop will be held at the Hilton Waikiki Beach Hotel in Honolulu, HI on January 11-12, 2014. &lt;br/&gt;&lt;br/&gt;Intellectual Merit &lt;br/&gt;&lt;br/&gt;There is a pressing need around the world to change paradigms of how we both generate and use energy as we move to a more sustainable society considering solutions that require engineering, computational, environmental, policy, economic, and social science research and education. This proposal along with the support of the Japan Science and Technology (JST) Agency brings together a group of international researchers and educators in energy and sustainability to discuss these issues. The workshop will study a cooperative distributed energy management system that makes optimal control of energy generation and demand response.&lt;br/&gt;This workshop is unique as it will bring in distinguished US researchers to participate with Japanese researchers invited by JST along with researchers from Germany and the United Kingdom to discuss and form collaborations on cooperative distributive energy management systems. Topics of discussion include: renewable energy generation including solar and wind along with distributed generation and integration of renewable energy sources; communications, control, and computational aspects of the smart grid; storage options; demand response including load controls, demand side management, price controls, and consumer participation; and smart grid and smart community demonstration projects.&lt;br/&gt;Broader Impacts &lt;br/&gt;&lt;br/&gt;The workshop will bring in researchers from different countries to give different perspectives on developing a cooperative distributed energy management system. This will lead to multinational collaborative research and education efforts. This can lead to novel approaches to tackle energy and sustainability problems and also innovation and commercialization opportunities.</AbstractNarration>
    <MinAmdLetterDate>12/05/2013</MinAmdLetterDate>
    <MaxAmdLetterDate>12/05/2013</MaxAmdLetterDate>
    <ARRAAmount/>
    <AwardID>1402844</AwardID>
    <Investigator>
      <FirstName>Anthony</FirstName>
      <LastName>Kuh</LastName>
      <EmailAddress>kuh@hawaii.edu</EmailAddress>
      <StartDate>12/05/2013</StartDate>
      <EndDate/>
      <RoleCode>Principal Investigator</RoleCode>
    </Investigator>
    <Investigator>
      <FirstName>Matthias</FirstName>
      <LastName>Fripp</LastName>
      <EmailAddress>mfripp@hawaii.edu</EmailAddress>
      <StartDate>12/05/2013</StartDate>
      <EndDate/>
      <RoleCode>Co-Principal Investigator</RoleCode>
    </Investigator>
    <Institution>
      <Name>University of Hawaii</Name>
      <CityName>HONOLULU</CityName>
      <ZipCode>968222234</ZipCode>
      <PhoneNumber>8089567800</PhoneNumber>
      <StreetAddress>2440 Campus Road, Box 368</StreetAddress>
      <CountryName>United States</CountryName>
      <StateName>Hawaii</StateName>
      <StateCode>HI</StateCode>
    </Institution>
    <ProgramElement>
      <Code>7298</Code>
      <Text>COLLABORATIVE RESEARCH</Text>
    </ProgramElement>
    <ProgramElement>
      <Code>7607</Code>
      <Text>ENERGY,POWER,ADAPTIVE SYS</Text>
    </ProgramElement>
    <ProgramReference>
      <Code>155E</Code>
      <Text>Electric power networks</Text>
    </ProgramReference>
    <ProgramReference>
      <Code>5921</Code>
      <Text>JAPAN</Text>
    </ProgramReference>
    <ProgramReference>
      <Code>9150</Code>
      <Text>EXP PROG TO STIM COMP RES</Text>
    </ProgramReference>
  </Award>
</rootTag>
