<?xml version="1.0" encoding="UTF-8"?>

<rootTag>
  <Award>
    <AwardTitle>Conference on "Harmonic Analysis and Partial Differential Equations: Recent Developments and Future Directions"</AwardTitle>
    <AwardEffectiveDate>07/01/2014</AwardEffectiveDate>
    <AwardExpirationDate>06/30/2015</AwardExpirationDate>
    <AwardAmount>46400</AwardAmount>
    <AwardInstrument>
      <Value>Standard Grant</Value>
    </AwardInstrument>
    <Organization>
      <Code>03040000</Code>
      <Directorate>
        <LongName>Directorate for Mathematical &amp; Physical Sciences</LongName>
      </Directorate>
      <Division>
        <LongName>Division of Mathematical Sciences</LongName>
      </Division>
    </Organization>
    <ProgramOfficer>
      <SignBlockName>Changfeng Gui</SignBlockName>
    </ProgramOfficer>
    <AbstractNarration>Abstract (Fefferman, 1402227): &lt;br/&gt;&lt;br/&gt;This award provides partial funding for a three-day Conference on "Harmonic Analysis and Partial Differential Equations: Recent Developments and Future Directions", to be held September 19-21, 2014, at the University of Chicago.&lt;br/&gt;&lt;br/&gt;The conference focuses on a number of different areas of partial differential equations where harmonic analysis techniques are often used, with emphasis on recent developments in non-linear dispersive PDE, inverse problems, elliptic homogenization and boundary value problems. The key issues are global well-posedness and blow up, profile decomposition, soliton resolution conjecture, unique continuation properties, Calderon problem with partial data, anisotropic inverse problems, uniform boundary regularity estimates, etc. Several world leading experts are confirmed as participants and will give lectures. The conference organizers aim to attract a broad range of participants including junior researchers and members of underrepresented groups. The achievements and impacts of Carlos Kenig in analysis will be celebrated in the conference.</AbstractNarration>
    <MinAmdLetterDate>01/27/2014</MinAmdLetterDate>
    <MaxAmdLetterDate>01/27/2014</MaxAmdLetterDate>
    <ARRAAmount/>
    <AwardID>1402227</AwardID>
    <Investigator>
      <FirstName>Robert</FirstName>
      <LastName>Fefferman</LastName>
      <EmailAddress>rfefferm@uchicago.edu</EmailAddress>
      <StartDate>01/27/2014</StartDate>
      <EndDate/>
      <RoleCode>Principal Investigator</RoleCode>
    </Investigator>
    <Investigator>
      <FirstName>Zhongwei</FirstName>
      <LastName>Shen</LastName>
      <EmailAddress>zshen2@uky.edu</EmailAddress>
      <StartDate>01/27/2014</StartDate>
      <EndDate/>
      <RoleCode>Co-Principal Investigator</RoleCode>
    </Investigator>
    <Investigator>
      <FirstName>Gigliola</FirstName>
      <LastName>Staffilani</LastName>
      <EmailAddress>gigliola@math.mit.edu</EmailAddress>
      <StartDate>01/27/2014</StartDate>
      <EndDate/>
      <RoleCode>Co-Principal Investigator</RoleCode>
    </Investigator>
    <Investigator>
      <FirstName>Panagiota</FirstName>
      <LastName>Daskalopoulos</LastName>
      <EmailAddress>pdaskalo@math.columbia.edu</EmailAddress>
      <StartDate>01/27/2014</StartDate>
      <EndDate/>
      <RoleCode>Co-Principal Investigator</RoleCode>
    </Investigator>
    <Institution>
      <Name>University of Chicago</Name>
      <CityName>Chicago</CityName>
      <ZipCode>606375418</ZipCode>
      <PhoneNumber>7737028669</PhoneNumber>
      <StreetAddress>5801 South Ellis Avenue</StreetAddress>
      <CountryName>United States</CountryName>
      <StateName>Illinois</StateName>
      <StateCode>IL</StateCode>
    </Institution>
    <ProgramElement>
      <Code>1281</Code>
      <Text>ANALYSIS PROGRAM</Text>
    </ProgramElement>
    <ProgramReference>
      <Code>7556</Code>
      <Text>CONFERENCE AND WORKSHOPS</Text>
    </ProgramReference>
  </Award>
</rootTag>
