<?xml version="1.0" encoding="UTF-8"?>

<rootTag>
  <Award>
    <AwardTitle>Great Plains Operator Theory Symposium 2014</AwardTitle>
    <AwardEffectiveDate>05/01/2014</AwardEffectiveDate>
    <AwardExpirationDate>04/30/2015</AwardExpirationDate>
    <AwardAmount>50000</AwardAmount>
    <AwardInstrument>
      <Value>Standard Grant</Value>
    </AwardInstrument>
    <Organization>
      <Code>03040000</Code>
      <Directorate>
        <LongName>Directorate for Mathematical &amp; Physical Sciences</LongName>
      </Directorate>
      <Division>
        <LongName>Division of Mathematical Sciences</LongName>
      </Division>
    </Organization>
    <ProgramOfficer>
      <SignBlockName>Bruce P. Palka</SignBlockName>
    </ProgramOfficer>
    <AbstractNarration>This award provides funding to help defray the expenses of participants in the "Great Plains Operator Theory Symposium 2014" that will be held from May 27-31, 2014, on the campus of Kansas State University.&lt;br/&gt;&lt;br/&gt;This conference is the thirty-fourth installment of the Great Plains Operator Theory Symposium (GPOTS), a series that annually brings together a diverse group of mathematicians whose primary research interests are in operator theory or operator algebras. The main foci of the 2014 event are the following: the Kadison-Singer conjecture; classification of C*-algebras; applications of set theory to operator algebras; graph algebras; von Neumann algebras. The conference program provides ample opportunity for graduate students, postdocs, and other young scientists to present their work.</AbstractNarration>
    <MinAmdLetterDate>11/26/2013</MinAmdLetterDate>
    <MaxAmdLetterDate>11/26/2013</MaxAmdLetterDate>
    <ARRAAmount/>
    <AwardID>1402509</AwardID>
    <Investigator>
      <FirstName>Gabriel</FirstName>
      <LastName>Nagy</LastName>
      <EmailAddress>nagy@math.ksu.edu</EmailAddress>
      <StartDate>11/26/2013</StartDate>
      <EndDate/>
      <RoleCode>Co-Principal Investigator</RoleCode>
    </Investigator>
    <Investigator>
      <FirstName>Sarah</FirstName>
      <LastName>Reznikoff</LastName>
      <EmailAddress>sarahrez@math.ksu.edu</EmailAddress>
      <StartDate>11/26/2013</StartDate>
      <EndDate/>
      <RoleCode>Principal Investigator</RoleCode>
    </Investigator>
    <Investigator>
      <FirstName>Jonathan</FirstName>
      <LastName>Brown</LastName>
      <EmailAddress>brownjh@k-state.edu</EmailAddress>
      <StartDate>11/26/2013</StartDate>
      <EndDate/>
      <RoleCode>Co-Principal Investigator</RoleCode>
    </Investigator>
    <Institution>
      <Name>Kansas State University</Name>
      <CityName>MANHATTAN</CityName>
      <ZipCode>665061103</ZipCode>
      <PhoneNumber>7855326804</PhoneNumber>
      <StreetAddress>2 FAIRCHILD HALL</StreetAddress>
      <CountryName>United States</CountryName>
      <StateName>Kansas</StateName>
      <StateCode>KS</StateCode>
    </Institution>
    <ProgramElement>
      <Code>1281</Code>
      <Text>ANALYSIS PROGRAM</Text>
    </ProgramElement>
    <ProgramReference>
      <Code>7556</Code>
      <Text>CONFERENCE AND WORKSHOPS</Text>
    </ProgramReference>
    <ProgramReference>
      <Code>9150</Code>
      <Text>EXP PROG TO STIM COMP RES</Text>
    </ProgramReference>
  </Award>
</rootTag>
