<?xml version="1.0" encoding="UTF-8"?>

<rootTag>
  <Award>
    <AwardTitle>Integrating Computing Across the Curriculum (ICAC): Incorporating Technology into STEM Education Using XO Laptops</AwardTitle>
    <AwardEffectiveDate>08/15/2013</AwardEffectiveDate>
    <AwardExpirationDate>07/31/2014</AwardExpirationDate>
    <AwardAmount>1185583</AwardAmount>
    <AwardInstrument>
      <Value>Continuing grant</Value>
    </AwardInstrument>
    <Organization>
      <Code>11090000</Code>
      <Directorate>
        <LongName>Directorate for Education &amp; Human Resources</LongName>
      </Directorate>
      <Division>
        <LongName>Division of Research on Learning in Formal and Informal Settings (DRL)</LongName>
      </Division>
    </Organization>
    <ProgramOfficer>
      <SignBlockName>Andres Henriquez</SignBlockName>
    </ProgramOfficer>
    <AbstractNarration>The ICAC builds and tests applications tied to the school curriculum that integrate the sciences with mathematics, computational thinking, reading and writing in elementary schools. The investigative core of the project is to determine how one-computer-per-child can be implemented in such a way as to support STEM learning and lead more urban children to STEM career paths. Data are collected both on the process of adoption and on the outcomes of learning and entering career paths, as measured by course selection and interests.&lt;br/&gt;&lt;br/&gt;Building on a state effort that has provided XO laptop computers to every child in grades 1-5, ICAC provides approximately 160 teachers and 8000 students with computer resources and skills and supports the adoption so as to increase the number of students in the STEM pipeline. The community served by the project is an urban, predominantly African American, high poverty school system where students are underrepresented in the STEM pipeline. The project advances computing, science, and mathematics skills of 4th and 5th grade Birmingham City Schools (BCS) teachers and students, works with teachers to develop curriculum, and provides professional development for teachers, and facilitates participation and support by administrators. In addition, ICAC provides more extensive training to 320 students, drawn from each school, who become resources for the teachers and their fellow students. ICAC engages parents so that they understand the opportunities available for their children in STEM-centered careers and so that the parents can be supportive of their child's interest in STEM education.</AbstractNarration>
    <MinAmdLetterDate>01/31/2014</MinAmdLetterDate>
    <MaxAmdLetterDate>01/31/2014</MaxAmdLetterDate>
    <ARRAAmount/>
    <AwardID>1404467</AwardID>
    <Investigator>
      <FirstName>Shelia</FirstName>
      <LastName>Cotten</LastName>
      <EmailAddress>cotten@msu.edu</EmailAddress>
      <StartDate>01/31/2014</StartDate>
      <EndDate/>
      <RoleCode>Principal Investigator</RoleCode>
    </Investigator>
    <Institution>
      <Name>Michigan State University</Name>
      <CityName>EAST LANSING</CityName>
      <ZipCode>488241046</ZipCode>
      <PhoneNumber>5173555040</PhoneNumber>
      <StreetAddress>CONTRACT AND GRANT ADMINISTRATIO</StreetAddress>
      <CountryName>United States</CountryName>
      <StateName>Michigan</StateName>
      <StateCode>MI</StateCode>
    </Institution>
    <ProgramElement>
      <Code>7645</Code>
      <Text>DISCOVERY RESEARCH K-12</Text>
    </ProgramElement>
    <ProgramReference>
      <Code>9150</Code>
      <Text>EXP PROG TO STIM COMP RES</Text>
    </ProgramReference>
    <ProgramReference>
      <Code>9177</Code>
      <Text>ELEMENTARY/SECONDARY EDUCATION</Text>
    </ProgramReference>
    <ProgramReference>
      <Code>SMET</Code>
      <Text>SCIENCE, MATH, ENG &amp; TECH EDUCATION</Text>
    </ProgramReference>
  </Award>
</rootTag>
