<?xml version="1.0" encoding="UTF-8"?>

<rootTag>
  <Award>
    <AwardTitle>PIMS Summer School in Probability 2014</AwardTitle>
    <AwardEffectiveDate>03/01/2014</AwardEffectiveDate>
    <AwardExpirationDate>02/28/2015</AwardExpirationDate>
    <AwardAmount>30600</AwardAmount>
    <AwardInstrument>
      <Value>Standard Grant</Value>
    </AwardInstrument>
    <Organization>
      <Code>03040000</Code>
      <Directorate>
        <LongName>Directorate for Mathematical &amp; Physical Sciences</LongName>
      </Directorate>
      <Division>
        <LongName>Division of Mathematical Sciences</LongName>
      </Division>
    </Organization>
    <ProgramOfficer>
      <SignBlockName>Tomek Bartoszynski</SignBlockName>
    </ProgramOfficer>
    <AbstractNarration>This award supports travel for 18 participants from U.S. institutions in the 2014 Pacific Institute for the Mathematical Sciences Summer School in Probability to be held at the University of British Columbia from June 2-27, 2014. The School provides an opportunity for advanced U.S. Ph.D. students and recent graduates to interact directly with top researchers in the field. The participants will learn current techniques in the most significant areas of probability theory, including noise stability, random walks on random fractals, stochastic models of evolution, phase transitions for random constraint satisfaction problems, correlated Gaussian fields, and branching random walks. It is expected that the participants will engage in active research on some topics covered by the main courses and related areas.&lt;br/&gt;&lt;br/&gt;The 2014 Pacific Institute for the Mathematical Sciences Summer School in Probability will be an excellent opportunity for Ph.D. students and junior researchers to learn some of the most significant modern probability theory from the top experts in the field and to interact with them directly. The junior participants are often current and future academic faculty, able to spread the knowledge of the modern techniques further in the research community. &lt;br/&gt;&lt;br/&gt;School website: www.math.ubc.ca/Links/ssprob14/</AbstractNarration>
    <MinAmdLetterDate>02/26/2014</MinAmdLetterDate>
    <MaxAmdLetterDate>02/26/2014</MaxAmdLetterDate>
    <ARRAAmount/>
    <AwardID>1404516</AwardID>
    <Investigator>
      <FirstName>Krzysztof</FirstName>
      <LastName>Burdzy</LastName>
      <EmailAddress>burdzy@math.washington.edu</EmailAddress>
      <StartDate>02/26/2014</StartDate>
      <EndDate/>
      <RoleCode>Principal Investigator</RoleCode>
    </Investigator>
    <Investigator>
      <FirstName>Zhen-Qing</FirstName>
      <LastName>Chen</LastName>
      <EmailAddress>zchen@math.washington.edu</EmailAddress>
      <StartDate>02/26/2014</StartDate>
      <EndDate/>
      <RoleCode>Co-Principal Investigator</RoleCode>
    </Investigator>
    <Institution>
      <Name>University of Washington</Name>
      <CityName>SEATTLE</CityName>
      <ZipCode>981959472</ZipCode>
      <PhoneNumber>2065434043</PhoneNumber>
      <StreetAddress>4333 Brooklyn Ave NE</StreetAddress>
      <CountryName>United States</CountryName>
      <StateName>Washington</StateName>
      <StateCode>WA</StateCode>
    </Institution>
    <ProgramElement>
      <Code>1263</Code>
      <Text>PROBABILITY</Text>
    </ProgramElement>
    <ProgramReference>
      <Code>7556</Code>
      <Text>CONFERENCE AND WORKSHOPS</Text>
    </ProgramReference>
  </Award>
</rootTag>
