<?xml version="1.0" encoding="UTF-8"?>

<rootTag>
  <Award>
    <AwardTitle>SustainIT 2013 Student Travel Support Request</AwardTitle>
    <AwardEffectiveDate>08/31/2013</AwardEffectiveDate>
    <AwardExpirationDate>08/31/2014</AwardExpirationDate>
    <AwardAmount>15000</AwardAmount>
    <AwardInstrument>
      <Value>Standard Grant</Value>
    </AwardInstrument>
    <Organization>
      <Code>05050000</Code>
      <Directorate>
        <LongName>Directorate for Computer &amp; Information Science &amp; Engineering</LongName>
      </Directorate>
      <Division>
        <LongName>Division of Computer and Network Systems</LongName>
      </Division>
    </Organization>
    <ProgramOfficer>
      <SignBlockName>Theodore Baker</SignBlockName>
    </ProgramOfficer>
    <AbstractNarration>This project will support students to attend SustainIT conference to be held in Palermo, Italy on Oct 30-31, 2013. The SustainIT conference focuses on applications of information and communication technologies (ICT) for Sustainability. SustainIT 2013 will include Ph.D. forum, work in progress session, poster session, industry track and keynotes. Extended versions of selected papers will be published. The conference will provide an opportunity for students to interact with researchers, particularly computer scientists, working on applications of ICT for sustainability. The students will be selected based on applications that explain how they will benefit from the conference. Preference will be given to minority students and students with accepted papers in SustainIT.</AbstractNarration>
    <MinAmdLetterDate>11/06/2013</MinAmdLetterDate>
    <MaxAmdLetterDate>11/06/2013</MaxAmdLetterDate>
    <ARRAAmount/>
    <AwardID>1404702</AwardID>
    <Investigator>
      <FirstName>Sajal</FirstName>
      <LastName>Das</LastName>
      <EmailAddress>sdas@mst.edu</EmailAddress>
      <StartDate>11/06/2013</StartDate>
      <EndDate/>
      <RoleCode>Principal Investigator</RoleCode>
    </Investigator>
    <Institution>
      <Name>Missouri University of Science and Technology</Name>
      <CityName>Rolla</CityName>
      <ZipCode>654096506</ZipCode>
      <PhoneNumber>5733414134</PhoneNumber>
      <StreetAddress>300 W 12th Street</StreetAddress>
      <CountryName>United States</CountryName>
      <StateName>Missouri</StateName>
      <StateCode>MO</StateCode>
    </Institution>
    <ProgramElement>
      <Code>7354</Code>
      <Text>COMPUTER SYSTEMS</Text>
    </ProgramElement>
    <ProgramReference>
      <Code>7556</Code>
      <Text>CONFERENCE AND WORKSHOPS</Text>
    </ProgramReference>
  </Award>
</rootTag>
