<?xml version="1.0" encoding="UTF-8"?>

<rootTag>
  <Award>
    <AwardTitle>EAGER: Mobile Application Security through Remote Sandboxing and Cloud Computing</AwardTitle>
    <AwardEffectiveDate>08/31/2013</AwardEffectiveDate>
    <AwardExpirationDate>08/31/2014</AwardExpirationDate>
    <AwardAmount>155383</AwardAmount>
    <AwardInstrument>
      <Value>Standard Grant</Value>
    </AwardInstrument>
    <Organization>
      <Code>05050000</Code>
      <Directorate>
        <LongName>Directorate for Computer &amp; Information Science &amp; Engineering</LongName>
      </Directorate>
      <Division>
        <LongName>Division of Computer and Network Systems</LongName>
      </Division>
    </Organization>
    <ProgramOfficer>
      <SignBlockName>M. Mimi McClure</SignBlockName>
    </ProgramOfficer>
    <AbstractNarration>The last few years have witnessed an explosive growth in the number of personal mobile devices, such as smartphones and tablets. This growth has been followed by an even more exceptional increase in the download of mobile applications, as well as in the related security threats. In this context, the cloud computing paradigm can be leveraged to improve mobile application security. The fundamental idea is to install the mobile application on a remote server in the cloud infrastructure rather than on the device. Then the application can be accessed with techniques similar to remote desktop computing. This approach is referred to as remote sandboxing.&lt;br/&gt;&lt;br/&gt;The major advantage of this scheme is that it is very suitable to efficiently offer advanced security features. To this end, remote sandboxing is complemented with a framework for cloud-based security services tailored to mobile applications. The framework supports heterogeneous mobile devices and platforms, and provides methods to improve the resource utilization of the cloud infrastructure. Furthermore, it provides energy-efficient and reliable support for remote networking of mobile devices.&lt;br/&gt;&lt;br/&gt;The remote sandboxing framework will enable a new cloud delivery model, where security services specific to mobile applications are offered to the users. It will also benefit cloud computing by improving efficiency in resource allocation and management, as well as by fostering research on security. Finally, the research will promote the awareness of security threats and privacy issues affecting personal devices, and include activities targeted to undergraduate and K-12 students.</AbstractNarration>
    <MinAmdLetterDate>12/20/2013</MinAmdLetterDate>
    <MaxAmdLetterDate>12/20/2013</MaxAmdLetterDate>
    <ARRAAmount/>
    <AwardID>1404677</AwardID>
    <Investigator>
      <FirstName>Sajal</FirstName>
      <LastName>Das</LastName>
      <EmailAddress>sdas@mst.edu</EmailAddress>
      <StartDate>12/20/2013</StartDate>
      <EndDate/>
      <RoleCode>Principal Investigator</RoleCode>
    </Investigator>
    <Institution>
      <Name>Missouri University of Science and Technology</Name>
      <CityName>Rolla</CityName>
      <ZipCode>654096506</ZipCode>
      <PhoneNumber>5733414134</PhoneNumber>
      <StreetAddress>300 W 12th Street</StreetAddress>
      <CountryName>United States</CountryName>
      <StateName>Missouri</StateName>
      <StateCode>MO</StateCode>
    </Institution>
    <ProgramElement>
      <Code>7354</Code>
      <Text>COMPUTER SYSTEMS</Text>
    </ProgramElement>
    <ProgramReference>
      <Code>7354</Code>
      <Text>COMPUTER SYSTEMS</Text>
    </ProgramReference>
    <ProgramReference>
      <Code>7916</Code>
      <Text>EAGER</Text>
    </ProgramReference>
  </Award>
</rootTag>
