<?xml version="1.0" encoding="UTF-8"?>

<rootTag>
  <Award>
    <AwardTitle>Collaborative Research: Understanding the Atmospheres of Young Planets</AwardTitle>
    <AwardEffectiveDate>01/01/2014</AwardEffectiveDate>
    <AwardExpirationDate>08/31/2016</AwardExpirationDate>
    <AwardAmount>136030</AwardAmount>
    <AwardInstrument>
      <Value>Continuing grant</Value>
    </AwardInstrument>
    <Organization>
      <Code>03020000</Code>
      <Directorate>
        <LongName>Directorate for Mathematical &amp; Physical Sciences</LongName>
      </Directorate>
      <Division>
        <LongName>Division of Astronomical Sciences</LongName>
      </Division>
    </Organization>
    <ProgramOfficer>
      <SignBlockName>Maria Womack</SignBlockName>
    </ProgramOfficer>
    <AbstractNarration>This work is part of a collaborative project to collect direct imaging data of exoplanets and then model the atmospheres. This work focuses on cool giant planets, which are the type expected to be first detected with these techniques (due to their larger orbital distances from the host star). They will use data collected from direct imaging surveys to test models of the atmospheres, and include clouds, vertical mixing, non-solar abundances, and non-local chemical equilibrium effects in their calculations. &lt;br/&gt;&lt;br/&gt;This project will also involve public outreach through Lowell Observatory and the American Museum of Natural History, which will develop and present online and in-person programs on the scientific results from direct imaging of planets. They will also train undergraduate and graduate students in research.</AbstractNarration>
    <MinAmdLetterDate>11/08/2013</MinAmdLetterDate>
    <MaxAmdLetterDate>11/08/2013</MaxAmdLetterDate>
    <ARRAAmount/>
    <AwardID>1405505</AwardID>
    <Investigator>
      <FirstName>Travis</FirstName>
      <LastName>Barman</LastName>
      <EmailAddress>barman@lpl.arizona.edu</EmailAddress>
      <StartDate>11/08/2013</StartDate>
      <EndDate/>
      <RoleCode>Principal Investigator</RoleCode>
    </Investigator>
    <Institution>
      <Name>University of Arizona</Name>
      <CityName>TUCSON</CityName>
      <ZipCode>857210001</ZipCode>
      <PhoneNumber>5206266000</PhoneNumber>
      <StreetAddress>888 N Euclid Ave</StreetAddress>
      <CountryName>United States</CountryName>
      <StateName>Arizona</StateName>
      <StateCode>AZ</StateCode>
    </Institution>
    <ProgramElement>
      <Code>1215</Code>
      <Text>STELLAR ASTRONOMY &amp; ASTROPHYSC</Text>
    </ProgramElement>
    <ProgramReference>
      <Code>1207</Code>
      <Text>OBSERVATIONAL ASTRONOMY</Text>
    </ProgramReference>
    <ProgramReference>
      <Code>1206</Code>
      <Text>THEORETICAL &amp; COMPUTATIONAL ASTROPHYSICS</Text>
    </ProgramReference>
  </Award>
</rootTag>
