<?xml version="1.0" encoding="UTF-8"?>

<rootTag>
  <Award>
    <AwardTitle>CAREER:Digitally-Assisted Dynamic Power Management Techniques for Energy-Efficient Communication Networks</AwardTitle>
    <AwardEffectiveDate>06/15/2013</AwardEffectiveDate>
    <AwardExpirationDate>05/31/2015</AwardExpirationDate>
    <AwardAmount>309200</AwardAmount>
    <AwardInstrument>
      <Value>Continuing grant</Value>
    </AwardInstrument>
    <Organization>
      <Code>07010007</Code>
      <Directorate>
        <LongName>Directorate for Engineering</LongName>
      </Directorate>
      <Division>
        <LongName>Division of Electrical, Communications and Cyber Systems</LongName>
      </Division>
    </Organization>
    <ProgramOfficer>
      <SignBlockName>GEORGE HADDAD</SignBlockName>
    </ProgramOfficer>
    <AbstractNarration>CAREER: Digitally-Assisted Dynamic Power Management Techniques for Energy- Efficient Communication Networks&lt;br/&gt;&lt;br/&gt;Abstract:&lt;br/&gt;&lt;br/&gt;The objective of this research is to develop scalable and robust system- and circuit-architectures to realize highly reliable, power-aware wireline communication networks. The proposed approach takes a holistic view of the entire communication system to develop system-level dynamic power management techniques along with highly scalable, robust, digitally-assisted circuit architectures to improve the energy efficiency of communication links. More than an order of magnitude improvement is to be expected.&lt;br/&gt;&lt;br/&gt;The intellectual merit of this research is in the development of (1) a system-level design paradigm to improve energy-efficiency of communication links by more than an order of magnitude, and (2) digitally-assisted circuit architectures that are immune to process variability, transistor imperfections in highly-scaled technologies, and operation in hostile system-on-a-chip environments. The proposed techniques are applicable to links at all levels of the communication hierarchy and are independent of the transmission media and circuit implementation technology.&lt;br/&gt;&lt;br/&gt;The broader impacts of this research include lowering the energy and infrastructure costs of communications networks of all sizes ranging from small on-chip networks to large data centers. Such energy savings not only give a competitive edge to the US in the global consumer electronic markets but also will help reduce the detrimental impact of large energy consumption on the environment. The proposed effort also increases the participation of students from under-represented groups through active recruitment, retention, and outreach activities conducted in collaboration with the Women &amp; Minorities in Engineering program at the Oregon State University.</AbstractNarration>
    <MinAmdLetterDate>01/17/2014</MinAmdLetterDate>
    <MaxAmdLetterDate>01/17/2014</MaxAmdLetterDate>
    <ARRAAmount/>
    <AwardID>1405176</AwardID>
    <Investigator>
      <FirstName>Pavan Kumar</FirstName>
      <LastName>Hanumolu</LastName>
      <EmailAddress>hanumolu@illinois.edu</EmailAddress>
      <StartDate>01/17/2014</StartDate>
      <EndDate/>
      <RoleCode>Principal Investigator</RoleCode>
    </Investigator>
    <Institution>
      <Name>University of Illinois at Urbana-Champaign</Name>
      <CityName>CHAMPAIGN</CityName>
      <ZipCode>618207473</ZipCode>
      <PhoneNumber>2173332187</PhoneNumber>
      <StreetAddress>SUITE A</StreetAddress>
      <CountryName>United States</CountryName>
      <StateName>Illinois</StateName>
      <StateCode>IL</StateCode>
    </Institution>
    <ProgramElement>
      <Code>7564</Code>
      <Text>COMMS, CIRCUITS &amp; SENS SYS</Text>
    </ProgramElement>
    <ProgramReference>
      <Code>1045</Code>
      <Text>CAREER: FACULTY EARLY CAR DEV</Text>
    </ProgramReference>
  </Award>
</rootTag>
