<?xml version="1.0" encoding="UTF-8"?>

<rootTag>
  <Award>
    <AwardTitle>Collaborative Research: Exploring the Evolution of an Extreme Makeover in Ferns</AwardTitle>
    <AwardEffectiveDate>11/01/2013</AwardEffectiveDate>
    <AwardExpirationDate>01/31/2015</AwardExpirationDate>
    <AwardAmount>129112</AwardAmount>
    <AwardInstrument>
      <Value>Continuing grant</Value>
    </AwardInstrument>
    <Organization>
      <Code>08010206</Code>
      <Directorate>
        <LongName>Directorate for Biological Sciences</LongName>
      </Directorate>
      <Division>
        <LongName>Division of Environmental Biology</LongName>
      </Division>
    </Organization>
    <ProgramOfficer>
      <SignBlockName>David Mindell</SignBlockName>
    </ProgramOfficer>
    <AbstractNarration>The "maidenhair ferns" (belonging to the genus Adiantum) are quintessential ferns -- beautifully dissected, terrestrial, and shade-loving. The "shoe-string ferns" (belonging to a group known as vittarioids) are extremely different: highly simplified, canopy-dwelling epiphytes, with duplicated genomes that exhibit accelerated rates of molecular evolution. Surprisingly, Adiantum and the vittarioids are closely related, comprising a single branch of the tree of life -- a lineage that evidently witnessed an extreme morphological, ecological, and genomic makeover. The proposed research aims to first establish a robust phylogeny for these ferns through analyses of DNA sequence data. Subsequent analyses can then reveal the evolutionary history of the "maidenhair" to "shoestring" fern transformation.&lt;br/&gt;&lt;br/&gt;&lt;br/&gt;By better characterizing the evolutionary history of this extreme makeover in ferns, this study will better elucidate the evolutionary processes of morphological simplification, ecological transition, genome duplication, and molecular evolutionary rate acceleration. Because all of these processes are frequently encountered across the tree of life, but poorly understood, efforts here to uncover and characterize links among them are broadly relevant. This project encompasses a multidisciplinary training program to promote learning, teaching, and discovery, and is squarely aimed at undergraduate and graduate students interested in the areas of plant systematics, molecular evolution, and phylogenetics. The project will also pursue significant science education and outreach goals.</AbstractNarration>
    <MinAmdLetterDate>12/06/2013</MinAmdLetterDate>
    <MaxAmdLetterDate>12/06/2013</MaxAmdLetterDate>
    <ARRAAmount/>
    <AwardID>1405181</AwardID>
    <Investigator>
      <FirstName>Eric</FirstName>
      <LastName>Schuettpelz</LastName>
      <EmailAddress>schuettpelze@si.edu</EmailAddress>
      <StartDate>12/06/2013</StartDate>
      <EndDate/>
      <RoleCode>Principal Investigator</RoleCode>
    </Investigator>
    <Institution>
      <Name>Smithsonian Institution</Name>
      <CityName>Arlington</CityName>
      <ZipCode>222023709</ZipCode>
      <PhoneNumber>2026337110</PhoneNumber>
      <StreetAddress>Office of Sponsored Projects</StreetAddress>
      <CountryName>United States</CountryName>
      <StateName>Virginia</StateName>
      <StateCode>VA</StateCode>
    </Institution>
    <ProgramElement>
      <Code>1171</Code>
      <Text>PHYLOGENETIC SYSTEMATICS</Text>
    </ProgramElement>
    <ProgramReference>
      <Code>9169</Code>
      <Text>BIODIVERSITY AND ECOSYSTEM DYNAMICS</Text>
    </ProgramReference>
    <ProgramReference>
      <Code>EGCH</Code>
      <Text>ENVIRONMENT AND GLOBAL CHANGE</Text>
    </ProgramReference>
  </Award>
</rootTag>
