<?xml version="1.0" encoding="UTF-8"?>

<rootTag>
  <Award>
    <AwardTitle>Ninety-Nine Years of General Relativity: ESI-EMS-IAMP Summer School on Global Aspects of Mathematical Relativity</AwardTitle>
    <AwardEffectiveDate>04/01/2014</AwardEffectiveDate>
    <AwardExpirationDate>03/31/2015</AwardExpirationDate>
    <AwardAmount>34000</AwardAmount>
    <AwardInstrument>
      <Value>Standard Grant</Value>
    </AwardInstrument>
    <Organization>
      <Code>03040000</Code>
      <Directorate>
        <LongName>Directorate for Mathematical &amp; Physical Sciences</LongName>
      </Directorate>
      <Division>
        <LongName>Division of Mathematical Sciences</LongName>
      </Division>
    </Organization>
    <ProgramOfficer>
      <SignBlockName>Ricardo Castano-Bernard</SignBlockName>
    </ProgramOfficer>
    <AbstractNarration>A summer school, Ninety-Nine Years of General Relativity, will be held at the Erwin Schrödinger Institute (Vienna, Austria), July 28-August 1, 2014. This summer school will examine topics in geometric analysis (differential geometry, partial differential equations) of current interest in mathematical general relativity. The Einstein equation is of fundamental importance in general relativity and Riemannian geometry, and the study of the Einstein equation as a model for gravitational phenomena involves deep relationships between geometric analysis and physics. Spectacular progress has been made in recent years on several fronts, including the study of wave equations on black hole space-times (with the eventual goal of understanding black hole stability), cosmic censorship, dynamical formation of black holes in vacuum, topology of black holes, and a better understanding of the moduli space of solutions to the Einstein constraint equations which govern geometry of initial data for the Cauchy problem. Recent advances in numerical analysis of gravitational phenomena highlight the need to push the theoretical boundaries of the initial value formulation (both in constructing solutions to the constraints and in understanding the evolution of these initial data sets) and to create a bridge between the researchers in these areas. The purpose of the summer school is to introduce graduate students and postdocs to the background needed to approach these results and to frame some outstanding open problems in the field. The program will consist of four mini-courses supplemented by several hours of lectures on both introductory and special topics. Details are available at the summer school webpage: http://homepage.univie.ac.at/piotr.chrusciel/SummerSchool2014/index.html&lt;br/&gt;&lt;br/&gt;&lt;br/&gt;There exists around the world a vibrant community of mathematicians and physicists who are making progress on mathematical relativity. Astrophysical observations and the search for gravitational waves continue to provide researchers with both theoretical and experimental challenges. The summer school Ninety-Nine Years of General Relativity will introduce graduate students and postdocs to the tools needed to approach these and other outstanding problems in the field. The school will also foster interaction amongst established researchers, graduate students and postdocs, from the U.S., Europe and elsewhere. It is of crucial importance to recruit and support young talent in the field and, in particular, to bring together students and researchers whose interests span the theoretical to the applied, from geometric analysis to astrophysics and numerical analysis. The grant will provide funding for fifteen U.S. graduate students and postdocs to attend the summer school.</AbstractNarration>
    <MinAmdLetterDate>02/26/2014</MinAmdLetterDate>
    <MaxAmdLetterDate>02/26/2014</MaxAmdLetterDate>
    <ARRAAmount/>
    <AwardID>1406614</AwardID>
    <Investigator>
      <FirstName>Gregory</FirstName>
      <LastName>Galloway</LastName>
      <EmailAddress>galloway@math.miami.edu</EmailAddress>
      <StartDate>02/26/2014</StartDate>
      <EndDate/>
      <RoleCode>Co-Principal Investigator</RoleCode>
    </Investigator>
    <Investigator>
      <FirstName>Justin</FirstName>
      <LastName>Corvino</LastName>
      <EmailAddress>corvinoj@lafayette.edu</EmailAddress>
      <StartDate>02/26/2014</StartDate>
      <EndDate/>
      <RoleCode>Principal Investigator</RoleCode>
    </Investigator>
    <Institution>
      <Name>Lafayette College</Name>
      <CityName>Easton</CityName>
      <ZipCode>180421768</ZipCode>
      <PhoneNumber>6103305029</PhoneNumber>
      <StreetAddress>High Street</StreetAddress>
      <CountryName>United States</CountryName>
      <StateName>Pennsylvania</StateName>
      <StateCode>PA</StateCode>
    </Institution>
    <ProgramElement>
      <Code>1265</Code>
      <Text>GEOMETRIC ANALYSIS</Text>
    </ProgramElement>
    <ProgramReference>
      <Code>7556</Code>
      <Text>CONFERENCE AND WORKSHOPS</Text>
    </ProgramReference>
  </Award>
</rootTag>
