<?xml version="1.0" encoding="UTF-8"?>

<rootTag>
  <Award>
    <AwardTitle>USA-JAPAN International Nano-Biotechnology Workshop</AwardTitle>
    <AwardEffectiveDate>12/15/2013</AwardEffectiveDate>
    <AwardExpirationDate>05/31/2014</AwardExpirationDate>
    <AwardAmount>34549</AwardAmount>
    <AwardInstrument>
      <Value>Standard Grant</Value>
    </AwardInstrument>
    <Organization>
      <Code>07020000</Code>
      <Directorate>
        <LongName>Directorate for Engineering</LongName>
      </Directorate>
      <Division>
        <LongName>Division of Chemical, Bioengineering, Environmental, and Transport Systems</LongName>
      </Division>
    </Organization>
    <ProgramOfficer>
      <SignBlockName>Alexander Revzin</SignBlockName>
    </ProgramOfficer>
    <AbstractNarration>1406966(Di Carlo) This grant supports the international nano-biotechnology workshop held in Japan in December 2013. The field of nanotechnology is very promising and holds considerable potential for societal impact. Early career US academic scientists will have an opportunity to participate in a conference held in Japan. This conference will lead to exchange of ideas and will allow US scientists to bring home new ideas for projects. Such exchange of ideas will contribute to US innovation and development of new products that will be benefit USA.</AbstractNarration>
    <MinAmdLetterDate>12/04/2013</MinAmdLetterDate>
    <MaxAmdLetterDate>12/04/2013</MaxAmdLetterDate>
    <ARRAAmount/>
    <AwardID>1406966</AwardID>
    <Investigator>
      <FirstName>Dino</FirstName>
      <LastName>Di Carlo</LastName>
      <EmailAddress>dicarlo@seas.ucla.edu</EmailAddress>
      <StartDate>12/04/2013</StartDate>
      <EndDate/>
      <RoleCode>Principal Investigator</RoleCode>
    </Investigator>
    <Investigator>
      <FirstName>Daniel</FirstName>
      <LastName>Kamei</LastName>
      <EmailAddress>kamei@seas.ucla.edu</EmailAddress>
      <StartDate>12/04/2013</StartDate>
      <EndDate/>
      <RoleCode>Co-Principal Investigator</RoleCode>
    </Investigator>
    <Institution>
      <Name>University of California-Los Angeles</Name>
      <CityName>LOS ANGELES</CityName>
      <ZipCode>900952000</ZipCode>
      <PhoneNumber>3107940102</PhoneNumber>
      <StreetAddress>11000 Kinross Avenue, Suite 211</StreetAddress>
      <CountryName>United States</CountryName>
      <StateName>California</StateName>
      <StateCode>CA</StateCode>
    </Institution>
    <ProgramElement>
      <Code>7681</Code>
      <Text>ENG NNI SPECIAL STUDIES</Text>
    </ProgramElement>
    <ProgramElement>
      <Code>7909</Code>
      <Text>NANO-BIOSENSING</Text>
    </ProgramElement>
    <ProgramReference>
      <Code>142E</Code>
      <Text>Multi-sens probes &amp; platforms</Text>
    </ProgramReference>
  </Award>
</rootTag>
