<?xml version="1.0" encoding="UTF-8"?>

<rootTag>
  <Award>
    <AwardTitle>CAREER: Understanding and Analyzing User-Prosthesis Interaction for Designing a Volitional Controller for Powered Lower Limb Prostheses</AwardTitle>
    <AwardEffectiveDate>06/30/2013</AwardEffectiveDate>
    <AwardExpirationDate>01/31/2017</AwardExpirationDate>
    <AwardAmount>149618</AwardAmount>
    <AwardInstrument>
      <Value>Continuing grant</Value>
    </AwardInstrument>
    <Organization>
      <Code>05020000</Code>
      <Directorate>
        <LongName>Directorate for Computer &amp; Information Science &amp; Engineering</LongName>
      </Directorate>
      <Division>
        <LongName>Division of Information &amp; Intelligent Systems</LongName>
      </Division>
    </Organization>
    <ProgramOfficer>
      <SignBlockName>Ephraim P. Glinert</SignBlockName>
    </ProgramOfficer>
    <AbstractNarration>Although volitional control of prosthetic arms has been studied intensively in recent years, similar technology has not yet been developed for lower limb prostheses, due in part to the lack of control capability in current passive prosthetic legs. Two emerging technologies, powered lower limb prostheses and neural-machine interfaces (NMI), have opened up new possibilities for allowing leg amputees to operate prostheses intuitively and to perform various activities in a natural way. It remains, however, to demonstrate the feasibility of volitional control for powered prosthetic legs. This is the PI's goal in the current project: to develop and implement a novel volitional controller that allows users with transfemoral amputations to operate a multifunctional, powered prosthetic leg intuitively and safely. To this end, she will systematically investigate and quantify the interaction effects between lower limb amputees and powered artificial legs. Intrinsic control (i.e., control based on intrinsic mechanical feedback) for a prototype powered transfemoral (TF) prosthesis will be developed with finite-state machine and impedance control mechanisms so that it can assist amputees in performing various activities in weight bearing and non-weight bearing situations. The design of the volitional control will be based on a multi-model engineering framework that integrates intent decoders with intrinsic prosthesis control so as to create feed-forward control in a powered TF prosthesis while ensuring amputee safety. Finally, a proof-of-concept prototype of a volitionally-controlled, powered TF prosthesis will be implemented and evaluated in real time on patients with TF amputations. &lt;br/&gt;&lt;br/&gt;Broader Impacts: Project outcomes will significantly advance lower limb prostheses technology, which will in turn lead to quality of life improvements for the large and growing population of lower limb amputees. Similar technology should be applicable to control of powered orthotics, which would benefit patient populations with neuromotor deficits. The experimental data collected in the project will shed light on human motor control mechanisms, which should benefit diverse fields such as kinesiology and neuroscience. The new technologies developed in this research (including sensors, communication, algorithms, control, etc.) should help advance research across human-centered computing (including, for example, exoskeleton control and wearable sensors for health monitoring). Through integration of her research into comprehensive education and outreach programs, the PI will help educate the next generation of engineers and scientists, who will impact the future of science and technology.</AbstractNarration>
    <MinAmdLetterDate>12/16/2013</MinAmdLetterDate>
    <MaxAmdLetterDate>12/16/2013</MaxAmdLetterDate>
    <ARRAAmount/>
    <AwardID>1406750</AwardID>
    <Investigator>
      <FirstName>He</FirstName>
      <LastName>Huang</LastName>
      <EmailAddress>hhuang11@ncsu.edu</EmailAddress>
      <StartDate>12/16/2013</StartDate>
      <EndDate/>
      <RoleCode>Principal Investigator</RoleCode>
    </Investigator>
    <Institution>
      <Name>North Carolina State University</Name>
      <CityName>RALEIGH</CityName>
      <ZipCode>276957514</ZipCode>
      <PhoneNumber>9195152444</PhoneNumber>
      <StreetAddress>CAMPUS BOX 7514</StreetAddress>
      <CountryName>United States</CountryName>
      <StateName>North Carolina</StateName>
      <StateCode>NC</StateCode>
    </Institution>
    <ProgramElement>
      <Code>7367</Code>
      <Text>Cyber-Human Systems</Text>
    </ProgramElement>
    <ProgramReference>
      <Code>1045</Code>
      <Text>CAREER: FACULTY EARLY CAR DEV</Text>
    </ProgramReference>
    <ProgramReference>
      <Code>7367</Code>
      <Text>Cyber-Human Systems</Text>
    </ProgramReference>
  </Award>
</rootTag>
