<?xml version="1.0" encoding="UTF-8"?>

<rootTag>
  <Award>
    <AwardTitle>Collaborative Research: Is hypoxia a critical cue for molting in Drosophila?</AwardTitle>
    <AwardEffectiveDate>10/01/2013</AwardEffectiveDate>
    <AwardExpirationDate>08/31/2016</AwardExpirationDate>
    <AwardAmount>100000</AwardAmount>
    <AwardInstrument>
      <Value>Continuing grant</Value>
    </AwardInstrument>
    <Organization>
      <Code>08090300</Code>
      <Directorate>
        <LongName>Directorate for Biological Sciences</LongName>
      </Directorate>
      <Division>
        <LongName>Division of Integrative Organismal Systems</LongName>
      </Division>
    </Organization>
    <ProgramOfficer>
      <SignBlockName>Steven Ellis</SignBlockName>
    </ProgramOfficer>
    <AbstractNarration>How do animals decide when to stop growing and become adults? Body size profoundly affects many aspects of animal biology, yet the mechanisms by which animals determine their adult size remain among the fundamental unsolved problems of developmental biology. Holometabolous insects - the primary model for the study of size regulation in animals - do not grow as adults, so the size at which larvae initiate metamorphosis determines their adult size. A recent prominent hypothesis is that "the proximate mechanism setting limits to size during [larval] development is probably the onset of cellular hypoxia", presumably due to oxygen demand outstripping supply capacity. This research will test the role of oxygen in determination of adult body size in the fruit fly, Drosophila melanogaster, by examining the effect of manipulation of atmospheric oxygen levels on growth, timing of metamorphosis, and neuroendocrine function. In addition, epigenetic analyses will be conducted to test the role of candidate signaling pathways by which oxygen sensing might control developmental timing and body size.&lt;br/&gt;&lt;br/&gt;Understanding how body size is determined is a fundamental question of biology because body size affects so many aspects of physiology, ecology and evolution. Body size strongly affects food requirements, competitive and reproductive capacities, value as a resource, drug clearance rates, and stress-tolerance of an animal. Yet, the mechanisms involved in determining when animals switch from the growing juvenile form to the reproductive adult form are not well-understood for any animal. In addition to providing new information on this topic that may be general for animals, this research with Drosophila may have specific applications relevant to insect control for agriculture and disease-prevention. This research will contribute to science training by funding research experiences for undergraduate, graduate and postdoctoral trainees. Finally, this project will support secondary education by development of an on-line biology laboratory and outreach to a local bioscience-focused high school. Results from this project will also be disseminated through peer reviewed publications and presentations at regional or national scientific meetings. Data associated with each publication will be posted on Dryad (www.datadryad.org).</AbstractNarration>
    <MinAmdLetterDate>11/25/2013</MinAmdLetterDate>
    <MaxAmdLetterDate>11/25/2013</MaxAmdLetterDate>
    <ARRAAmount/>
    <AwardID>1406547</AwardID>
    <Investigator>
      <FirstName>Alexander</FirstName>
      <LastName>Shingleton</LastName>
      <EmailAddress>shingleton@lakeforest.edu</EmailAddress>
      <StartDate>11/25/2013</StartDate>
      <EndDate/>
      <RoleCode>Principal Investigator</RoleCode>
    </Investigator>
    <Institution>
      <Name>Lake Forest College</Name>
      <CityName>LAKE FOREST</CityName>
      <ZipCode>600452399</ZipCode>
      <PhoneNumber>8472343100</PhoneNumber>
      <StreetAddress>555 N SHERIDAN RD</StreetAddress>
      <CountryName>United States</CountryName>
      <StateName>Illinois</StateName>
      <StateCode>IL</StateCode>
    </Institution>
    <ProgramElement>
      <Code>7658</Code>
      <Text>Physiolg Mechansms&amp;Biomechancs</Text>
    </ProgramElement>
  </Award>
</rootTag>
