<?xml version="1.0" encoding="UTF-8"?>

<rootTag>
  <Award>
    <AwardTitle>Collaborative Research: P2C2--Western Equatorial Pacific Rainfall during the Holocene - New Interannual Records from High Resolution Borneo Stalagmites</AwardTitle>
    <AwardEffectiveDate>10/01/2013</AwardEffectiveDate>
    <AwardExpirationDate>08/31/2014</AwardExpirationDate>
    <AwardAmount>22290</AwardAmount>
    <AwardInstrument>
      <Value>Standard Grant</Value>
    </AwardInstrument>
    <Organization>
      <Code>06020108</Code>
      <Directorate>
        <LongName>Directorate for Geosciences</LongName>
      </Directorate>
      <Division>
        <LongName>Division of Atmospheric and Geospace Sciences</LongName>
      </Division>
    </Organization>
    <ProgramOfficer>
      <SignBlockName>David J. Verardo</SignBlockName>
    </ProgramOfficer>
    <AbstractNarration>The aim of this collaborative project is to reconstruct long-term and short-term changes in the El Nino Southern Oscillation (ENSO) using high-growth rate, precisely dated speleothems from caves in Borneo. Using the speleothems, the researchers would produce 150- to 300-year time series of changes in delta 18-Oxygen for five key time periods during the Holocene. &lt;br/&gt;&lt;br/&gt;The research addresses several science questions, such as: 1) Was ENSO absent or just weaker in the early Holocene? 2) Did the frequency or magnitude of El Nino events change on centennial time scales during the late Holocene? 3) Were low-frequency changes in western equatorial Pacific precipitation driven by ENSO or by migration of the Inter-Tropical Convergence Zone (ITCZ)? and 4) Can the impact of ENSO on tropical rain forest productivity be detected using speleotherm stable isotopic records?&lt;br/&gt;&lt;br/&gt;The broader impacts include the training off a female postdoctoral researcher and the mentoring of undergraduates involved with the research project. Data would be archived at the National Climatic Data Center.</AbstractNarration>
    <MinAmdLetterDate>11/26/2013</MinAmdLetterDate>
    <MaxAmdLetterDate>11/26/2013</MaxAmdLetterDate>
    <ARRAAmount/>
    <AwardID>1406713</AwardID>
    <Investigator>
      <FirstName>Sharon</FirstName>
      <LastName>Hoffmann</LastName>
      <EmailAddress>hoffmanns@uncw.edu</EmailAddress>
      <StartDate>11/26/2013</StartDate>
      <EndDate/>
      <RoleCode>Principal Investigator</RoleCode>
    </Investigator>
    <Institution>
      <Name>University of North Carolina at Wilmington</Name>
      <CityName>Wilmington</CityName>
      <ZipCode>284033201</ZipCode>
      <PhoneNumber>9109623167</PhoneNumber>
      <StreetAddress>601 South College Road</StreetAddress>
      <CountryName>United States</CountryName>
      <StateName>North Carolina</StateName>
      <StateCode>NC</StateCode>
    </Institution>
    <ProgramElement>
      <Code>1530</Code>
      <Text>PALEOCLIMATE PROGRAM</Text>
    </ProgramElement>
    <ProgramReference>
      <Code>1304</Code>
      <Text>EARTH SYSTEM HISTORY</Text>
    </ProgramReference>
    <ProgramReference>
      <Code>EGCH</Code>
      <Text>ENVIRONMENT AND GLOBAL CHANGE</Text>
    </ProgramReference>
  </Award>
</rootTag>
