<?xml version="1.0" encoding="UTF-8"?>

<rootTag>
  <Award>
    <AwardTitle>One Year After Science's Grand Challenges in Education: Professional Empowerment of STEM Teachers' Through Education Policy and Decision Making</AwardTitle>
    <AwardEffectiveDate>02/15/2014</AwardEffectiveDate>
    <AwardExpirationDate>01/31/2015</AwardExpirationDate>
    <AwardAmount>183278</AwardAmount>
    <AwardInstrument>
      <Value>Standard Grant</Value>
    </AwardInstrument>
    <Organization>
      <Code>11090000</Code>
      <Directorate>
        <LongName>Directorate for Education &amp; Human Resources</LongName>
      </Directorate>
      <Division>
        <LongName>Division of Research on Learning in Formal and Informal Settings (DRL)</LongName>
      </Division>
    </Organization>
    <ProgramOfficer>
      <SignBlockName>Janice M. Earle</SignBlockName>
    </ProgramOfficer>
    <AbstractNarration>Following up on a special issue of Science (August 2013) that identified several Grand Challenges in Science Education, this project proposes a convocation to more deeply explore those challenges that are particularly relevant for K-12 teachers and highlights the roles teachers can play on issues vital to the improvement of K-12 STEM education. &lt;br/&gt;&lt;br/&gt;The convocation will: (1) pull together the evidence base on whether involving teachers in education policy and decision-making leads to improvements in policies; (2) identify the models of teacher engagement at the national, state, and local levels that currently exist; and (3) identify the kinds of communication efforts, resources and other activities that are needed to help policymakers better understand the role of teachers in these processes. The convocation addresses several important and timely questions: (1) how to help teachers engage in important education issues beyond their classrooms, and (2) what kinds of networks or mechanisms might be identified to accomplish that engagement.&lt;br/&gt;&lt;br/&gt;Following the meeting, materials will be developed that will be available both in hard copy and as PDF files from the National Academies Press.</AbstractNarration>
    <MinAmdLetterDate>02/14/2014</MinAmdLetterDate>
    <MaxAmdLetterDate>02/14/2014</MaxAmdLetterDate>
    <ARRAAmount/>
    <AwardID>1406780</AwardID>
    <Investigator>
      <FirstName>Jay</FirstName>
      <LastName>Labov</LastName>
      <EmailAddress>jlabov@nas.edu</EmailAddress>
      <StartDate>02/14/2014</StartDate>
      <EndDate/>
      <RoleCode>Principal Investigator</RoleCode>
    </Investigator>
    <Institution>
      <Name>National Academy of Sciences</Name>
      <CityName>WASHINGTON</CityName>
      <ZipCode>200012721</ZipCode>
      <PhoneNumber>2023342254</PhoneNumber>
      <StreetAddress>500 FIFTH STREET NW</StreetAddress>
      <CountryName>United States</CountryName>
      <StateName>District of Columbia</StateName>
      <StateCode>DC</StateCode>
    </Institution>
    <ProgramElement>
      <Code>7645</Code>
      <Text>DISCOVERY RESEARCH K-12</Text>
    </ProgramElement>
    <ProgramElement>
      <Code>1795</Code>
      <Text>ROBERT NOYCE SCHOLARSHIP PGM</Text>
    </ProgramElement>
    <ProgramElement>
      <Code>1793</Code>
      <Text>MSP-OTHER AWARDS</Text>
    </ProgramElement>
    <ProgramReference>
      <Code>9177</Code>
      <Text>ELEMENTARY/SECONDARY EDUCATION</Text>
    </ProgramReference>
    <ProgramReference>
      <Code>SMET</Code>
      <Text>SCIENCE, MATH, ENG &amp; TECH EDUCATION</Text>
    </ProgramReference>
    <ProgramReference>
      <Code>7556</Code>
      <Text>CONFERENCE AND WORKSHOPS</Text>
    </ProgramReference>
  </Award>
</rootTag>
