<?xml version="1.0" encoding="UTF-8"?>

<rootTag>
  <Award>
    <AwardTitle>The Tenth AIMS International Conference on Dynamical Systems, Differential Equations and Applications</AwardTitle>
    <AwardEffectiveDate>03/01/2014</AwardEffectiveDate>
    <AwardExpirationDate>02/28/2015</AwardExpirationDate>
    <AwardAmount>30000</AwardAmount>
    <AwardInstrument>
      <Value>Standard Grant</Value>
    </AwardInstrument>
    <Organization>
      <Code>03040000</Code>
      <Directorate>
        <LongName>Directorate for Mathematical &amp; Physical Sciences</LongName>
      </Directorate>
      <Division>
        <LongName>Division of Mathematical Sciences</LongName>
      </Division>
    </Organization>
    <ProgramOfficer>
      <SignBlockName>Jane Hawkins</SignBlockName>
    </ProgramOfficer>
    <AbstractNarration>This award provides funding to help defray the expenses of U.S.-based graduate students and new Ph.D's at the "Tenth AIMS International Conference on Dynamical Systems, Differential Equations and Applications", which will be held on July 7-11, 2014, hosted by the Instituto de Ciencias Matematicas (ICMAT) and the Universidad Autonoma de Madrid (UAM) in Madrid, Spain.&lt;br/&gt;&lt;br/&gt;There will be plenary talks given by 12 international experts who are already confirmed as speakers, mainly from the U.S. and Europe. There will also be over 1000 shorter invited talks and 200-300 contributed talks. There will be a Student Paper Symposium for the winners of a student paper competition, to encourage graduate students to write up their new results. The topics covered will include all areas of the important and diverse fields of differential equations, dynamical systems, and many applications of these fields.&lt;br/&gt;&lt;br/&gt;Conference web site: http://www.aimsciences.org/conferences/2014/</AbstractNarration>
    <MinAmdLetterDate>02/28/2014</MinAmdLetterDate>
    <MaxAmdLetterDate>02/28/2014</MaxAmdLetterDate>
    <ARRAAmount/>
    <AwardID>1407408</AwardID>
    <Investigator>
      <FirstName>Xin</FirstName>
      <LastName>Lu</LastName>
      <EmailAddress>lux@uncw.edu</EmailAddress>
      <StartDate>02/28/2014</StartDate>
      <EndDate/>
      <RoleCode>Co-Principal Investigator</RoleCode>
    </Investigator>
    <Investigator>
      <FirstName>Wei</FirstName>
      <LastName>Feng</LastName>
      <EmailAddress>fengw@uncwil.edu</EmailAddress>
      <StartDate>02/28/2014</StartDate>
      <EndDate/>
      <RoleCode>Co-Principal Investigator</RoleCode>
    </Investigator>
    <Investigator>
      <FirstName>Yaw</FirstName>
      <LastName>Chang</LastName>
      <EmailAddress>changy@uncw.edu</EmailAddress>
      <StartDate>02/28/2014</StartDate>
      <EndDate/>
      <RoleCode>Principal Investigator</RoleCode>
    </Investigator>
    <Investigator>
      <FirstName>Michael</FirstName>
      <LastName>Freeze</LastName>
      <EmailAddress>freezem@uncwil.edu</EmailAddress>
      <StartDate>02/28/2014</StartDate>
      <EndDate/>
      <RoleCode>Co-Principal Investigator</RoleCode>
    </Investigator>
    <Institution>
      <Name>University of North Carolina at Wilmington</Name>
      <CityName>Wilmington</CityName>
      <ZipCode>284033201</ZipCode>
      <PhoneNumber>9109623167</PhoneNumber>
      <StreetAddress>601 South College Road</StreetAddress>
      <CountryName>United States</CountryName>
      <StateName>North Carolina</StateName>
      <StateCode>NC</StateCode>
    </Institution>
    <ProgramElement>
      <Code>1281</Code>
      <Text>ANALYSIS PROGRAM</Text>
    </ProgramElement>
    <ProgramElement>
      <Code>1266</Code>
      <Text>APPLIED MATHEMATICS</Text>
    </ProgramElement>
    <ProgramReference>
      <Code>7556</Code>
      <Text>CONFERENCE AND WORKSHOPS</Text>
    </ProgramReference>
  </Award>
</rootTag>
