<?xml version="1.0" encoding="UTF-8"?>

<rootTag>
  <Award>
    <AwardTitle>SusChEM: IUPAC: Harnessing the Unquenched Reactivity of Novel Frustrated Lewis Pairs for Transition Metal-Free Hydrogenation Catalysis</AwardTitle>
    <AwardEffectiveDate>01/15/2014</AwardEffectiveDate>
    <AwardExpirationDate>12/31/2016</AwardExpirationDate>
    <AwardAmount>390000</AwardAmount>
    <AwardInstrument>
      <Value>Standard Grant</Value>
    </AwardInstrument>
    <Organization>
      <Code>03090000</Code>
      <Directorate>
        <LongName>Directorate for Mathematical &amp; Physical Sciences</LongName>
      </Directorate>
      <Division>
        <LongName>Division of Chemistry</LongName>
      </Division>
    </Organization>
    <ProgramOfficer>
      <SignBlockName>Carol Bessel</SignBlockName>
    </ProgramOfficer>
    <AbstractNarration>In this project, funded by the Chemical Catalysis Program of the Chemistry Division, Professor Clemens Krempner of Texas Tech University examines the use of frustrated Lewis pairs (FLPs) as replacements for expensive, less abundant, and toxic precious metals used in the catalytic hydrogenation of unsaturated organic species. FLPs are sterically-encumbered Lewis acid-base pairs of unquenched reactivity due to their inability to form classical Lewis-acid-base complexes. Novel combinations of Lewis acids and bases, capable of reversibly cleaving dihydrogen, are identified by a combined computational / experimental approach. Attractive weak Lewis acids include boronic and boric esters, as these compounds are readily synthesized from inexpensive starting materials or are commercially available at low cost. Phosphazenes and guanidines are used as the base components. Progress in catalyst development is amplified by the combination of modular FLP synthesis, detailed catalytic testing, and computational investigations on novel catalysts and the underlying catalytic mechanisms. &lt;br/&gt;&lt;br/&gt;This project is performed in collaboration with Professor Shuhua Li (Nanjing University, Nanjing, China) and Professor Juergen Klankermayer (RWTH Aachen, Aachen, Germany). Together, these three groups combine their separate areas of expertise to produce transition metal-free hydrogenation of imines, ketones and olefins - important substrates in the pharmaceutical industry. The broader impacts of this work include leadership training for postdoctoral fellows and graduate and undergraduate students and an international exchange of ideas and expertise.</AbstractNarration>
    <MinAmdLetterDate>01/03/2014</MinAmdLetterDate>
    <MaxAmdLetterDate>01/03/2014</MaxAmdLetterDate>
    <ARRAAmount/>
    <AwardID>1407681</AwardID>
    <Investigator>
      <FirstName>Clemens</FirstName>
      <LastName>Krempner</LastName>
      <EmailAddress>clemens.krempner@ttu.edu</EmailAddress>
      <StartDate>01/03/2014</StartDate>
      <EndDate/>
      <RoleCode>Principal Investigator</RoleCode>
    </Investigator>
    <Institution>
      <Name>Texas Tech University</Name>
      <CityName>Lubbock</CityName>
      <ZipCode>794091035</ZipCode>
      <PhoneNumber>8067423884</PhoneNumber>
      <StreetAddress>349 Administration Bldg</StreetAddress>
      <CountryName>United States</CountryName>
      <StateName>Texas</StateName>
      <StateCode>TX</StateCode>
    </Institution>
    <ProgramElement>
      <Code>1991</Code>
      <Text>CHEMISTRY PROJECTS</Text>
    </ProgramElement>
    <ProgramReference>
      <Code>7298</Code>
      <Text>COLLABORATIVE RESEARCH</Text>
    </ProgramReference>
    <ProgramReference>
      <Code>8248</Code>
      <Text>SusChEM</Text>
    </ProgramReference>
    <ProgramReference>
      <Code>8396</Code>
      <Text>Clean Energy Technology</Text>
    </ProgramReference>
    <ProgramReference>
      <Code>8398</Code>
      <Text>Hydrocarbon Conversion</Text>
    </ProgramReference>
    <ProgramReference>
      <Code>8650</Code>
      <Text>Sustainable Chemistry</Text>
    </ProgramReference>
    <ProgramReference>
      <Code>8676</Code>
      <Text>Critical Elements</Text>
    </ProgramReference>
  </Award>
</rootTag>
