<?xml version="1.0" encoding="UTF-8"?>

<rootTag>
  <Award>
    <AwardTitle>Excellence in Graduate Polymer Research Symposium: An Interdisciplinary and International Forum for Future Leaders in Polymeric Materials</AwardTitle>
    <AwardEffectiveDate>02/01/2014</AwardEffectiveDate>
    <AwardExpirationDate>01/31/2015</AwardExpirationDate>
    <AwardAmount>4000</AwardAmount>
    <AwardInstrument>
      <Value>Standard Grant</Value>
    </AwardInstrument>
    <Organization>
      <Code>03070000</Code>
      <Directorate>
        <LongName>Directorate for Mathematical &amp; Physical Sciences</LongName>
      </Directorate>
      <Division>
        <LongName>Division of Materials Research</LongName>
      </Division>
    </Organization>
    <ProgramOfficer>
      <SignBlockName>Freddy A. Khoury</SignBlockName>
    </ProgramOfficer>
    <AbstractNarration>TECHNICAL AND NONTECHNICAL ABSTRACT&lt;br/&gt;The organizers propose an interdisciplinary graduate student oriented two half-day symposium at the March 2014 meeting of the ACS Division of Polymer Chemistry and the ACS younger Chemists Committee. The symposium is intended to provide recognition of outstanding graduate students engaged in polymer research, to foster fundamental scientific exchange, networking, and to help develop the careers of future leaders in polymer science and engineering. University departments in the US and Canada were invited to submit nominations for one outstanding graduate student each to speak on his/her's original research at this special symposium. Research presentations selected by the organizing committee will cover interdisciplinary topics in polymer science and engineering, encompassing novel synthetic strategies, structure/property evaluations and performance in rapidly emerging technologies.</AbstractNarration>
    <MinAmdLetterDate>12/23/2013</MinAmdLetterDate>
    <MaxAmdLetterDate>12/23/2013</MaxAmdLetterDate>
    <ARRAAmount/>
    <AwardID>1407921</AwardID>
    <Investigator>
      <FirstName>Christopher</FirstName>
      <LastName>Ellison</LastName>
      <EmailAddress>ellison@che.utexas.edu</EmailAddress>
      <StartDate>12/23/2013</StartDate>
      <EndDate/>
      <RoleCode>Principal Investigator</RoleCode>
    </Investigator>
    <Institution>
      <Name>University of Texas at Austin</Name>
      <CityName>Austin</CityName>
      <ZipCode>787121532</ZipCode>
      <PhoneNumber>5124716424</PhoneNumber>
      <StreetAddress>101 E. 27th Street, Suite 5.300</StreetAddress>
      <CountryName>United States</CountryName>
      <StateName>Texas</StateName>
      <StateCode>TX</StateCode>
    </Institution>
    <ProgramElement>
      <Code>1773</Code>
      <Text>POLYMERS</Text>
    </ProgramElement>
  </Award>
</rootTag>
