<?xml version="1.0" encoding="UTF-8"?>

<rootTag>
  <Award>
    <AwardTitle>Conference and Workshop: Scattering and Inverse-Scattering in Multi-Dimensions, May 16-23, 2014</AwardTitle>
    <AwardEffectiveDate>03/15/2014</AwardEffectiveDate>
    <AwardExpirationDate>02/28/2015</AwardExpirationDate>
    <AwardAmount>28726</AwardAmount>
    <AwardInstrument>
      <Value>Standard Grant</Value>
    </AwardInstrument>
    <Organization>
      <Code>03040000</Code>
      <Directorate>
        <LongName>Directorate for Mathematical &amp; Physical Sciences</LongName>
      </Directorate>
      <Division>
        <LongName>Division of Mathematical Sciences</LongName>
      </Division>
    </Organization>
    <ProgramOfficer>
      <SignBlockName>James Curry</SignBlockName>
    </ProgramOfficer>
    <AbstractNarration>The meeting "Scattering and Inverse-Scattering in Multi-Dimensions" will be held on the campus of the University of Kentucky, Lexington, KY, during the period May 15-23, 2014. The meeting features three days of conference talks (including tutorials) on May 15-17 followed by five days of workshop activity on May 19-23, separated by a break on May 18. The purpose of this conference is to bring together workers in integrable systems, dispersive nonlinear equations, and inverse scattering to forge collaborative links and advance research on completely integrable, two-dimensional systems, particularly dispersive models of nonlinear waves and normal matrix models. The meeting will pursue several lines of inquiry: (1) semiclassical limits of the direct and inverse scattering transforms, (2) eigenvalue distributions of random normal matrices, (3) exceptional sets and soliton solutions, and (4) one-dimensional limits of two-dimensional integrable systems. &lt;br/&gt;&lt;br/&gt;This conference will bring together participants with expertise in pure and applied mathematics to attack problems with relevance for applications in physics, engineering, medicine, and oceanography. Applications to physics include models of random media, solvable models in statistical physics, mesoscopic physics, biophysical models, and water wave theory. Applications to engineering and medicine include non-destructive testing of materials and medical imaging. A common mathematical structure underlies all of these applications: the goal is to make progress in the understanding of applications in these diverse areas through collaboration among pure mathematicians, applied mathematicians, and numerical analysts. The award supports participation in the meeting by twenty junior researchers and fifteen senior researchers.&lt;br/&gt;&lt;br/&gt;Meeting web site: math.as.uky.edu/scattering-and-inverse-scattering-multidimensions</AbstractNarration>
    <MinAmdLetterDate>03/21/2014</MinAmdLetterDate>
    <MaxAmdLetterDate>03/21/2014</MaxAmdLetterDate>
    <ARRAAmount/>
    <AwardID>1408891</AwardID>
    <Investigator>
      <FirstName>Kenneth</FirstName>
      <LastName>T-R McLaughlin</LastName>
      <EmailAddress>mcl@math.arizona.edu</EmailAddress>
      <StartDate>03/21/2014</StartDate>
      <EndDate/>
      <RoleCode>Co-Principal Investigator</RoleCode>
    </Investigator>
    <Investigator>
      <FirstName>Peter</FirstName>
      <LastName>Perry</LastName>
      <EmailAddress>perry@ms.uky.edu</EmailAddress>
      <StartDate>03/21/2014</StartDate>
      <EndDate/>
      <RoleCode>Principal Investigator</RoleCode>
    </Investigator>
    <Investigator>
      <FirstName>Peter</FirstName>
      <LastName>Miller</LastName>
      <EmailAddress>millerpd@umich.edu</EmailAddress>
      <StartDate>03/21/2014</StartDate>
      <EndDate/>
      <RoleCode>Co-Principal Investigator</RoleCode>
    </Investigator>
    <Institution>
      <Name>University of Kentucky Research Foundation</Name>
      <CityName>Lexington</CityName>
      <ZipCode>405060057</ZipCode>
      <PhoneNumber>8592579420</PhoneNumber>
      <StreetAddress>109 Kinkead Hall</StreetAddress>
      <CountryName>United States</CountryName>
      <StateName>Kentucky</StateName>
      <StateCode>KY</StateCode>
    </Institution>
    <ProgramElement>
      <Code>1266</Code>
      <Text>APPLIED MATHEMATICS</Text>
    </ProgramElement>
    <ProgramReference>
      <Code>7556</Code>
      <Text>CONFERENCE AND WORKSHOPS</Text>
    </ProgramReference>
    <ProgramReference>
      <Code>9150</Code>
      <Text>EXP PROG TO STIM COMP RES</Text>
    </ProgramReference>
  </Award>
</rootTag>
