<?xml version="1.0" encoding="UTF-8"?>

<rootTag>
  <Award>
    <AwardTitle>CAREER: Investigation and Redesign of Nonribosomal Peptide Synthetases</AwardTitle>
    <AwardEffectiveDate>04/01/2013</AwardEffectiveDate>
    <AwardExpirationDate>03/31/2017</AwardExpirationDate>
    <AwardAmount>180235</AwardAmount>
    <AwardInstrument>
      <Value>Continuing grant</Value>
    </AwardInstrument>
    <Organization>
      <Code>08070400</Code>
      <Directorate>
        <LongName>Directorate for Biological Sciences</LongName>
      </Directorate>
      <Division>
        <LongName>Division of Molecular and Cellular Biosciences</LongName>
      </Division>
    </Organization>
    <ProgramOfficer>
      <SignBlockName>Michele McGuirl</SignBlockName>
    </ProgramOfficer>
    <AbstractNarration>Intellectual merit: &lt;br/&gt;The project involves an investigation and redesign of biosynthetic pathways of known natural product biomolecules. The engineering of such pathways is currently one of the most promising routes toward the development and production of novel structurally diverse biologically active molecules. Efficient combinatorial biosynthesis critically depends on mechanistic information on enzymes involved in natural product formation. Incompletely understood, intriguing, and even unique enzymes are found in the gene cluster of the bisintercalator natural product thiocoraline. The project uses in vitro reconstitution of the thiocoraline biosynthetic pathway, predominantly through mutagenetic manipulation, mechanistic, and structural characterization of individual enzymes, in working towards (i) gaining the ability to manipulate the derivatization of the amino acid L-tryptophan for future production of novel bisintercalators and thiopeptide antibiotics, (ii) understanding the mechanism of stimulation of activity of adenylation domains (integral components of nonribosomal peptide synthetase assembly-lines) by MbtH-like proteins and the potential role of these enzymes in combinatorial biosynthesis, (iii) gaining insight into the function of interrupted adenylation domains, and (iv) developing novel adenylation domains with broad or altered substrate specificity to extend the ability to manipulate nonribosomal peptide synthetase assembly-lines for combinatorial synthesis. The research has the potential to advance the understanding of the mechanism of unique enzymatic transformations and is expected to contribute to the development of new tools for engineering of natural biosynthetic pathways.&lt;br/&gt;&lt;br/&gt;Broader impacts: &lt;br/&gt;Through the proposed activities of the project, students from local high schools surrounding the University of Michigan, as well as undergraduate and graduate students, will receive the hands-on experience of modern research in the fields of biochemistry and structural biology. Through the development of a freely accessible database on nonribosomal peptides, polyketides, and their hybrids, undergraduate and PharmD students will be introduced to research and will have the opportunity to raise their overall scientific literacy. Finally, through a high school outreach program, high school students will not only be introduced to modern and interdisciplinary science, but also will be well informed on and provided with guidance for planning a successful and rewarding scientific career. The goal is to establish an integrated educational and research program to develop future scientists interested in working at the interface of chemistry and biology and to spark and foster the interest of students in science at different stages of their education.</AbstractNarration>
    <MinAmdLetterDate>02/07/2014</MinAmdLetterDate>
    <MaxAmdLetterDate>02/07/2014</MaxAmdLetterDate>
    <ARRAAmount/>
    <AwardID>1408798</AwardID>
    <Investigator>
      <FirstName>Sylvie</FirstName>
      <LastName>Garneau-Tsodikova</LastName>
      <EmailAddress>sylviegtsodikova@uky.edu</EmailAddress>
      <StartDate>02/07/2014</StartDate>
      <EndDate/>
      <RoleCode>Principal Investigator</RoleCode>
    </Investigator>
    <Institution>
      <Name>University of Kentucky Research Foundation</Name>
      <CityName>Lexington</CityName>
      <ZipCode>405060057</ZipCode>
      <PhoneNumber>8592579420</PhoneNumber>
      <StreetAddress>109 Kinkead Hall</StreetAddress>
      <CountryName>United States</CountryName>
      <StateName>Kentucky</StateName>
      <StateCode>KY</StateCode>
    </Institution>
    <ProgramElement>
      <Code>1144</Code>
      <Text>Molecular Biophysics</Text>
    </ProgramElement>
    <ProgramReference>
      <Code>1045</Code>
      <Text>CAREER: FACULTY EARLY CAR DEV</Text>
    </ProgramReference>
    <ProgramReference>
      <Code>1144</Code>
      <Text>BIOMOLECULAR SYSTEMS</Text>
    </ProgramReference>
    <ProgramReference>
      <Code>7465</Code>
      <Text>NANOSCALE BIO CORE</Text>
    </ProgramReference>
    <ProgramReference>
      <Code>9177</Code>
      <Text>ELEMENTARY/SECONDARY EDUCATION</Text>
    </ProgramReference>
    <ProgramReference>
      <Code>9178</Code>
      <Text>UNDERGRADUATE EDUCATION</Text>
    </ProgramReference>
    <ProgramReference>
      <Code>9179</Code>
      <Text>GRADUATE INVOLVEMENT</Text>
    </ProgramReference>
  </Award>
</rootTag>
