<?xml version="1.0" encoding="UTF-8"?>

<rootTag>
  <Award>
    <AwardTitle>Mean curvature flow and geometric analysis</AwardTitle>
    <AwardEffectiveDate>09/01/2013</AwardEffectiveDate>
    <AwardExpirationDate>06/30/2017</AwardExpirationDate>
    <AwardAmount>229844</AwardAmount>
    <AwardInstrument>
      <Value>Continuing grant</Value>
    </AwardInstrument>
    <Organization>
      <Code>03040000</Code>
      <Directorate>
        <LongName>Directorate for Mathematical &amp; Physical Sciences</LongName>
      </Directorate>
      <Division>
        <LongName>Division of Mathematical Sciences</LongName>
      </Division>
    </Organization>
    <ProgramOfficer>
      <SignBlockName>Joanna Kania-Bartoszynska</SignBlockName>
    </ProgramOfficer>
    <AbstractNarration>The PI proposes, jointly with Toby Colding, to continue their investigations on mean curvature flow and related areas of geometric analysis, including projects on the uniqueness of tangent cones for Einstein manifolds. The first broad area of the proposal centers on the study of singularities in MCF, including estimates for the size of the singular sets, a compactness theorem for the possible types of singularities, a classification of generic singularities of the flow, and a canonical neighborhoods theorem that describes the flow in a neighborhood of the generic singularities. These are the most important questions about singularities and the PI and his collaborator have already obtained significant results in this direction. The second main area of the proposal concerns the structure of Einstein manifolds and, in particular, the question of when an Einstein manifold has a unique asymptotic structure (or tangent cone at infinity). The main prior result in this direction is due to Cheeger and Tian in 1994, where they showed uniqueness under an integrability assumption that the PI would like to remove. These sort of uniqueness questions have played an important role in a number of areas of geometric analysis and are extremely important in understanding the structure of the singular set for limits of Einstein manifolds.&lt;br/&gt;&lt;br/&gt;This project focuses on several geometric variational problems. The problems are mathematical, but many of them arose first in science and engineering. Perhaps the most natural geometrically are minimal surfaces that locally minimize their surface area and, thus, model soap films in perfect equilibrium (so the film does not change other time). These have been studied at least since Lagrange's 1762 memoir, but recent years have seen breakthroughs on many long-standing problems in the theory of minimal surfaces, with important contributions from many mathematicians. There is a time-varying analog of this where a surface (which is not in equilibrium) evolves to minimize its surface area as quickly as possible; this is called mean curvature flow or MCF. Mathematically, this leads to a nonlinear partial differential equation which is formally similar to the equation that governs the flow of heat in physics. Clearly, minimal surfaces remain static under the MCF. MCF and other geometric flows were developed for their intrinsic beauty as well as their potential applications to other fields to model, for instance, option pricing, motion of grains in annealing metals, and crystal growth. While key foundational results have been obtained, several of the most basic questions remain unanswered. In contrast, the Einstein equation is a nonlinear differential equation for the curvature of a space (or a space-time in general relativity). Hilbert realized a century ago that this comes up variationally as the Euler-Lagrange equation for the Einstein-Hilbert functional.</AbstractNarration>
    <MinAmdLetterDate>01/02/2014</MinAmdLetterDate>
    <MaxAmdLetterDate>01/02/2014</MaxAmdLetterDate>
    <ARRAAmount/>
    <AwardID>1408398</AwardID>
    <Investigator>
      <FirstName>William</FirstName>
      <LastName>Minicozzi</LastName>
      <EmailAddress>minicozz@math.jhu.edu</EmailAddress>
      <StartDate>01/02/2014</StartDate>
      <EndDate/>
      <RoleCode>Principal Investigator</RoleCode>
    </Investigator>
    <Institution>
      <Name>Massachusetts Institute of Technology</Name>
      <CityName>Cambridge</CityName>
      <ZipCode>021394301</ZipCode>
      <PhoneNumber>6172531000</PhoneNumber>
      <StreetAddress>77 MASSACHUSETTS AVE</StreetAddress>
      <CountryName>United States</CountryName>
      <StateName>Massachusetts</StateName>
      <StateCode>MA</StateCode>
    </Institution>
    <ProgramElement>
      <Code>1281</Code>
      <Text>ANALYSIS PROGRAM</Text>
    </ProgramElement>
    <ProgramElement>
      <Code>1265</Code>
      <Text>GEOMETRIC ANALYSIS</Text>
    </ProgramElement>
  </Award>
</rootTag>
