<?xml version="1.0" encoding="UTF-8"?>

<rootTag>
  <Award>
    <AwardTitle>To obtain forensic analysis service contract for NSF/OIG.</AwardTitle>
    <AwardEffectiveDate>11/15/2013</AwardEffectiveDate>
    <AwardExpirationDate>08/30/2015</AwardExpirationDate>
    <AwardAmount>70000</AwardAmount>
    <AwardInstrument>
      <Value>Contract Interagency Agreement</Value>
    </AwardInstrument>
    <Organization>
      <Code>00020200</Code>
      <Directorate>
        <LongName/>
      </Directorate>
      <Division>
        <LongName>Office of Inspector General</LongName>
      </Division>
    </Organization>
    <ProgramOfficer>
      <SignBlockName>Shanee Dezaree Stewart</SignBlockName>
    </ProgramOfficer>
    <AbstractNarration/>
    <MinAmdLetterDate>11/25/2013</MinAmdLetterDate>
    <MaxAmdLetterDate>02/27/2014</MaxAmdLetterDate>
    <ARRAAmount/>
    <AwardID>1408082</AwardID>
    <Investigator>
      <FirstName>Randy</FirstName>
      <LastName>Artz</LastName>
      <EmailAddress/>
      <StartDate>11/25/2013</StartDate>
      <EndDate/>
      <RoleCode>Principal Investigator</RoleCode>
    </Investigator>
    <Institution>
      <Name>ACQUISITION SERVICES DIRECTORATE NATIONAL BUSINESS CENTER</Name>
      <CityName>Washington</CityName>
      <ZipCode>202450003</ZipCode>
      <PhoneNumber>7037747613</PhoneNumber>
      <StreetAddress>1951 CONSTITUTION AVE NW</StreetAddress>
      <CountryName>United States</CountryName>
      <StateName>District of Columbia</StateName>
      <StateCode>DC</StateCode>
    </Institution>
    <ProgramElement>
      <Code>0658</Code>
      <Text/>
    </ProgramElement>
    <ProgramReference>
      <Code>0000</Code>
      <Text>UNASSIGNED</Text>
    </ProgramReference>
    <ProgramReference>
      <Code>OTHR</Code>
      <Text>OTHER RESEARCH OR EDUCATION</Text>
    </ProgramReference>
  </Award>
</rootTag>
