<?xml version="1.0" encoding="UTF-8"?>

<rootTag>
  <Award>
    <AwardTitle>Sixth Iberoamerican congress on geometry</AwardTitle>
    <AwardEffectiveDate>05/01/2014</AwardEffectiveDate>
    <AwardExpirationDate>04/30/2015</AwardExpirationDate>
    <AwardAmount>49000</AwardAmount>
    <AwardInstrument>
      <Value>Standard Grant</Value>
    </AwardInstrument>
    <Organization>
      <Code>03040000</Code>
      <Directorate>
        <LongName>Directorate for Mathematical &amp; Physical Sciences</LongName>
      </Directorate>
      <Division>
        <LongName>Division of Mathematical Sciences</LongName>
      </Division>
    </Organization>
    <ProgramOfficer>
      <SignBlockName>Edward Taylor</SignBlockName>
    </ProgramOfficer>
    <AbstractNarration>This award will support the running of the 'Sixth IberoAmerican Congress' that will be held at the City University of New York Graduate Center from May 20-22, 2014.&lt;br/&gt;&lt;br/&gt;This conference, which runs every three years, is dedicated to the topic of complex analysis broadly defined. The conference seeks to bring into contact researchers in this important field from North, Central and South America, each region having its own strong complex analysis communities. This year's thematic focus will be on the theory of Riemann surfaces and the inter-related areas of algebraic curves and moduli, complex dynamics, Kleinian groups, Teichmüller spaces, and hyperbolic geometry. The invitation list of plenary speakers is distinguished and diverse. Workshop sessions, to be held in parallel, will provide ample opportunities for young mathematicians to present their work and to engage other experts in informal mathematical discussion.</AbstractNarration>
    <MinAmdLetterDate>12/27/2013</MinAmdLetterDate>
    <MaxAmdLetterDate>12/27/2013</MaxAmdLetterDate>
    <ARRAAmount/>
    <AwardID>1410701</AwardID>
    <Investigator>
      <FirstName>Linda</FirstName>
      <LastName>Keen</LastName>
      <EmailAddress>linda.keen@lehman.cuny.edu</EmailAddress>
      <StartDate>12/27/2013</StartDate>
      <EndDate/>
      <RoleCode>Co-Principal Investigator</RoleCode>
    </Investigator>
    <Investigator>
      <FirstName>Ara</FirstName>
      <LastName>Basmajian</LastName>
      <EmailAddress>ABasmajian@gc.cuny.edu</EmailAddress>
      <StartDate>12/27/2013</StartDate>
      <EndDate/>
      <RoleCode>Principal Investigator</RoleCode>
    </Investigator>
    <Institution>
      <Name>CUNY Hunter College</Name>
      <CityName>New York</CityName>
      <ZipCode>100655024</ZipCode>
      <PhoneNumber>2127724020</PhoneNumber>
      <StreetAddress>695 Park Avenue</StreetAddress>
      <CountryName>United States</CountryName>
      <StateName>New York</StateName>
      <StateCode>NY</StateCode>
    </Institution>
    <ProgramElement>
      <Code>1281</Code>
      <Text>ANALYSIS PROGRAM</Text>
    </ProgramElement>
    <ProgramReference>
      <Code>7556</Code>
      <Text>CONFERENCE AND WORKSHOPS</Text>
    </ProgramReference>
  </Award>
</rootTag>
