<?xml version="1.0" encoding="UTF-8"?>

<rootTag>
  <Award>
    <AwardTitle>ELT Collaborative Research: Beyond the boring billion: Late Proterozoic glaciation, oxygenation and the proliferation of complex life</AwardTitle>
    <AwardEffectiveDate>09/27/2013</AwardEffectiveDate>
    <AwardExpirationDate>08/31/2016</AwardExpirationDate>
    <AwardAmount>94504</AwardAmount>
    <AwardInstrument>
      <Value>Continuing grant</Value>
    </AwardInstrument>
    <Organization>
      <Code>06030207</Code>
      <Directorate>
        <LongName>Directorate for Geosciences</LongName>
      </Directorate>
      <Division>
        <LongName>Division of Earth Sciences</LongName>
      </Division>
    </Organization>
    <ProgramOfficer>
      <SignBlockName>H. Richard Lane</SignBlockName>
    </ProgramOfficer>
    <AbstractNarration>ELT Collaborative Research: Beyond the Boring Billion: Late Proterozoic Glaciation, Oxygenation and the Proliferation of Complex Life&lt;br/&gt;&lt;br/&gt;by&lt;br/&gt;&lt;br/&gt;Timothy Lyons, Univ. California, Riverside, EAR-1338299&lt;br/&gt;Nicholas Planavsky, Dartmouth College, EAR-1338208&lt;br/&gt;Christopher Reinhard, Georgia Tech, EAR-1338290&lt;br/&gt;&lt;br/&gt;ABSTRACT&lt;br/&gt;The middle chapters in Earth's history, roughly 1.8 to 0.8 billion years ago, were defined by remarkable stability in generally low but persistent oxygen levels in the ocean and atmosphere and stifled development of early organisms for a billion years. How and when this cycle was broken are among the central unanswered questions in the history of life on Earth. The eventual rise to higher oxygen levels and ultimately the appearance of animals correspond generally with history's most extreme climatic events and mountain building episodes, and the timing and cause-and-effect relationships among all these events and processes are frontiers ripe for study. To this end, we will construct an unusually comprehensive chemical data set for rocks from Australia and Arctic Canada deposited directly within the transition between the stable 'boring' billion and the major milestones that followed. &lt;br/&gt;&lt;br/&gt;The onset of global-scale glaciation 0.7 to 0.8 billion years ago is without question one of the most dramatic environmental transitions in Earth history, and the generally synchronous radiation of eukaryotic organisms, with greater complexity than their microbial ancestors, and the emergence of animals are among the most remarkable evolutionary events in the long history of life. The proposed multidisciplinary team will illuminate the timing of these key events and their likely links to Earth's oxygenation, while probing the cause-and-effect relationships among biological innovation, oxygen, and the onset of global-scale glaciation. The study's full range of impacts will reach far beyond the intrinsic scientific merit, including high-level research opportunities for the diverse undergraduate populations at all three institutions. We will also reach out into the community through sponsorship of science fair projects and through many different contributions to the new Riverside STEM Academy, including organization of a lecture series that will bring prominent scientists and engineers into the school. The study also includes plans for collaborative mentoring of graduate students, including student exchanges, and is an important step in the early careers of two new professors.</AbstractNarration>
    <MinAmdLetterDate>11/26/2013</MinAmdLetterDate>
    <MaxAmdLetterDate>11/26/2013</MaxAmdLetterDate>
    <ARRAAmount/>
    <AwardID>1411609</AwardID>
    <Investigator>
      <FirstName>Noah</FirstName>
      <LastName>Planavsky</LastName>
      <EmailAddress>planavsky@gmail.com</EmailAddress>
      <StartDate>11/26/2013</StartDate>
      <EndDate/>
      <RoleCode>Principal Investigator</RoleCode>
    </Investigator>
    <Institution>
      <Name>Yale University</Name>
      <CityName>New Haven</CityName>
      <ZipCode>065208047</ZipCode>
      <PhoneNumber>2037854689</PhoneNumber>
      <StreetAddress>P.O. Box 208047</StreetAddress>
      <CountryName>United States</CountryName>
      <StateName>Connecticut</StateName>
      <StateCode>CT</StateCode>
    </Institution>
    <ProgramElement>
      <Code>7459</Code>
      <Text>SEDIMENTARY GEO &amp; PALEOBIOLOGY</Text>
    </ProgramElement>
    <ProgramReference>
      <Code>9150</Code>
      <Text>EXP PROG TO STIM COMP RES</Text>
    </ProgramReference>
  </Award>
</rootTag>
