<?xml version="1.0" encoding="UTF-8"?>

<rootTag>
  <Award>
    <AwardTitle>GOALI: Real-Time Control of Production Systems for Energy-Efficient Manufacturing: Theory and Applications</AwardTitle>
    <AwardEffectiveDate>08/23/2013</AwardEffectiveDate>
    <AwardExpirationDate>08/31/2014</AwardExpirationDate>
    <AwardAmount>149738</AwardAmount>
    <AwardInstrument>
      <Value>Standard Grant</Value>
    </AwardInstrument>
    <Organization>
      <Code>07030009</Code>
      <Directorate>
        <LongName>Directorate for Engineering</LongName>
      </Directorate>
      <Division>
        <LongName>Division of Civil, Mechanical, and Manufacturing Innovation</LongName>
      </Division>
    </Organization>
    <ProgramOfficer>
      <SignBlockName>Edwin Romeijn</SignBlockName>
    </ProgramOfficer>
    <AbstractNarration>The research objective of this Grant Opportunity for Academic Liaison with Industry (GOALI) award is to develop a theory for quantitative analysis of energy consumption in production systems; to use the theory for the development of real-time feedback controllers of machine startup/shutdown and preventive maintenance schedule to ensure desired productivity with minimal energy consumption; and to apply the results on the factory floor at General Motors manufacturing plants. Specifically, the problems of performance analysis, bottleneck identification, optimal control and applications will be investigated for production systems with controlled startup/shutdown and preventive maintenance. The approach of the research will be based on analytical studies for systems that are characterized by Markov processes, and numerical experiments for non-Markovian systems. The outcomes of this research will be integrated models of productivity and energy performance for production systems, measurement-based energy bottleneck indicators and algorithms for real-time feedback controllers of machine startup/shutdown and preventive maintenance schedules that minimize energy consumption under desired throughput.&lt;br/&gt;&lt;br/&gt;If successful, the results of the research will establish a novel analytical framework for integrated analysis of productivity and energy performance in manufacturing systems. In addition, the results will provide a solid foundation for an integrated study of cost, productivity and energy consumption. This research will provide production floor managers and production systems designers with rigorous, quantitative engineering tools for analysis, improvement, and design of energy-efficient manufacturing systems to ensure desired productivity and environmental performance. This will lead to increased profitability and sustainability for the manufacturing enterprises. Finally, the methodology is also transformable to other systems with variability and resource consumption issues, such as healthcare delivery, transportation, and communication networks, etc.</AbstractNarration>
    <MinAmdLetterDate>11/25/2013</MinAmdLetterDate>
    <MaxAmdLetterDate>11/25/2013</MaxAmdLetterDate>
    <ARRAAmount/>
    <AwardID>1411516</AwardID>
    <Investigator>
      <FirstName>Liang</FirstName>
      <LastName>Zhang</LastName>
      <EmailAddress>liangzh@uwm.edu</EmailAddress>
      <StartDate>11/25/2013</StartDate>
      <EndDate/>
      <RoleCode>Principal Investigator</RoleCode>
    </Investigator>
    <Institution>
      <Name>University of Connecticut</Name>
      <CityName>Storrs</CityName>
      <ZipCode>062691133</ZipCode>
      <PhoneNumber>8604863622</PhoneNumber>
      <StreetAddress>438 Whitney Road Ext.</StreetAddress>
      <CountryName>United States</CountryName>
      <StateName>Connecticut</StateName>
      <StateCode>CT</StateCode>
    </Institution>
    <ProgramElement>
      <Code>1786</Code>
      <Text>MANFG ENTERPRISE SYSTEMS</Text>
    </ProgramElement>
    <ProgramElement>
      <Code>1504</Code>
      <Text>GRANT OPP FOR ACAD LIA W/INDUS</Text>
    </ProgramElement>
    <ProgramReference>
      <Code>071E</Code>
      <Text>MFG ENTERPRISE OPERATIONS</Text>
    </ProgramReference>
    <ProgramReference>
      <Code>078E</Code>
      <Text>ENTERPRISE DESIGN &amp; LOGISTICS</Text>
    </ProgramReference>
    <ProgramReference>
      <Code>1504</Code>
      <Text>GRANT OPP FOR ACAD LIA W/INDUS</Text>
    </ProgramReference>
    <ProgramReference>
      <Code>1786</Code>
      <Text>MANFG ENTERPRISE SYSTEMS</Text>
    </ProgramReference>
  </Award>
</rootTag>
