<?xml version="1.0" encoding="UTF-8"?>

<rootTag>
  <Award>
    <AwardTitle>Collaborative Research: Multimedia Engineering Notebook Tools to Support Engineering Discourse in Urban Elementary School Classrooms</AwardTitle>
    <AwardEffectiveDate>08/01/2013</AwardEffectiveDate>
    <AwardExpirationDate>07/31/2016</AwardExpirationDate>
    <AwardAmount>192400</AwardAmount>
    <AwardInstrument>
      <Value>Standard Grant</Value>
    </AwardInstrument>
    <Organization>
      <Code>11090000</Code>
      <Directorate>
        <LongName>Directorate for Education &amp; Human Resources</LongName>
      </Directorate>
      <Division>
        <LongName>Division of Research on Learning in Formal and Informal Settings (DRL)</LongName>
      </Division>
    </Organization>
    <ProgramOfficer>
      <SignBlockName>Gerhard L. Salinger</SignBlockName>
    </ProgramOfficer>
    <AbstractNarration>This collaborative, exploratory, learning strand project focuses on improving reflective decision-making among elementary school students during the planning and re-design activities of the engineering design process. Five teacher researchers in three elementary schools provide the classroom laboratories for the study. Specified units from Engineering is Elementary, a well-studied curriculum, provide the engineering content. In year one, the qualitative research observes student discourse as students develop designs. Based on the results, a paper engineering note book with prompts is designed for use in year two while a digital notebook is developed. In year three, the students use the digital notebook to develop their designs and redesigns. &lt;br/&gt;&lt;br/&gt;The research identifies patterns of language that contribute to the reflective discourse and determines how the paper and electronic versions of the notebook improve the discourse. An advisory committee provides advice and evaluation. The notebooks are described in conference proceedings and made available online. &lt;br/&gt;&lt;br/&gt;This work synthesizes what is known about the use of the notebooks in science and engineering education at the elementary school and investigates how to improve their use through digital media.</AbstractNarration>
    <MinAmdLetterDate>02/07/2014</MinAmdLetterDate>
    <MaxAmdLetterDate>02/07/2014</MaxAmdLetterDate>
    <ARRAAmount/>
    <AwardID>1411660</AwardID>
    <Investigator>
      <FirstName>Christopher</FirstName>
      <LastName>Wright</LastName>
      <EmailAddress>cwrigh48@utk.edu</EmailAddress>
      <StartDate>02/07/2014</StartDate>
      <EndDate/>
      <RoleCode>Principal Investigator</RoleCode>
    </Investigator>
    <Institution>
      <Name>University of Tennessee Knoxville</Name>
      <CityName>KNOXVILLE</CityName>
      <ZipCode>379960003</ZipCode>
      <PhoneNumber>8659743466</PhoneNumber>
      <StreetAddress>1 CIRCLE PARK</StreetAddress>
      <CountryName>United States</CountryName>
      <StateName>Tennessee</StateName>
      <StateCode>TN</StateCode>
    </Institution>
    <ProgramElement>
      <Code>7645</Code>
      <Text>DISCOVERY RESEARCH K-12</Text>
    </ProgramElement>
    <ProgramReference>
      <Code>9177</Code>
      <Text>ELEMENTARY/SECONDARY EDUCATION</Text>
    </ProgramReference>
    <ProgramReference>
      <Code/>
      <Text/>
    </ProgramReference>
  </Award>
</rootTag>
