<?xml version="1.0" encoding="UTF-8"?>

<rootTag>
  <Award>
    <AwardTitle>International Cooperative Administrative Support Services (ICASS)</AwardTitle>
    <AwardEffectiveDate>02/01/2014</AwardEffectiveDate>
    <AwardExpirationDate>01/31/2015</AwardExpirationDate>
    <AwardAmount>76096</AwardAmount>
    <AwardInstrument>
      <Value>Interagency Agreement</Value>
    </AwardInstrument>
    <Organization>
      <Code>01060200</Code>
      <Directorate>
        <LongName>OFFICE OF THE DIRECTOR</LongName>
      </Directorate>
      <Division>
        <LongName>Office of International and Integrative Activities</LongName>
      </Division>
    </Organization>
    <ProgramOfficer>
      <SignBlockName>Nancy Sung</SignBlockName>
    </ProgramOfficer>
    <AbstractNarration/>
    <MinAmdLetterDate>02/24/2014</MinAmdLetterDate>
    <MaxAmdLetterDate>02/24/2014</MaxAmdLetterDate>
    <ARRAAmount/>
    <AwardID>1413814</AwardID>
    <Investigator>
      <FirstName>Bruce</FirstName>
      <LastName>Butterworth</LastName>
      <EmailAddress/>
      <StartDate>02/24/2014</StartDate>
      <EndDate/>
      <RoleCode>Principal Investigator</RoleCode>
    </Investigator>
    <Institution>
      <Name>International Cooperative Administrative Support Services</Name>
      <CityName>Washington</CityName>
      <ZipCode>200370000</ZipCode>
      <PhoneNumber/>
      <StreetAddress>2401 E St NW FL15</StreetAddress>
      <CountryName>United States</CountryName>
      <StateName>District of Columbia</StateName>
      <StateCode>DC</StateCode>
    </Institution>
    <ProgramElement>
      <Code>8887</Code>
      <Text>ICASS</Text>
    </ProgramElement>
    <ProgramReference>
      <Code>5918</Code>
      <Text>FRANCE</Text>
    </ProgramReference>
    <ProgramReference>
      <Code>5921</Code>
      <Text>JAPAN</Text>
    </ProgramReference>
    <ProgramReference>
      <Code>5978</Code>
      <Text>EAST ASIA AND PACIFIC PROGRAM</Text>
    </ProgramReference>
    <ProgramReference>
      <Code>9200</Code>
      <Text>US CHINA COOP IN BASIC SCIENCE</Text>
    </ProgramReference>
  </Award>
</rootTag>
