<?xml version="1.0" encoding="UTF-8"?>

<rootTag>
  <Award>
    <AwardTitle>Workshop on Resilient Infrastructure For Sustainable Communities; Arlington, Virginia; 2014</AwardTitle>
    <AwardEffectiveDate>02/01/2014</AwardEffectiveDate>
    <AwardExpirationDate>01/31/2015</AwardExpirationDate>
    <AwardAmount>96834</AwardAmount>
    <AwardInstrument>
      <Value>Standard Grant</Value>
    </AwardInstrument>
    <Organization>
      <Code>07030000</Code>
      <Directorate>
        <LongName>Directorate for Engineering</LongName>
      </Directorate>
      <Division>
        <LongName>Division of Civil, Mechanical, and Manufacturing Innovation</LongName>
      </Division>
    </Organization>
    <ProgramOfficer>
      <SignBlockName>Joy Pauschke</SignBlockName>
    </ProgramOfficer>
    <AbstractNarration>This award supports a workshop, to be held in 2014, to identify research directions to enable resilient buildings and other civil infrastructure for sustainable communities. This workshop will engage research communities, such as engineering, urban planning, architecture, engineered materials, systems design, and social sciences, to identify research priorities for making such infrastructure both resilient and sustainable for communities. Much of our nation's civil infrastructure will experience significant loss of function, operations, and/or integrity due to aging, high demands for services, and different natural and technological hazards. Furthermore, current practice in the design, construction, use, operations, maintenance, and deconstruction of this civil infrastructure is economically and environmentally unsustainable. This workshop will close the gaps in knowledge of these problems by reviewing existing knowledge and identifying potential research directions and research tools needed to put these research ideas to work.&lt;br/&gt;&lt;br/&gt;The broader impact of this workshop is the creation of a research agenda that can lead to innovations in designing, constructing and maintaining buildings and other civil infrastructure to be both resilient and sustainable, thus potentially yielding savings in cost, energy, materials, and other natural resources. The workshop will consider how existing and new research tools can be harnessed to improve and expand research and technology transfer. By setting this research agenda, this workshop will catalyze research for resilient and sustainable civil infrastructure to benefit the nation's welfare.</AbstractNarration>
    <MinAmdLetterDate>01/31/2014</MinAmdLetterDate>
    <MaxAmdLetterDate>01/31/2014</MaxAmdLetterDate>
    <ARRAAmount/>
    <AwardID>1413857</AwardID>
    <Investigator>
      <FirstName>Thomas</FirstName>
      <LastName>Birkland</LastName>
      <EmailAddress>tabirkla@ncsu.edu</EmailAddress>
      <StartDate>01/31/2014</StartDate>
      <EndDate/>
      <RoleCode>Principal Investigator</RoleCode>
    </Investigator>
    <Institution>
      <Name>North Carolina State University</Name>
      <CityName>RALEIGH</CityName>
      <ZipCode>276957514</ZipCode>
      <PhoneNumber>9195152444</PhoneNumber>
      <StreetAddress>CAMPUS BOX 7514</StreetAddress>
      <CountryName>United States</CountryName>
      <StateName>North Carolina</StateName>
      <StateCode>NC</StateCode>
    </Institution>
    <ProgramElement>
      <Code>7396</Code>
      <Text>NEES RESEARCH</Text>
    </ProgramElement>
    <ProgramElement>
      <Code>1637</Code>
      <Text>HAZARD MIT &amp; STRUCTURAL ENG</Text>
    </ProgramElement>
    <ProgramReference>
      <Code>036E</Code>
      <Text>CIVIL INFRASTRUCTURE</Text>
    </ProgramReference>
    <ProgramReference>
      <Code>039E</Code>
      <Text>STRUCTURAL SYSTEMS</Text>
    </ProgramReference>
    <ProgramReference>
      <Code>040E</Code>
      <Text>Haz mitigation of structural sys</Text>
    </ProgramReference>
    <ProgramReference>
      <Code>043E</Code>
      <Text>EARTHQUAKE ENGINEERING</Text>
    </ProgramReference>
    <ProgramReference>
      <Code>1057</Code>
      <Text>CIS BASE RESEARCH</Text>
    </ProgramReference>
    <ProgramReference>
      <Code>1576</Code>
      <Text>NATIONL EARTHQK HZRD REDCT PRG</Text>
    </ProgramReference>
    <ProgramReference>
      <Code>1637</Code>
      <Text>HAZARD MIT &amp; STRUCTURAL ENG</Text>
    </ProgramReference>
    <ProgramReference>
      <Code>7396</Code>
      <Text>NEES RESEARCH</Text>
    </ProgramReference>
  </Award>
</rootTag>
