<?xml version="1.0" encoding="UTF-8"?>

<rootTag>
  <Award>
    <AwardTitle>EAGER: Collaborative Research: Cloaking in stratified fluids</AwardTitle>
    <AwardEffectiveDate>02/01/2014</AwardEffectiveDate>
    <AwardExpirationDate>01/31/2016</AwardExpirationDate>
    <AwardAmount>49949</AwardAmount>
    <AwardInstrument>
      <Value>Standard Grant</Value>
    </AwardInstrument>
    <Organization>
      <Code>07020005</Code>
      <Directorate>
        <LongName>Directorate for Engineering</LongName>
      </Directorate>
      <Division>
        <LongName>Division of Chemical, Bioengineering, Environmental, and Transport Systems</LongName>
      </Division>
    </Organization>
    <ProgramOfficer>
      <SignBlockName>Dimitrios Papavassiliou</SignBlockName>
    </ProgramOfficer>
    <AbstractNarration>PI: Alam, M.-Reza/Ardekani, Arezoo&lt;br/&gt;Proposal Number: 1414579/1414581&lt;br/&gt;Institution: University of California-Berkeley&lt;br/&gt;Title: EAGER: Collaborative Research: Cloaking in stratified fluids&lt;br/&gt;&lt;br/&gt;&lt;br/&gt;The objective of the proposed research is to explore the possibility of developing and deploying the equivalent of an "invisibility cloak" to render floating wind energy harvesting turbines invisible to ocean surface waves. Invisibility cloaks, made of metamaterial, have identified as one of the top ten important discoveries in solid state physics, optics, and acoustics in the first decade of 21st century, but this is now being discussed in the context of fluid mechanics and water waves.&lt;br/&gt;&lt;br/&gt;Intellectual Merit&lt;br/&gt;An invisibility cloak for an object at the water surface can be accomplished when the surface waves detour the object as if the object does not exist, i.e., when there is no diffraction. An important consequence of such a cloaking is that floating structures and objects in a cloaked region will be protected from powerful incoming surface waves. The proposed research will take first strides into this area in a fluid mechanics context by using a combined theoretical, computational, and experimental approach. The research is focused on the effect of buoyancy jump (typical of oceans and lakes), viscosity, inertia, diffusion, and non-uniformities of seabed topography on cloaking in both sharp and continuous stratified fluids.&lt;br/&gt;&lt;br/&gt;Broader Impacts&lt;br/&gt;This research program can lead to designing new strategies to protect moving and stationary ocean objects (ships, submarines, offshore platforms such as wind turbines) from disruptive effects of oceanic waves. In this work, fundamental fluid mechanics will be used to augment this area of aquatic science and oceanography. The proposed research is potentially transformative in that this area of fluid mechanics has to date gone mostly unexplored. The grant will also provide partial support for training two graduate students. The participation of women and members of underrepresented groups will be facilitated through the Women's Engineering Program at University of California Berkeley and Notre Dame. The PIs will ensure the participation of undergraduates through the Undergraduate Research Opportunity Program at both Berkeley and Notre Dame.</AbstractNarration>
    <MinAmdLetterDate>01/30/2014</MinAmdLetterDate>
    <MaxAmdLetterDate>01/30/2014</MaxAmdLetterDate>
    <ARRAAmount/>
    <AwardID>1414581</AwardID>
    <Investigator>
      <FirstName>Arezoo</FirstName>
      <LastName>Ardekani</LastName>
      <EmailAddress>aardekan@nd.edu</EmailAddress>
      <StartDate>01/30/2014</StartDate>
      <EndDate/>
      <RoleCode>Principal Investigator</RoleCode>
    </Investigator>
    <Institution>
      <Name>University of Notre Dame</Name>
      <CityName>NOTRE DAME</CityName>
      <ZipCode>465565612</ZipCode>
      <PhoneNumber>5746317432</PhoneNumber>
      <StreetAddress>940 Grace Hall</StreetAddress>
      <CountryName>United States</CountryName>
      <StateName>Indiana</StateName>
      <StateCode>IN</StateCode>
    </Institution>
    <ProgramElement>
      <Code>1443</Code>
      <Text>FLUID DYNAMICS</Text>
    </ProgramElement>
    <ProgramReference>
      <Code>058E</Code>
      <Text>Newtonian fluids</Text>
    </ProgramReference>
    <ProgramReference>
      <Code>7916</Code>
      <Text>EAGER</Text>
    </ProgramReference>
  </Award>
</rootTag>
