<?xml version="1.0" encoding="UTF-8"?>

<rootTag>
  <Award>
    <AwardTitle>27th Cumberland Conference on Combinatorics, Graph Theory, and Computing</AwardTitle>
    <AwardEffectiveDate>02/01/2014</AwardEffectiveDate>
    <AwardExpirationDate>07/31/2014</AwardExpirationDate>
    <AwardAmount>12680</AwardAmount>
    <AwardInstrument>
      <Value>Standard Grant</Value>
    </AwardInstrument>
    <Organization>
      <Code>03040000</Code>
      <Directorate>
        <LongName>Directorate for Mathematical &amp; Physical Sciences</LongName>
      </Directorate>
      <Division>
        <LongName>Division of Mathematical Sciences</LongName>
      </Division>
    </Organization>
    <ProgramOfficer>
      <SignBlockName>Qing Xiang</SignBlockName>
    </ProgramOfficer>
    <AbstractNarration>This award provides support for the 27th Cumberland Conference on Combinatorics, Graph Theory and Computing, to be held during May 16-17, 2014, at West Virginia University. The conference will feature several one-hour invited talks and a number of contributed talks. &lt;br/&gt;&lt;br/&gt;The basic objective of the conference is to bring together researchers with expertise in graph theory, combinatorics and computer science in order to make advances in these areas. The conference will give both junior and senior researchers opportunities to present their own new results in combinatorics and computer science, and to work collaboratively on unsolved problems. The majority of the funds will be targeted for travel and accommodation support for students, post-docs and under-represented groups.</AbstractNarration>
    <MinAmdLetterDate>01/22/2014</MinAmdLetterDate>
    <MaxAmdLetterDate>01/22/2014</MaxAmdLetterDate>
    <ARRAAmount/>
    <AwardID>1414220</AwardID>
    <Investigator>
      <FirstName>Rong</FirstName>
      <LastName>Luo</LastName>
      <EmailAddress>rluo@math.wvu.edu</EmailAddress>
      <StartDate>01/22/2014</StartDate>
      <EndDate/>
      <RoleCode>Principal Investigator</RoleCode>
    </Investigator>
    <Investigator>
      <FirstName>Edgar</FirstName>
      <LastName>Fuller</LastName>
      <EmailAddress>ef@math.wvu.edu</EmailAddress>
      <StartDate>01/22/2014</StartDate>
      <EndDate/>
      <RoleCode>Co-Principal Investigator</RoleCode>
    </Investigator>
    <Investigator>
      <FirstName>Kevin</FirstName>
      <LastName>Milans</LastName>
      <EmailAddress>milans@math.wvu.edu</EmailAddress>
      <StartDate>01/22/2014</StartDate>
      <EndDate/>
      <RoleCode>Co-Principal Investigator</RoleCode>
    </Investigator>
    <Institution>
      <Name>West Virginia University Research Corporation</Name>
      <CityName>Morgantown</CityName>
      <ZipCode>265066845</ZipCode>
      <PhoneNumber>3042933998</PhoneNumber>
      <StreetAddress>P.O. Box 6845</StreetAddress>
      <CountryName>United States</CountryName>
      <StateName>West Virginia</StateName>
      <StateCode>WV</StateCode>
    </Institution>
    <ProgramElement>
      <Code>7970</Code>
      <Text>Combinatorics</Text>
    </ProgramElement>
    <ProgramReference>
      <Code>7556</Code>
      <Text>CONFERENCE AND WORKSHOPS</Text>
    </ProgramReference>
    <ProgramReference>
      <Code>9150</Code>
      <Text>EXP PROG TO STIM COMP RES</Text>
    </ProgramReference>
  </Award>
</rootTag>
