<?xml version="1.0" encoding="UTF-8"?>

<rootTag>
  <Award>
    <AwardTitle>I-Corps: Thought and Expression based Human-Technology Interface</AwardTitle>
    <AwardEffectiveDate>02/01/2014</AwardEffectiveDate>
    <AwardExpirationDate>07/31/2014</AwardExpirationDate>
    <AwardAmount>50000</AwardAmount>
    <AwardInstrument>
      <Value>Standard Grant</Value>
    </AwardInstrument>
    <Organization>
      <Code>07070000</Code>
      <Directorate>
        <LongName>Directorate for Engineering</LongName>
      </Directorate>
      <Division>
        <LongName>Division of Industrial Innovation and Partnerships</LongName>
      </Division>
    </Organization>
    <ProgramOfficer>
      <SignBlockName>Rathindra DasGupta</SignBlockName>
    </ProgramOfficer>
    <AbstractNarration>The proposed work involves developing an innovative human-technology interface (HTI) system, which allows users to operate and interact with electronic devices solely with expressions and thoughts. The proposed HTI system, with a mobile app as the user interface, will utilize self-learning algorithms along with low-cost commercially-off-the-shelf (COTS) brain-computer interface (BCI) technology. &lt;br/&gt;&lt;br/&gt;There has always been a need for a more natural and faster human-technology interaction (HTI) experience that goes beyond the traditional button and the latest touch-technology. Outcomes of the proposed research will revolutionize HTI and will provide an effective paradigm that can be applied to a broad range of areas such as mobile devices, home automation systems, audio video systems, video game consoles and auto electronics. Outcomes will be strongly leveraged to foster collaborative networks with multidisciplinary teams of investigators in academia and industry to establish a strong extramurally funded research program to explore other innovative HTI concepts.</AbstractNarration>
    <MinAmdLetterDate>01/22/2014</MinAmdLetterDate>
    <MaxAmdLetterDate>01/22/2014</MaxAmdLetterDate>
    <ARRAAmount/>
    <AwardID>1414545</AwardID>
    <Investigator>
      <FirstName>Kiran</FirstName>
      <LastName>George</LastName>
      <EmailAddress>kgeorge@fullerton.edu</EmailAddress>
      <StartDate>01/22/2014</StartDate>
      <EndDate/>
      <RoleCode>Principal Investigator</RoleCode>
    </Investigator>
    <Institution>
      <Name>California State University-Fullerton Foundation</Name>
      <CityName>Fullerton</CityName>
      <ZipCode>928313137</ZipCode>
      <PhoneNumber>7142782106</PhoneNumber>
      <StreetAddress>2600 E. Nutwood Ave.</StreetAddress>
      <CountryName>United States</CountryName>
      <StateName>California</StateName>
      <StateCode>CA</StateCode>
    </Institution>
    <ProgramElement>
      <Code>8023</Code>
      <Text>I-Corps</Text>
    </ProgramElement>
  </Award>
</rootTag>
