<?xml version="1.0" encoding="UTF-8"?>

<rootTag>
  <Award>
    <AwardTitle>RI: Small: Understanding Value-based Multiagent Learning and Its Applications</AwardTitle>
    <AwardEffectiveDate>07/01/2013</AwardEffectiveDate>
    <AwardExpirationDate>07/31/2014</AwardExpirationDate>
    <AwardAmount>157019</AwardAmount>
    <AwardInstrument>
      <Value>Standard Grant</Value>
    </AwardInstrument>
    <Organization>
      <Code>05020000</Code>
      <Directorate>
        <LongName>Directorate for Computer &amp; Information Science &amp; Engineering</LongName>
      </Directorate>
      <Division>
        <LongName>Division of Information &amp; Intelligent Systems</LongName>
      </Division>
    </Organization>
    <ProgramOfficer>
      <SignBlockName>James Donlon</SignBlockName>
    </ProgramOfficer>
    <AbstractNarration>This project explores the behavior of value-based learning methods in multi-agent environments. Value-based methods make decisions by using experience to estimate the utility impact of alternatives and choosing those with high predicted value. Because they evaluate components of behavior instead of treating behaviors as atomic units, they are computationally and statistically efficient. While these methods have been used in computational experiments for many years, only recently have researchers begun to formally characterize their behavior. Our own preliminary work is finding that some value-based methods exhibit super-Nash behavior, making them particularly worthy of study.&lt;br/&gt;&lt;br/&gt;More specifically, we are analyzing, mathematically and experimentally, how value-based algorithms perform in several classes of simulated games of varying complexity from the artificial intelligence community, multi-agent engineering applications drawn from the wireless networking area, and as models of human and animal decision making in collaboration with cognitive neuroscientists. Where possible, we are refining existing value-based algorithms to work more efficiently, robustly, and generally than existing algorithms. We are also designing educational outreach activities, including creating entertaining instructional videos on how to promote cooperative behavior in real-life social dilemmas.</AbstractNarration>
    <MinAmdLetterDate>02/19/2014</MinAmdLetterDate>
    <MaxAmdLetterDate>02/19/2014</MaxAmdLetterDate>
    <ARRAAmount/>
    <AwardID>1414935</AwardID>
    <Investigator>
      <FirstName>Michael</FirstName>
      <LastName>Littman</LastName>
      <EmailAddress>mlittman@cs.brown.edu</EmailAddress>
      <StartDate>02/19/2014</StartDate>
      <EndDate/>
      <RoleCode>Principal Investigator</RoleCode>
    </Investigator>
    <Institution>
      <Name>Brown University</Name>
      <CityName>Providence</CityName>
      <ZipCode>029121929</ZipCode>
      <PhoneNumber>4018632777</PhoneNumber>
      <StreetAddress>BOX 1929</StreetAddress>
      <CountryName>United States</CountryName>
      <StateName>Rhode Island</StateName>
      <StateCode>RI</StateCode>
    </Institution>
    <ProgramElement>
      <Code>7495</Code>
      <Text>ROBUST INTELLIGENCE</Text>
    </ProgramElement>
    <ProgramReference>
      <Code>7923</Code>
      <Text>SMALL PROJECT</Text>
    </ProgramReference>
    <ProgramReference>
      <Code>9150</Code>
      <Text>EXP PROG TO STIM COMP RES</Text>
    </ProgramReference>
    <ProgramReference>
      <Code>7495</Code>
      <Text>ROBUST INTELLIGENCE</Text>
    </ProgramReference>
  </Award>
</rootTag>
