<?xml version="1.0" encoding="UTF-8"?>

<rootTag>
  <Award>
    <AwardTitle>BRIGE: Integrated Social, Environmental, Economic, and Technical (SEET) Model for Sustainable Retrofit of Existing Buildings</AwardTitle>
    <AwardEffectiveDate>09/01/2013</AwardEffectiveDate>
    <AwardExpirationDate>08/31/2014</AwardExpirationDate>
    <AwardAmount>118582</AwardAmount>
    <AwardInstrument>
      <Value>Standard Grant</Value>
    </AwardInstrument>
    <Organization>
      <Code>07030000</Code>
      <Directorate>
        <LongName>Directorate for Engineering</LongName>
      </Directorate>
      <Division>
        <LongName>Division of Civil, Mechanical, and Manufacturing Innovation</LongName>
      </Division>
    </Organization>
    <ProgramOfficer>
      <SignBlockName>Konstantinos Triantis</SignBlockName>
    </ProgramOfficer>
    <AbstractNarration>This Broadening Participation Research Initiation Grant in Engineering (BRIGE) provides funding to develop and test a simulation framework to enhance and support the decision making process for sustainable retrofit of existing buildings. This framework will be developed using agent based modeling (ABM) to integrate the building stakeholders' requirements and behaviors, the budget constraints, the required energy savings and green house gas emissions reduction benchmarks, and possible retrofit measures to simulate their complex interactions. The primary goal is to identify optimal retrofit measures that save energy use while delivering an enhanced environment for all building stakeholders. To achieve this objective, data will be collected from three case study buildings. The ABM will consist of individual agents, implemented in software as objects with states and rules of behavior. Running the model instantiates an agent population of the building stakeholders who interact with each other and their environment, and make decisions based on information they receive about the existing building condition, and the environmental/economic impacts of the feasible retrofit measures.&lt;br/&gt;&lt;br/&gt;If successful, this research will result in several contributions to the field of decision making to sustainably retrofit existing buildings; namely (1) understanding how the requirements of the different building stakeholders affect the sustainable retrofit decision; (2) determining to what extent information about environmental impact, economic constraints, and technical feasibility influences these requirements; and (3) developing and testing an ABM simulation model of these requirements and influences. Aligning the building stakeholders' requirements for enhanced work environment, profit maximization and energy savings, while choosing sustainable retrofit measures, is key to achieve targeted reduction in green house gas emissions from the building sector. The model validation through case studies will ensure its practical value to private and public entities looking to reduce the environmental impact of their existing buildings.</AbstractNarration>
    <MinAmdLetterDate>01/13/2014</MinAmdLetterDate>
    <MaxAmdLetterDate>01/13/2014</MaxAmdLetterDate>
    <ARRAAmount/>
    <AwardID>1414855</AwardID>
    <Investigator>
      <FirstName>Carol</FirstName>
      <LastName>Menassa</LastName>
      <EmailAddress>menassa@umich.edu</EmailAddress>
      <StartDate>01/13/2014</StartDate>
      <EndDate/>
      <RoleCode>Principal Investigator</RoleCode>
    </Investigator>
    <Institution>
      <Name>University of Michigan Ann Arbor</Name>
      <CityName>Ann Arbor</CityName>
      <ZipCode>481091274</ZipCode>
      <PhoneNumber>7347636438</PhoneNumber>
      <StreetAddress>3003 South State St.</StreetAddress>
      <CountryName>United States</CountryName>
      <StateName>Michigan</StateName>
      <StateCode>MI</StateCode>
    </Institution>
    <ProgramElement>
      <Code>7741</Code>
      <Text>BROAD PARTIC IN ENG (BRIGE)</Text>
    </ProgramElement>
    <ProgramReference>
      <Code>029E</Code>
      <Text>INFRASTRUCTURE SYSTEMS MGT</Text>
    </ProgramReference>
    <ProgramReference>
      <Code>036E</Code>
      <Text>CIVIL INFRASTRUCTURE</Text>
    </ProgramReference>
    <ProgramReference>
      <Code>039E</Code>
      <Text>STRUCTURAL SYSTEMS</Text>
    </ProgramReference>
    <ProgramReference>
      <Code>1631</Code>
      <Text>CIVIL INFRASTRUCTURE SYSTEMS</Text>
    </ProgramReference>
    <ProgramReference>
      <Code>7741</Code>
      <Text>BROAD PARTIC IN ENG (BRIGE)</Text>
    </ProgramReference>
    <ProgramReference>
      <Code>9102</Code>
      <Text>WOMEN, MINORITY, DISABLED, NEC</Text>
    </ProgramReference>
  </Award>
</rootTag>
