<?xml version="1.0" encoding="UTF-8"?>

<rootTag>
  <Award>
    <AwardTitle>CCF: AF: Student Travel Support for the IEEE Conference on Computational Complexity 2014</AwardTitle>
    <AwardEffectiveDate>12/15/2013</AwardEffectiveDate>
    <AwardExpirationDate>11/30/2014</AwardExpirationDate>
    <AwardAmount>15000</AwardAmount>
    <AwardInstrument>
      <Value>Standard Grant</Value>
    </AwardInstrument>
    <Organization>
      <Code>05010000</Code>
      <Directorate>
        <LongName>Directorate for Computer &amp; Information Science &amp; Engineering</LongName>
      </Directorate>
      <Division>
        <LongName>Division of Computer and Communication Foundations</LongName>
      </Division>
    </Organization>
    <ProgramOfficer>
      <SignBlockName>Dmitry Maslov</SignBlockName>
    </ProgramOfficer>
    <AbstractNarration>This award supports student travel to the IEEE Conference on Computational Complexity (CCC), in Vancouver, British Columbia, Canada, on June 11-14, 2014.</AbstractNarration>
    <MinAmdLetterDate>12/18/2013</MinAmdLetterDate>
    <MaxAmdLetterDate>12/18/2013</MaxAmdLetterDate>
    <ARRAAmount/>
    <AwardID>1415168</AwardID>
    <Investigator>
      <FirstName>Jeffrey</FirstName>
      <LastName>Kinne</LastName>
      <EmailAddress>jkinne@cs.indstate.edu</EmailAddress>
      <StartDate>12/18/2013</StartDate>
      <EndDate/>
      <RoleCode>Co-Principal Investigator</RoleCode>
    </Investigator>
    <Investigator>
      <FirstName>Dieter</FirstName>
      <LastName>van Melkebeek</LastName>
      <EmailAddress>dieter@cs.wisc.edu</EmailAddress>
      <StartDate>12/18/2013</StartDate>
      <EndDate/>
      <RoleCode>Principal Investigator</RoleCode>
    </Investigator>
    <Institution>
      <Name>University of Wisconsin-Madison</Name>
      <CityName>MADISON</CityName>
      <ZipCode>537151218</ZipCode>
      <PhoneNumber>6082623822</PhoneNumber>
      <StreetAddress>21 North Park Street</StreetAddress>
      <CountryName>United States</CountryName>
      <StateName>Wisconsin</StateName>
      <StateCode>WI</StateCode>
    </Institution>
    <ProgramElement>
      <Code>1640</Code>
      <Text>INFORMATION TECHNOLOGY RESEARC</Text>
    </ProgramElement>
    <ProgramElement>
      <Code>7796</Code>
      <Text>ALGORITHMIC FOUNDATIONS</Text>
    </ProgramElement>
    <ProgramReference>
      <Code>7927</Code>
      <Text>COMPLEXITY &amp; CRYPTOGRAPHY</Text>
    </ProgramReference>
    <ProgramReference>
      <Code>7796</Code>
      <Text>ALGORITHMIC FOUNDATIONS</Text>
    </ProgramReference>
  </Award>
</rootTag>
