<?xml version="1.0" encoding="UTF-8"?>

<rootTag>
  <Award>
    <AwardTitle>Travel Grant Energy Cyber-Physical Systems Workshop</AwardTitle>
    <AwardEffectiveDate>12/15/2013</AwardEffectiveDate>
    <AwardExpirationDate>11/30/2014</AwardExpirationDate>
    <AwardAmount>49900</AwardAmount>
    <AwardInstrument>
      <Value>Standard Grant</Value>
    </AwardInstrument>
    <Organization>
      <Code>05050000</Code>
      <Directorate>
        <LongName>Directorate for Computer &amp; Information Science &amp; Engineering</LongName>
      </Directorate>
      <Division>
        <LongName>Division of Computer and Network Systems</LongName>
      </Division>
    </Organization>
    <ProgramOfficer>
      <SignBlockName>David Corman</SignBlockName>
    </ProgramOfficer>
    <AbstractNarration>This proposal provides travel support for the 2013 Energy CPS workshop, covering speakers, breakout session moderators, and scribes important to the workshop's overall success. Support will also be provided to enable the participation of underrepresented minorities and women, to ensure the discussions will represent important and emerging areas throughout the CPS and energy research communities. The intellectual merit of the proposal is due to the important nature of the workshop -- to define a research agenda for cyber-physical systems in the context of energy. The broader impact is due to the pervasive nature of energy in CPS, and the generation of a long-range research agenda as well as the formulation of new collaborative teams pursuing efforts in this space.</AbstractNarration>
    <MinAmdLetterDate>12/20/2013</MinAmdLetterDate>
    <MaxAmdLetterDate>12/20/2013</MaxAmdLetterDate>
    <ARRAAmount/>
    <AwardID>1415530</AwardID>
    <Investigator>
      <FirstName>Mladen</FirstName>
      <LastName>Kezunovic</LastName>
      <EmailAddress>kezunov@ece.tamu.edu</EmailAddress>
      <StartDate>12/20/2013</StartDate>
      <EndDate/>
      <RoleCode>Principal Investigator</RoleCode>
    </Investigator>
    <Institution>
      <Name>Texas Engineering Experiment Station</Name>
      <CityName>College Station</CityName>
      <ZipCode>778454645</ZipCode>
      <PhoneNumber>9794587617</PhoneNumber>
      <StreetAddress>TEES State Headquarters Bldg.</StreetAddress>
      <CountryName>United States</CountryName>
      <StateName>Texas</StateName>
      <StateCode>TX</StateCode>
    </Institution>
    <ProgramElement>
      <Code>7918</Code>
      <Text>CYBER-PHYSICAL SYSTEMS (CPS)</Text>
    </ProgramElement>
    <ProgramReference>
      <Code>7556</Code>
      <Text>CONFERENCE AND WORKSHOPS</Text>
    </ProgramReference>
    <ProgramReference>
      <Code>7918</Code>
      <Text>CYBER-PHYSICAL SYSTEMS (CPS)</Text>
    </ProgramReference>
  </Award>
</rootTag>
