<?xml version="1.0" encoding="UTF-8"?>

<rootTag>
  <Award>
    <AwardTitle>A Novel Cu/CNT Material System for Through Silicon Via Interconnects</AwardTitle>
    <AwardEffectiveDate>08/22/2013</AwardEffectiveDate>
    <AwardExpirationDate>08/31/2015</AwardExpirationDate>
    <AwardAmount>329941</AwardAmount>
    <AwardInstrument>
      <Value>Standard Grant</Value>
    </AwardInstrument>
    <Organization>
      <Code>07030004</Code>
      <Directorate>
        <LongName>Directorate for Engineering</LongName>
      </Directorate>
      <Division>
        <LongName>Division of Civil, Mechanical, and Manufacturing Innovation</LongName>
      </Division>
    </Organization>
    <ProgramOfficer>
      <SignBlockName>Khershed Cooper</SignBlockName>
    </ProgramOfficer>
    <AbstractNarration>This award is for research supporting the development of a new material system for micro/nanoelectronic interconnects. The material system under study is expected to overcome several issues associated with copper interconnects. This material system will make it possible to fabricate nanoscale interconnects that possess low electrical resistance and high mechanical strength to provide a robust next generation of nano-interconnects. Utilizing advanced micro/nanofabrication processes, carbon nanotubes (CNTs) will be grown inside through-silicon vias (TSVs) and a copper matrix will be added to enhance the density, strength and conductivity of the CNTs. Electrical resistance of individual vias and daisy-chained vias will be measured and an analytical approach will be used to determine the preferred path of current and obtain insights on interface resistance of copper and CNT bundles. Mechanical strength will be investigated through bend tests and thermal expansion of wafers containing TSVs while the electrical resistance of TSVs will be monitored for resistance variation for failure detection. Finite element simulation will be used to verify and calibrate the experiments. Mechanical and thermo-mechanical fatigue durability will be examined. &lt;br/&gt;&lt;br/&gt;Interconnects are an essential component of any electronic system. In particular, TSVs are key interconnects necessary for fabrication of three-dimensional integrated circuits (3D-ICs). Therefore, advancements in the area of interconnects will enhance three dimensional (3D) integration of complex electronic devices. If successful, this research will result in a new material system that is capable of resolving several performance and reliability issues that exist with copper interconnects today, such as high resistivity at very small dimensions and electromigration. The research conducted in this study will lead to new directions taken in the manufacturing and fabrication of micro/nanoelectronic devices and systems by facilitating miniaturization of sub-systems and providing a path for a high-yield, high-volume manufacturing process. Outreach activities include a college workshop for K-12 students, the recruitment of women and minorities into the research program in collaboration with the University of Alabama's LSAMP Program, and participation in an REU Site.</AbstractNarration>
    <MinAmdLetterDate>12/27/2013</MinAmdLetterDate>
    <MaxAmdLetterDate>12/27/2013</MaxAmdLetterDate>
    <ARRAAmount/>
    <AwardID>1415165</AwardID>
    <Investigator>
      <FirstName>Leila</FirstName>
      <LastName>Ladani</LastName>
      <EmailAddress>lladani@engr.uconn.edu</EmailAddress>
      <StartDate>12/27/2013</StartDate>
      <EndDate/>
      <RoleCode>Principal Investigator</RoleCode>
    </Investigator>
    <Institution>
      <Name>University of Connecticut</Name>
      <CityName>Storrs</CityName>
      <ZipCode>062691133</ZipCode>
      <PhoneNumber>8604863622</PhoneNumber>
      <StreetAddress>438 Whitney Road Ext.</StreetAddress>
      <CountryName>United States</CountryName>
      <StateName>Connecticut</StateName>
      <StateCode>CT</StateCode>
    </Institution>
    <ProgramElement>
      <Code>1788</Code>
      <Text>NANOMANUFACTURING</Text>
    </ProgramElement>
    <ProgramReference>
      <Code>084E</Code>
      <Text>NANOMANUFACTURING</Text>
    </ProgramReference>
    <ProgramReference>
      <Code>9102</Code>
      <Text>WOMEN, MINORITY, DISABLED, NEC</Text>
    </ProgramReference>
    <ProgramReference>
      <Code>9146</Code>
      <Text>MANUFACTURING BASE RESEARCH</Text>
    </ProgramReference>
    <ProgramReference>
      <Code>9150</Code>
      <Text>EXP PROG TO STIM COMP RES</Text>
    </ProgramReference>
    <ProgramReference>
      <Code>MANU</Code>
      <Text>MANUFACTURING</Text>
    </ProgramReference>
    <ProgramReference>
      <Code>082E</Code>
      <Text>MFG MACHINES &amp; METROLOGY</Text>
    </ProgramReference>
    <ProgramReference>
      <Code>083E</Code>
      <Text>MATERIAL TRANSFORMATION PROC</Text>
    </ProgramReference>
    <ProgramReference>
      <Code>116E</Code>
      <Text>RESEARCH EXP FOR UNDERGRADS</Text>
    </ProgramReference>
    <ProgramReference>
      <Code>9178</Code>
      <Text>UNDERGRADUATE EDUCATION</Text>
    </ProgramReference>
    <ProgramReference>
      <Code>9251</Code>
      <Text>RES EXPER FOR UNDERGRAD-SUPPLT</Text>
    </ProgramReference>
  </Award>
</rootTag>
