<?xml version="1.0" encoding="UTF-8"?>

<rootTag>
  <Award>
    <AwardTitle>Fate of Phosphorus during Photochemical Cycling of Iron Oxyhydr(oxides) in the Upper Ocean</AwardTitle>
    <AwardEffectiveDate>03/01/2014</AwardEffectiveDate>
    <AwardExpirationDate>02/29/2016</AwardExpirationDate>
    <AwardAmount>150000</AwardAmount>
    <AwardInstrument>
      <Value>Standard Grant</Value>
    </AwardInstrument>
    <Organization>
      <Code>06040300</Code>
      <Directorate>
        <LongName>Directorate for Geosciences</LongName>
      </Directorate>
      <Division>
        <LongName>Division of Ocean Sciences</LongName>
      </Division>
    </Organization>
    <ProgramOfficer>
      <SignBlockName>Donald L. Rice</SignBlockName>
    </ProgramOfficer>
    <AbstractNarration>Terrestrially-derived dust is an important source of the micronutrient iron (Fe) to nutrient-depleted regions of the oceans. The Fe from aeolian inputs is predominantly in the form of ferric oxyhydroxide which because of its strong affinity for phosphorus (P) have significant amounts of this nutrient associated with it. Together these nutrients can impact primary production. &lt;br/&gt;&lt;br/&gt;Once dust is introduced to sunlit surface waters, the ferric oxyhydroxide particles are subject to photoreductive dissolution which enhances bioavailable Fe but the impact of this process on the associated P is unknown. Researchers at the University of Hawaii plan to carry out a series of laboratory experiments using synthetic ferric oxyhydroxides and natural dust samples to determine the fate of P associated with these particles once they are photochemically reduced. Results from this study will establish whether Fe-rich dust is a source to the existing bioavailable pool of P or a sink due to removal via sorptive scavenging as a consequence of repetitive photochemical dissolution/re-precipitation cycles of ferric oxyhydroxides in the marine environment. &lt;br/&gt;&lt;br/&gt;Broader Impacts: Besides providing new insights on the phosphorus cycle, this research would support and train one graduate student of Hawaiian descent.</AbstractNarration>
    <MinAmdLetterDate>03/10/2014</MinAmdLetterDate>
    <MaxAmdLetterDate>03/10/2014</MaxAmdLetterDate>
    <ARRAAmount/>
    <AwardID>1416894</AwardID>
    <Investigator>
      <FirstName>Kathleen</FirstName>
      <LastName>Ruttenberg</LastName>
      <EmailAddress>kcr@soest.hawaii.edu</EmailAddress>
      <StartDate>03/10/2014</StartDate>
      <EndDate/>
      <RoleCode>Principal Investigator</RoleCode>
    </Investigator>
    <Institution>
      <Name>University of Hawaii</Name>
      <CityName>HONOLULU</CityName>
      <ZipCode>968222234</ZipCode>
      <PhoneNumber>8089567800</PhoneNumber>
      <StreetAddress>2440 Campus Road, Box 368</StreetAddress>
      <CountryName>United States</CountryName>
      <StateName>Hawaii</StateName>
      <StateCode>HI</StateCode>
    </Institution>
    <ProgramElement>
      <Code>1670</Code>
      <Text>CHEMICAL OCEANOGRAPHY</Text>
    </ProgramElement>
    <ProgramReference>
      <Code>0000</Code>
      <Text>UNASSIGNED</Text>
    </ProgramReference>
    <ProgramReference>
      <Code>7916</Code>
      <Text>EAGER</Text>
    </ProgramReference>
    <ProgramReference>
      <Code>9150</Code>
      <Text>EXP PROG TO STIM COMP RES</Text>
    </ProgramReference>
    <ProgramReference>
      <Code>OTHR</Code>
      <Text>OTHER RESEARCH OR EDUCATION</Text>
    </ProgramReference>
  </Award>
</rootTag>
