<?xml version="1.0" encoding="UTF-8"?>

<rootTag>
  <Award>
    <AwardTitle>The 2015 INFORMS Computing Society Conference NSF Student Poster Session; Richmond, Virginia; January 11-13, 2015</AwardTitle>
    <AwardEffectiveDate>08/01/2014</AwardEffectiveDate>
    <AwardExpirationDate>07/31/2015</AwardExpirationDate>
    <AwardAmount>5000</AwardAmount>
    <AwardInstrument>
      <Value>Standard Grant</Value>
    </AwardInstrument>
    <Organization>
      <Code>07030008</Code>
      <Directorate>
        <LongName>Directorate for Engineering</LongName>
      </Directorate>
      <Division>
        <LongName>Division of Civil, Mechanical, and Manufacturing Innovation</LongName>
      </Division>
    </Organization>
    <ProgramOfficer>
      <SignBlockName>Sheldon Jacobson</SignBlockName>
    </ProgramOfficer>
    <AbstractNarration>The INFORMS Computing Society NSF Student Poster Session is proposed to be held at the 2015 INFORMS Computing Society (ICS) Conference, which would be the first student poster session for the regularly-held ICS conference. This poster session is set up to encourage graduate students to interact with faculty, industry and fellow students by giving a technical poster presentation on a research project useful to operations research computing and related areas. The student poster session encourages students to engage in high quality, sound, and original research, strengthen their comprehension of research and research methods, and provide an opportunity for students to develop their effective writing and communication skills for the dissemination of research information, and become creative and self-reliant lifelong consumers of the knowledge. As such, the students will acquire necessary professional development skills to become an integral part of the operations research and computing profession. &lt;br/&gt;&lt;br/&gt;The experience gained through the professional development, the presentation of research, and the interaction with senior professionals in the field will positively affect the students' persistence to obtain a doctoral degree and practice in related fields. The abstracts of accepted posters together with the abstracts for other presentations will be published on the conference website. Students will also have the option to submit a paper to be reviewed for inclusions in the conference proceedings. If successful, the efforts supported by this grant will increase the number and diversity of operations research and computing professionals. The interaction of the students with known professionals in the field along with other students will assist in developing a network of colleagues to provide guidance to advance their careers.</AbstractNarration>
    <MinAmdLetterDate>01/31/2014</MinAmdLetterDate>
    <MaxAmdLetterDate>01/31/2014</MaxAmdLetterDate>
    <ARRAAmount/>
    <AwardID>1416675</AwardID>
    <Investigator>
      <FirstName>Xi</FirstName>
      <LastName>Chen</LastName>
      <EmailAddress>xchen4@vcu.edu</EmailAddress>
      <StartDate>01/31/2014</StartDate>
      <EndDate/>
      <RoleCode>Principal Investigator</RoleCode>
    </Investigator>
    <Investigator>
      <FirstName>James</FirstName>
      <LastName>Brooks</LastName>
      <EmailAddress>jpbrooks@vcu.edu</EmailAddress>
      <StartDate>01/31/2014</StartDate>
      <EndDate/>
      <RoleCode>Co-Principal Investigator</RoleCode>
    </Investigator>
    <Institution>
      <Name>Virginia Commonwealth University</Name>
      <CityName>RICHMOND</CityName>
      <ZipCode>232980568</ZipCode>
      <PhoneNumber>8048286772</PhoneNumber>
      <StreetAddress>P.O. Box 980568</StreetAddress>
      <CountryName>United States</CountryName>
      <StateName>Virginia</StateName>
      <StateCode>VA</StateCode>
    </Institution>
    <ProgramElement>
      <Code>1786</Code>
      <Text>MANFG ENTERPRISE SYSTEMS</Text>
    </ProgramElement>
    <ProgramElement>
      <Code>1787</Code>
      <Text>SERVICE ENTERPRISE SYSTEMS</Text>
    </ProgramElement>
    <ProgramElement>
      <Code>5514</Code>
      <Text>OPERATIONS RESEARCH</Text>
    </ProgramElement>
    <ProgramReference>
      <Code>071E</Code>
      <Text>MFG ENTERPRISE OPERATIONS</Text>
    </ProgramReference>
    <ProgramReference>
      <Code>072E</Code>
      <Text>NETWORKS &amp; QUEUING SYSTEMS</Text>
    </ProgramReference>
    <ProgramReference>
      <Code>073E</Code>
      <Text>OPTIMIZATION &amp; DECISION MAKING</Text>
    </ProgramReference>
    <ProgramReference>
      <Code>077E</Code>
      <Text>SIMULATION MODELS</Text>
    </ProgramReference>
    <ProgramReference>
      <Code>078E</Code>
      <Text>ENTERPRISE DESIGN &amp; LOGISTICS</Text>
    </ProgramReference>
    <ProgramReference>
      <Code>1786</Code>
      <Text>MANFG ENTERPRISE SYSTEMS</Text>
    </ProgramReference>
    <ProgramReference>
      <Code>1787</Code>
      <Text>SERVICE ENTERPRISE SYSTEMS</Text>
    </ProgramReference>
    <ProgramReference>
      <Code>5514</Code>
      <Text>OPERATIONS RESEARCH</Text>
    </ProgramReference>
    <ProgramReference>
      <Code>7556</Code>
      <Text>CONFERENCE AND WORKSHOPS</Text>
    </ProgramReference>
    <ProgramReference>
      <Code>9102</Code>
      <Text>WOMEN, MINORITY, DISABLED, NEC</Text>
    </ProgramReference>
  </Award>
</rootTag>
