<?xml version="1.0" encoding="UTF-8"?>

<rootTag>
  <Award>
    <AwardTitle>Developing a Student Centered Assessment for General Chemistry</AwardTitle>
    <AwardEffectiveDate>11/05/2013</AwardEffectiveDate>
    <AwardExpirationDate>07/31/2014</AwardExpirationDate>
    <AwardAmount>73528</AwardAmount>
    <AwardInstrument>
      <Value>Standard Grant</Value>
    </AwardInstrument>
    <Organization>
      <Code>11040200</Code>
      <Directorate>
        <LongName>Directorate for Education &amp; Human Resources</LongName>
      </Directorate>
      <Division>
        <LongName>Division of Undergraduate Education</LongName>
      </Division>
    </Organization>
    <ProgramOfficer>
      <SignBlockName>Dawn Rickey</SignBlockName>
    </ProgramOfficer>
    <AbstractNarration>Chemistry (12)&lt;br/&gt;&lt;br/&gt;This project is developing a set of valid and reliable alternative assessments for general chemistry called Creative Exercises (CEs), which provide the stem of a problem but not the question, and then ask the student to generate as many independent correct statements about the problem as possible. The student therefore determines what statements are related to the original prompt, that are correct and distinct, and that are also relevant to the material presented in general chemistry. CEs hold the potential to engage students in alternative forms of assessment that may promote learning retention and mitigate test anxiety, and to provide instructors with additional measures of how students represent their understanding of chemistry. The CEs are being integrated into exams in general chemistry courses at five different colleges and universities in Georgia, with two iterations of studying and improving the items, their implementation, and how to score them reliably. The research includes the study of validity, reliability and bias in assessing student learning via CEs in general chemistry. Additionally, the project is investigating potential benefits of the use of CEs. To better understand how the CEs measure students' understanding, the project is also conducting a parallel investigation of the associations between student understanding as measured by the CEs and how students represent their understanding using concept maps, to probe students' schemata assuming a cognitive constructivist model. The resources being developed include a psychometrically sound set of assessments and rubrics for scoring them. These resources are being shared with educators through peer-reviewed publications, presentations at professional meetings, and online databases that feature materials for chemistry instruction. The project is also offering workshops for STEM faculty presenting alternative assessments at each of the five collaborating institutions during the summer of the third year of the project.</AbstractNarration>
    <MinAmdLetterDate>02/04/2014</MinAmdLetterDate>
    <MaxAmdLetterDate>02/04/2014</MaxAmdLetterDate>
    <ARRAAmount/>
    <AwardID>1416006</AwardID>
    <Investigator>
      <FirstName>Scott</FirstName>
      <LastName>Lewis</LastName>
      <EmailAddress>slewis@usf.edu</EmailAddress>
      <StartDate>02/04/2014</StartDate>
      <EndDate/>
      <RoleCode>Principal Investigator</RoleCode>
    </Investigator>
    <Institution>
      <Name>University of South Florida</Name>
      <CityName>Tampa</CityName>
      <ZipCode>336129446</ZipCode>
      <PhoneNumber>8139745465</PhoneNumber>
      <StreetAddress>3702 Spectrum Blvd.</StreetAddress>
      <CountryName>United States</CountryName>
      <StateName>Florida</StateName>
      <StateCode>FL</StateCode>
    </Institution>
    <ProgramElement>
      <Code>1536</Code>
      <Text>S-STEM:SCHLR SCI TECH ENG&amp;MATH</Text>
    </ProgramElement>
    <ProgramElement>
      <Code>7494</Code>
      <Text>CCLI-Type 1 (Exploratory)</Text>
    </ProgramElement>
    <ProgramReference>
      <Code>9178</Code>
      <Text>UNDERGRADUATE EDUCATION</Text>
    </ProgramReference>
    <ProgramReference>
      <Code>SMET</Code>
      <Text>SCIENCE, MATH, ENG &amp; TECH EDUCATION</Text>
    </ProgramReference>
  </Award>
</rootTag>
