<?xml version="1.0" encoding="UTF-8"?>

<rootTag>
  <Award>
    <AwardTitle>Interagency Agreement (IAA) between the National Science Foundation and the Library of Congress. FEDLINK</AwardTitle>
    <AwardEffectiveDate>12/15/2013</AwardEffectiveDate>
    <AwardExpirationDate>04/30/2015</AwardExpirationDate>
    <AwardAmount>378578</AwardAmount>
    <AwardInstrument>
      <Value>Contract Interagency Agreement</Value>
    </AwardInstrument>
    <Organization>
      <Code>02060100</Code>
      <Directorate>
        <LongName>Office of Information &amp; Resource Management</LongName>
      </Directorate>
      <Division>
        <LongName>Division of Administrative Services</LongName>
      </Division>
    </Organization>
    <ProgramOfficer>
      <SignBlockName>William Hart</SignBlockName>
    </ProgramOfficer>
    <AbstractNarration/>
    <MinAmdLetterDate>12/16/2013</MinAmdLetterDate>
    <MaxAmdLetterDate>03/06/2014</MaxAmdLetterDate>
    <ARRAAmount/>
    <AwardID>1417389</AwardID>
    <Investigator>
      <FirstName>Kathryn</FirstName>
      <LastName>Mendenhall</LastName>
      <EmailAddress>fliccffo@loc.gov</EmailAddress>
      <StartDate>12/16/2013</StartDate>
      <EndDate/>
      <RoleCode>Principal Investigator</RoleCode>
    </Investigator>
    <Institution>
      <Name>Library of Congress</Name>
      <CityName>Washington</CityName>
      <ZipCode>200245105</ZipCode>
      <PhoneNumber/>
      <StreetAddress>10 First Street, S.E.</StreetAddress>
      <CountryName>United States</CountryName>
      <StateName>District of Columbia</StateName>
      <StateCode>DC</StateCode>
    </Institution>
    <ProgramElement>
      <Code>0601</Code>
      <Text></Text>
    </ProgramElement>
  </Award>
</rootTag>
