<?xml version="1.0" encoding="UTF-8"?>

<rootTag>
  <Award>
    <AwardTitle>EarthCube Domain Workshop: Data Facilities</AwardTitle>
    <AwardEffectiveDate>01/15/2014</AwardEffectiveDate>
    <AwardExpirationDate>12/31/2014</AwardExpirationDate>
    <AwardAmount>93147</AwardAmount>
    <AwardInstrument>
      <Value>Standard Grant</Value>
    </AwardInstrument>
    <Organization>
      <Code>06010000</Code>
      <Directorate>
        <LongName>Directorate for Geosciences</LongName>
      </Directorate>
      <Division>
        <LongName>Integrative and Collaborative Education and Research (ICER)</LongName>
      </Division>
    </Organization>
    <ProgramOfficer>
      <SignBlockName>Eva E. Zanzerkia</SignBlockName>
    </ProgramOfficer>
    <AbstractNarration>Data facilities provide a key resource in the pursuit of innovative scientific research by&lt;br/&gt;aggregating, preserving, and disseminating large quantities of data sets, including highly&lt;br/&gt;complex petabyte scale data to more simple metadata catalogs. The proposed workshop provides&lt;br/&gt;a forum for leaders from these facilities, regardless of scale, type or format of data, to&lt;br/&gt;gather and discuss commonalities and collaborative solutions to the increasing challenges&lt;br/&gt;associated with providing data access for researchers. In addition, this workshop will act&lt;br/&gt;as a key end-user Assembly Group during the EarthCube Test Enterprise Governance process to&lt;br/&gt;identify decision making processes and governance models that are most applicable to the geoscience&lt;br/&gt;data facilities.&lt;br/&gt;&lt;br/&gt;A steering committee of experts from across the Geosciences, including Atmosphere, Oceans,&lt;br/&gt;and Earth Sciences will act to identify key participants and create a quality agenda. Social&lt;br/&gt;scientists will be utilized to ensure developmental evaluation and learning loops are incorporated&lt;br/&gt;into the agenda; this includes the construction of key scenarios and exercises for discussion&lt;br/&gt;and breakout groups.&lt;br/&gt;&lt;br/&gt;Results of the meeting will include a set of common and unique requirements and challenges&lt;br/&gt;associated with the communication, collaboration, interoperability, and governance structures&lt;br/&gt;required to ensure that the capabilities and opportunities of existing and emerging NSF/GEO&lt;br/&gt;facilities are incorporated into the EarthCube concept.</AbstractNarration>
    <MinAmdLetterDate>01/16/2014</MinAmdLetterDate>
    <MaxAmdLetterDate>01/16/2014</MaxAmdLetterDate>
    <ARRAAmount/>
    <AwardID>1417948</AwardID>
    <Investigator>
      <FirstName>M. Lee</FirstName>
      <LastName>Allison</LastName>
      <EmailAddress>lee.allison@azgs.az.gov</EmailAddress>
      <StartDate>01/16/2014</StartDate>
      <EndDate/>
      <RoleCode>Principal Investigator</RoleCode>
    </Investigator>
    <Investigator>
      <FirstName>Jennifer</FirstName>
      <LastName>Arrigo</LastName>
      <EmailAddress>jarrigo@cuahsi.org</EmailAddress>
      <StartDate>01/16/2014</StartDate>
      <EndDate/>
      <RoleCode>Co-Principal Investigator</RoleCode>
    </Investigator>
    <Investigator>
      <FirstName>Cynthia</FirstName>
      <LastName>Chandler</LastName>
      <EmailAddress>cchandler@whoi.edu</EmailAddress>
      <StartDate>01/16/2014</StartDate>
      <EndDate/>
      <RoleCode>Co-Principal Investigator</RoleCode>
    </Investigator>
    <Investigator>
      <FirstName>Kerstin</FirstName>
      <LastName>Lehnert</LastName>
      <EmailAddress>lehnert@ldeo.columbia.edu</EmailAddress>
      <StartDate>01/16/2014</StartDate>
      <EndDate/>
      <RoleCode>Co-Principal Investigator</RoleCode>
    </Investigator>
    <Institution>
      <Name>Arizona Geological Survey</Name>
      <CityName>Tucson</CityName>
      <ZipCode>857011381</ZipCode>
      <PhoneNumber>5207703500</PhoneNumber>
      <StreetAddress>416 W. Congress St, #100</StreetAddress>
      <CountryName>United States</CountryName>
      <StateName>Arizona</StateName>
      <StateCode>AZ</StateCode>
    </Institution>
    <ProgramElement>
      <Code>8074</Code>
      <Text>EarthCube</Text>
    </ProgramElement>
    <ProgramReference>
      <Code>7433</Code>
      <Text>CyberInfra Frmwrk 21st (CIF21)</Text>
    </ProgramReference>
  </Award>
</rootTag>
