<?xml version="1.0" encoding="UTF-8"?>

<rootTag>
  <Award>
    <AwardTitle>The Effects of Pre-Disaster Recovery Plans on Post-Disaster Recovery Among Socially Vulnerable Populations</AwardTitle>
    <AwardEffectiveDate>01/01/2014</AwardEffectiveDate>
    <AwardExpirationDate>08/31/2014</AwardExpirationDate>
    <AwardAmount>83085</AwardAmount>
    <AwardInstrument>
      <Value>Continuing grant</Value>
    </AwardInstrument>
    <Organization>
      <Code>07030000</Code>
      <Directorate>
        <LongName>Directorate for Engineering</LongName>
      </Directorate>
      <Division>
        <LongName>Division of Civil, Mechanical, and Manufacturing Innovation</LongName>
      </Division>
    </Organization>
    <ProgramOfficer>
      <SignBlockName>Dennis Wenger</SignBlockName>
    </ProgramOfficer>
    <AbstractNarration>This study will document the prevalence, type and quality of recovery plans in coastal counties throughout the southeastern U.S. and examine the effectiveness of recovery plans in reducing vulnerability to disasters. Disasters disrupt communities and people's lives. Socially vulnerable groups, including women, racial and ethnic minorities, the elderly, poor and persons living with disabilities may suffer disproportionately from disasters. This may be in part because these groups do not participate in the disaster planning process or because their unique needs are not typically addressed in disaster plans. &lt;br/&gt;&lt;br/&gt;An inclusive planning process that includes public participation and engagement of socially vulnerable groups will lead to higher quality recovery plans. Higher quality plans will, in turn, lead to more disaster resilient communities. A resilient community faces future disasters with reduced vulnerability, fewer inequities and a more sustainable future. Research findings will also be translated into practice though partnership with a demonstration community.</AbstractNarration>
    <MinAmdLetterDate>03/21/2014</MinAmdLetterDate>
    <MaxAmdLetterDate>03/21/2014</MaxAmdLetterDate>
    <ARRAAmount/>
    <AwardID>1418398</AwardID>
    <Investigator>
      <FirstName>Jennifer</FirstName>
      <LastName>Horney</LastName>
      <EmailAddress>jen.horney@tamu.edu</EmailAddress>
      <StartDate>03/21/2014</StartDate>
      <EndDate/>
      <RoleCode>Principal Investigator</RoleCode>
    </Investigator>
    <Institution>
      <Name>The Texas A&amp;M University System HSC</Name>
      <CityName>College Station</CityName>
      <ZipCode>778431114</ZipCode>
      <PhoneNumber>9798458600</PhoneNumber>
      <StreetAddress>1114 TAMU</StreetAddress>
      <CountryName>United States</CountryName>
      <StateName>Texas</StateName>
      <StateCode>TX</StateCode>
    </Institution>
    <ProgramElement>
      <Code>1638</Code>
      <Text>INFRAST MGMT &amp; EXTREME EVENTS</Text>
    </ProgramElement>
    <ProgramReference>
      <Code>041E</Code>
      <Text>HAZARD AND DISASTER REDUCTION</Text>
    </ProgramReference>
    <ProgramReference>
      <Code>042E</Code>
      <Text>HAZARD AND DISASTER RESPONSE</Text>
    </ProgramReference>
    <ProgramReference>
      <Code>9102</Code>
      <Text>WOMEN, MINORITY, DISABLED, NEC</Text>
    </ProgramReference>
  </Award>
</rootTag>
