<?xml version="1.0" encoding="UTF-8"?>

<rootTag>
  <Award>
    <AwardTitle>EAGER: BP: WeJam: A Feasibility Study of Programmable Instrument Design to Broaden Participation in Computing</AwardTitle>
    <AwardEffectiveDate>03/01/2014</AwardEffectiveDate>
    <AwardExpirationDate>02/29/2016</AwardExpirationDate>
    <AwardAmount>229763</AwardAmount>
    <AwardInstrument>
      <Value>Standard Grant</Value>
    </AwardInstrument>
    <Organization>
      <Code>05050000</Code>
      <Directorate>
        <LongName>Directorate for Computer &amp; Information Science &amp; Engineering</LongName>
      </Directorate>
      <Division>
        <LongName>Division of Computer and Network Systems</LongName>
      </Division>
    </Organization>
    <ProgramOfficer>
      <SignBlockName>Jeffrey Forbes</SignBlockName>
    </ProgramOfficer>
    <AbstractNarration>Tufts University will explore the feasibility of engineering instruments for audio composition to broaden participation in computing and engineering design. The Tufts project staff, in collaboration with Dr. Rebecca Fiebrink at Goldsmiths College, University of London, will investigate how participation in the development and use of a programmable instrument construction toolkit for audio composition and accompanying pedagogy can increase interest, engagement, and learning by underrepresented youth females, African-Americans, and Latinos in computing and physical engineering. The team will develop and evaluate physical and virtual kits that enable teens to design and build their own physical input devices, then to program electronic synthesizers that translate manipulations of those devices into audio compositions. WeJam uses design-based research, incorporating methods from participatory design and the learning sciences, to investigate how to refine these tools and the pedagogical activities that draw upon them in order to maximize interest, enjoyment, and learning by the target populations.</AbstractNarration>
    <MinAmdLetterDate>02/26/2014</MinAmdLetterDate>
    <MaxAmdLetterDate>02/26/2014</MaxAmdLetterDate>
    <ARRAAmount/>
    <AwardID>1418463</AwardID>
    <Investigator>
      <FirstName>R. Benjamin</FirstName>
      <LastName>Shapiro</LastName>
      <EmailAddress>ben@cs.tufts.edu</EmailAddress>
      <StartDate>02/26/2014</StartDate>
      <EndDate/>
      <RoleCode>Principal Investigator</RoleCode>
    </Investigator>
    <Investigator>
      <FirstName>Paul</FirstName>
      <LastName>Lehrman</LastName>
      <EmailAddress>paul.lehrman@tufts.edu</EmailAddress>
      <StartDate>02/26/2014</StartDate>
      <EndDate/>
      <RoleCode>Co-Principal Investigator</RoleCode>
    </Investigator>
    <Institution>
      <Name>Tufts University</Name>
      <CityName>Medford</CityName>
      <ZipCode>021555807</ZipCode>
      <PhoneNumber>6176273417</PhoneNumber>
      <StreetAddress>20 Professors Row</StreetAddress>
      <CountryName>United States</CountryName>
      <StateName>Massachusetts</StateName>
      <StateCode>MA</StateCode>
    </Institution>
    <ProgramElement>
      <Code>7382</Code>
      <Text>Computing Ed for 21st Century</Text>
    </ProgramElement>
    <ProgramReference>
      <Code>7579</Code>
      <Text>Broadening Participation (BP)</Text>
    </ProgramReference>
    <ProgramReference>
      <Code>7916</Code>
      <Text>EAGER</Text>
    </ProgramReference>
  </Award>
</rootTag>
