<?xml version="1.0" encoding="UTF-8"?>

<rootTag>
  <Award>
    <AwardTitle>EAGER: Exploring the Potential of "Native Client" for Computational Science</AwardTitle>
    <AwardEffectiveDate>02/01/2014</AwardEffectiveDate>
    <AwardExpirationDate>01/31/2015</AwardExpirationDate>
    <AwardAmount>35923</AwardAmount>
    <AwardInstrument>
      <Value>Standard Grant</Value>
    </AwardInstrument>
    <Organization>
      <Code>05090000</Code>
      <Directorate>
        <LongName>Directorate for Computer &amp; Information Science &amp; Engineering</LongName>
      </Directorate>
      <Division>
        <LongName>Division of Advanced CyberInfrastructure</LongName>
      </Division>
    </Organization>
    <ProgramOfficer>
      <SignBlockName>Robert Chadduck</SignBlockName>
    </ProgramOfficer>
    <AbstractNarration>This EAGER proposal is to test the usability and affordability of a new form of cloud service for providing more cost effective computational resources for certain types of research computations. The cloud service is Google's "Exacycle" cloud using their "Native Client"("NaCl") programming model which can be offered comparatively inexpensively because of its constrained demands on the overall Exacycle system's resources. The usability component of the test will determine the ease with which applications can be ported to the NaCl programming mode. The affordability depends on the application's relative demands for computation, memory, data storage, and data communication. The PI has selected a specific, scientifically important application for this test as representative of applications with suitable system demands. If successful, this new form of service can provide substantial additional computational resources cost-effectively by utilizing otherwise unused capabilities of a very large, commercial cloud.</AbstractNarration>
    <MinAmdLetterDate>01/15/2014</MinAmdLetterDate>
    <MaxAmdLetterDate>01/15/2014</MaxAmdLetterDate>
    <ARRAAmount/>
    <AwardID>1419547</AwardID>
    <Investigator>
      <FirstName>Nicholas</FirstName>
      <LastName>Nystrom</LastName>
      <EmailAddress>nystrom@psc.edu</EmailAddress>
      <StartDate>01/15/2014</StartDate>
      <EndDate/>
      <RoleCode>Principal Investigator</RoleCode>
    </Investigator>
    <Institution>
      <Name>Carnegie-Mellon University</Name>
      <CityName>PITTSBURGH</CityName>
      <ZipCode>152133815</ZipCode>
      <PhoneNumber>4122689527</PhoneNumber>
      <StreetAddress>5000 Forbes Avenue</StreetAddress>
      <CountryName>United States</CountryName>
      <StateName>Pennsylvania</StateName>
      <StateCode>PA</StateCode>
    </Institution>
    <ProgramElement>
      <Code>7619</Code>
      <Text>EQUIPMENT ACQUISITIONS</Text>
    </ProgramElement>
    <ProgramReference>
      <Code>7916</Code>
      <Text>EAGER</Text>
    </ProgramReference>
  </Award>
</rootTag>
