<?xml version="1.0" encoding="UTF-8"?>

<rootTag>
  <Award>
    <AwardTitle>Layer-by-Layer Assemblies: Science and Technology Conference</AwardTitle>
    <AwardEffectiveDate>05/01/2014</AwardEffectiveDate>
    <AwardExpirationDate>04/30/2015</AwardExpirationDate>
    <AwardAmount>4000</AwardAmount>
    <AwardInstrument>
      <Value>Standard Grant</Value>
    </AwardInstrument>
    <Organization>
      <Code>03070000</Code>
      <Directorate>
        <LongName>Directorate for Mathematical &amp; Physical Sciences</LongName>
      </Directorate>
      <Division>
        <LongName>Division of Materials Research</LongName>
      </Division>
    </Organization>
    <ProgramOfficer>
      <SignBlockName>Freddy A. Khoury</SignBlockName>
    </ProgramOfficer>
    <AbstractNarration>TECHNICAL AND NONTECHNICAL ABSTRACT&lt;br/&gt;The planned program for this Layer-by-Layer: Science and Technology Conference offers a comprehensive and high level expert coverage of new fundamental advances and applications in the field of layer-by-layer assembled materials. Emphasis on the participation of industrial scientist and engineers promises to effectively enhance academy-to-industry transference of expertise. The training of future practitioners and leaders in the field is afforded by the encouraged participation of postdocs and graduate students.</AbstractNarration>
    <MinAmdLetterDate>01/31/2014</MinAmdLetterDate>
    <MaxAmdLetterDate>01/31/2014</MaxAmdLetterDate>
    <ARRAAmount/>
    <AwardID>1419717</AwardID>
    <Investigator>
      <FirstName>Svetlana</FirstName>
      <LastName>Sukhishvili</LastName>
      <EmailAddress>ssukhish@stevens.edu</EmailAddress>
      <StartDate>01/31/2014</StartDate>
      <EndDate/>
      <RoleCode>Principal Investigator</RoleCode>
    </Investigator>
    <Institution>
      <Name>Stevens Institute of Technology</Name>
      <CityName>HOBOKEN</CityName>
      <ZipCode>070305991</ZipCode>
      <PhoneNumber>2012168762</PhoneNumber>
      <StreetAddress>CASTLE POINT ON HUDSON</StreetAddress>
      <CountryName>United States</CountryName>
      <StateName>New Jersey</StateName>
      <StateCode>NJ</StateCode>
    </Institution>
    <ProgramElement>
      <Code>1773</Code>
      <Text>POLYMERS</Text>
    </ProgramElement>
  </Award>
</rootTag>
