<?xml version="1.0" encoding="UTF-8"?>

<rootTag>
  <Award>
    <AwardTitle>Human Subjects Protection in the Digital Age</AwardTitle>
    <AwardEffectiveDate>03/15/2014</AwardEffectiveDate>
    <AwardExpirationDate>02/28/2015</AwardExpirationDate>
    <AwardAmount>279480</AwardAmount>
    <AwardInstrument>
      <Value>Standard Grant</Value>
    </AwardInstrument>
    <Organization>
      <Code>11090000</Code>
      <Directorate>
        <LongName>Directorate for Education &amp; Human Resources</LongName>
      </Directorate>
      <Division>
        <LongName>Division of Research on Learning in Formal and Informal Settings (DRL)</LongName>
      </Division>
    </Organization>
    <ProgramOfficer>
      <SignBlockName>Edith Gummer</SignBlockName>
    </ProgramOfficer>
    <AbstractNarration>This project will convene a panel of experts in government, industry and academia to raise and discuss emerging concerns for human subjects' protections in the digital age. Learners taking part in formal education, informal education, and out-of-school settings are subject to a ubiquitous tracking of their activities: locally, using the internet of things (e.g., smart phones, smart sensors and other cyberphysical devices), and globally, via the internet. This tracking may include data tracked passively (e.g., online purchases) or data made available on social media websites by the learners themselves. In addition, the use of the longitudinal data collected by local educational agencies for research is an increasingly political concern. Decisions about the use of these data by university researchers and scholars are typically made by Institutional Review Board (IRB) offices. New guidelines on IRB practices are being considered by a number of bodies, including the National Research Council, which issued a report in early 2014. &lt;br/&gt;&lt;br/&gt;This project will support scholarly discussion on human subjects' protections in the digital age with implications for funding agencies, schools, and those who work with human subjects in a variety of environments. The issues discussed are of national import, including, but not limited to FERPA privacy concerns. To the extent that US researchers work with data from other countries (e.g., via massive open online courses or MOOCs), the impact of the reports that will be produced as part of this conference for education research is potentially global.</AbstractNarration>
    <MinAmdLetterDate>03/10/2014</MinAmdLetterDate>
    <MaxAmdLetterDate>03/10/2014</MaxAmdLetterDate>
    <ARRAAmount/>
    <AwardID>1419055</AwardID>
    <Investigator>
      <FirstName>Anthony</FirstName>
      <LastName>Kelly</LastName>
      <EmailAddress>akelly1@gmu.edu</EmailAddress>
      <StartDate>03/10/2014</StartDate>
      <EndDate/>
      <RoleCode>Principal Investigator</RoleCode>
    </Investigator>
    <Institution>
      <Name>George Mason University</Name>
      <CityName>FAIRFAX</CityName>
      <ZipCode>220304422</ZipCode>
      <PhoneNumber>7039932295</PhoneNumber>
      <StreetAddress>4400 UNIVERSITY DR</StreetAddress>
      <CountryName>United States</CountryName>
      <StateName>Virginia</StateName>
      <StateCode>VA</StateCode>
    </Institution>
    <ProgramElement>
      <Code>7645</Code>
      <Text>DISCOVERY RESEARCH K-12</Text>
    </ProgramElement>
    <ProgramElement>
      <Code>7625</Code>
      <Text>REAL</Text>
    </ProgramElement>
    <ProgramElement>
      <Code>7261</Code>
      <Text>PROGRAM EVALUATION</Text>
    </ProgramElement>
    <ProgramReference>
      <Code>SMET</Code>
      <Text>SCIENCE, MATH, ENG &amp; TECH EDUCATION</Text>
    </ProgramReference>
    <ProgramReference>
      <Code>7916</Code>
      <Text>EAGER</Text>
    </ProgramReference>
    <ProgramReference>
      <Code>9177</Code>
      <Text>ELEMENTARY/SECONDARY EDUCATION</Text>
    </ProgramReference>
  </Award>
</rootTag>
