<?xml version="1.0" encoding="UTF-8"?>

<rootTag>
  <Award>
    <AwardTitle>Relative sea-level changes from near-, intermediate- and far-field locations and their implications for geophysical modeling and 20th century ice sheet-ocean interactions</AwardTitle>
    <AwardEffectiveDate>02/15/2014</AwardEffectiveDate>
    <AwardExpirationDate>03/31/2015</AwardExpirationDate>
    <AwardAmount>41133</AwardAmount>
    <AwardInstrument>
      <Value>Standard Grant</Value>
    </AwardInstrument>
    <Organization>
      <Code>06030206</Code>
      <Directorate>
        <LongName>Directorate for Geosciences</LongName>
      </Directorate>
      <Division>
        <LongName>Division of Earth Sciences</LongName>
      </Division>
    </Organization>
    <ProgramOfficer>
      <SignBlockName>Jessica H. Robin</SignBlockName>
    </ProgramOfficer>
    <AbstractNarration>The goal of this research is to synthesize a database of sea-level observations in a systematic and rigorous fashion for the Atlantic coast of North America, Bermuda and the Caribbean for the last 20,000 years. The database will facilitate the interpretation of relative sea-level (RSL) change on a regional scale and enable the tuning and refinement of Earth system models that focus on predicting RSL change and its spatial variability. The database consists of 60 study locations, permitting a suite of geophysical parameters to be constrained. Earth?s lower mantle viscosity will be defined by near-field and ice-margin RSL data from the Atlantic coast of Canada and northeastern United States while the upper mantle viscosity will be reliant on intermediate-field RSL data from the mid Atlantic. Far-field RSL data from the southern United States and Caribbean will constrain ice-equivalent meltwater input. The database will be further used to decontaminate 20th century rates of sea-level rise from tides gauges to reveal spatial variability related to ocean mass and volume changes.&lt;br/&gt;At the heart of this project is a database of sea level from North America (the Atlantic coast of Canada and the United States) and the Caribbean that stretches back 20,000 years. This will be significant to a number of disciplines in the Earth sciences. For example, careful reconstruction of sea levels from the past will reveal the contribution from land-based ice to sea-level change during deglaciation after the last ice age. In addition, the data will provide vital constraints on key parameters in geophysical models of the Earth that are used in a variety of other applications (e.g., plate tectonics, glaciology and paleoclimate). Overall, the observations will extend the time range of comparisons with historical and present-day changes. Consequently, this research promises to increase our understanding of the driving mechanisms of sea level change and enhance our predictions of 21st century sea-level rise. The research will also provide an important and unique contribution to the assessment of national hazards with respect to sea-level rise and coastal responses.</AbstractNarration>
    <MinAmdLetterDate>02/10/2014</MinAmdLetterDate>
    <MaxAmdLetterDate>02/10/2014</MaxAmdLetterDate>
    <ARRAAmount/>
    <AwardID>1419366</AwardID>
    <Investigator>
      <FirstName>Benjamin</FirstName>
      <LastName>Horton</LastName>
      <EmailAddress>bphorton@marine.rutgers.edu</EmailAddress>
      <StartDate>02/10/2014</StartDate>
      <EndDate/>
      <RoleCode>Principal Investigator</RoleCode>
    </Investigator>
    <Institution>
      <Name>Rutgers University New Brunswick</Name>
      <CityName>NEW BRUNSWICK</CityName>
      <ZipCode>089018559</ZipCode>
      <PhoneNumber>8489320150</PhoneNumber>
      <StreetAddress>3 RUTGERS PLAZA</StreetAddress>
      <CountryName>United States</CountryName>
      <StateName>New Jersey</StateName>
      <StateCode>NJ</StateCode>
    </Institution>
    <ProgramElement>
      <Code>1574</Code>
      <Text>GEOPHYSICS</Text>
    </ProgramElement>
    <ProgramElement>
      <Code>7458</Code>
      <Text>GEOMORPHOLOGY &amp; LAND USE DYNAM</Text>
    </ProgramElement>
  </Award>
</rootTag>
