<?xml version="1.0" encoding="UTF-8"?>

<rootTag>
  <Award>
    <AwardTitle>2014 Polymer Physics GRC &amp; GRS</AwardTitle>
    <AwardEffectiveDate>04/15/2014</AwardEffectiveDate>
    <AwardExpirationDate>03/31/2015</AwardExpirationDate>
    <AwardAmount>7500</AwardAmount>
    <AwardInstrument>
      <Value>Standard Grant</Value>
    </AwardInstrument>
    <Organization>
      <Code>03070000</Code>
      <Directorate>
        <LongName>Directorate for Mathematical &amp; Physical Sciences</LongName>
      </Directorate>
      <Division>
        <LongName>Division of Materials Research</LongName>
      </Division>
    </Organization>
    <ProgramOfficer>
      <SignBlockName>Freddy A. Khoury</SignBlockName>
    </ProgramOfficer>
    <AbstractNarration>Technical and Non Technical Abstract:&lt;br/&gt;The Gordon Research Conference (GRC) on Polymer Physics has been held in alternate summers since 1969. It is a premier venue for exchange of scientific thought and advances in the field. The program is designed to extend the well established topics in the field and to introduce the community to emerging areas. The 2014 GRC will include twenty-five lectures grouped in five areas: dynamics of polymer melts and glasses; crystallization and self-assembly; interfacial, surface, and nanoconfinement effects; interactions in biomacromolecular systems; and polymers for energy and electronic applications. The associated Gordon Research Seminar provides a complementary venue for graduate students and postdoctoral researchers to present their work, interact with one another and senior mentors, thus cultivating scientific exchange and their development towards fruitful careers in the field.</AbstractNarration>
    <MinAmdLetterDate>01/17/2014</MinAmdLetterDate>
    <MaxAmdLetterDate>01/17/2014</MaxAmdLetterDate>
    <ARRAAmount/>
    <AwardID>1419582</AwardID>
    <Investigator>
      <FirstName>Sindee</FirstName>
      <LastName>Simon</LastName>
      <EmailAddress>Sindee.Simon@ttu.edu</EmailAddress>
      <StartDate>01/17/2014</StartDate>
      <EndDate/>
      <RoleCode>Principal Investigator</RoleCode>
    </Investigator>
    <Institution>
      <Name>Gordon Research Conferences</Name>
      <CityName>West Kingston</CityName>
      <ZipCode>028920000</ZipCode>
      <PhoneNumber>4017834011</PhoneNumber>
      <StreetAddress>512 Liberty Lane</StreetAddress>
      <CountryName>United States</CountryName>
      <StateName>Rhode Island</StateName>
      <StateCode>RI</StateCode>
    </Institution>
    <ProgramElement>
      <Code>1773</Code>
      <Text>POLYMERS</Text>
    </ProgramElement>
    <ProgramReference>
      <Code>9150</Code>
      <Text>EXP PROG TO STIM COMP RES</Text>
    </ProgramReference>
  </Award>
</rootTag>
