<?xml version="1.0" encoding="UTF-8"?>

<rootTag>
  <Award>
    <AwardTitle>EarthCube Domain End-User Workshop: Science-Driven Cyberinfrastructure Needs in Solar-Terrestrial Research; Newark, New Jersey; Spring 2014</AwardTitle>
    <AwardEffectiveDate>03/01/2014</AwardEffectiveDate>
    <AwardExpirationDate>02/28/2015</AwardExpirationDate>
    <AwardAmount>99979</AwardAmount>
    <AwardInstrument>
      <Value>Standard Grant</Value>
    </AwardInstrument>
    <Organization>
      <Code>06020203</Code>
      <Directorate>
        <LongName>Directorate for Geosciences</LongName>
      </Directorate>
      <Division>
        <LongName>Division of Atmospheric and Geospace Sciences</LongName>
      </Division>
    </Organization>
    <ProgramOfficer>
      <SignBlockName>Ilia I. Roussev</SignBlockName>
    </ProgramOfficer>
    <AbstractNarration>The purpose of this 1-year project is to organize a 2.5-day EarthCube Workshop that brings together experts in observations, theory, data analysis, data-driven 3D modeling, data management and high performance computing of the Sun-Earth system. The goal is to identify the current challenges and cyberinfrastructure needs related the access, sharing, visualization and synthesis of the existing and future large, multi-wavelength datasets covering solar-terrestrial observations and modeling all the way from the surface of the Sun to the Earth's upper atmosphere. The intellectual merit of this activity will materialize in two ways. The workshop will introduce the solar-terrestrial community to the general vision behind the EarthCube framework while providing consensus feedback from this community to the EarthCube initiative. The scientific challenges and related cyberinfrastructure needs identified during this workshop will drive subsequent activities aiming to implement cyberinfrastructure solutions. These activities will result in expanding the computing infrastructure of the participating universities and accommodate postdoctoral and graduate student involvement from a wide range of disciplines including physics, computer sciences, and mathematics; thus, these activities will advance discovery and understanding while promoting teaching, training and learning, which will directly impact the students' careers. Such activities will facilitate the transfer of innovative data analysis, data visualization, and data-driven modeling techniques to other fields of research that may benefit from a similar framework.</AbstractNarration>
    <MinAmdLetterDate>02/19/2014</MinAmdLetterDate>
    <MaxAmdLetterDate>02/19/2014</MaxAmdLetterDate>
    <ARRAAmount/>
    <AwardID>1419015</AwardID>
    <Investigator>
      <FirstName>Alexander</FirstName>
      <LastName>Kosovichev</LastName>
      <EmailAddress>sasha@quake.stanford.edu</EmailAddress>
      <StartDate>02/19/2014</StartDate>
      <EndDate/>
      <RoleCode>Co-Principal Investigator</RoleCode>
    </Investigator>
    <Investigator>
      <FirstName>Gelu</FirstName>
      <LastName>Nita</LastName>
      <EmailAddress>gnita@njit.edu</EmailAddress>
      <StartDate>02/19/2014</StartDate>
      <EndDate/>
      <RoleCode>Principal Investigator</RoleCode>
    </Investigator>
    <Investigator>
      <FirstName>Dale</FirstName>
      <LastName>Gary</LastName>
      <EmailAddress>dgary@njit.edu</EmailAddress>
      <StartDate>02/19/2014</StartDate>
      <EndDate/>
      <RoleCode>Co-Principal Investigator</RoleCode>
    </Investigator>
    <Investigator>
      <FirstName>Gregory</FirstName>
      <LastName>Fleishman</LastName>
      <EmailAddress>gfleishm@njit.edu</EmailAddress>
      <StartDate>02/19/2014</StartDate>
      <EndDate/>
      <RoleCode>Co-Principal Investigator</RoleCode>
    </Investigator>
    <Investigator>
      <FirstName>Andrew</FirstName>
      <LastName>Gerrard</LastName>
      <EmailAddress>andrew.j.gerrard@njit.edu</EmailAddress>
      <StartDate>02/19/2014</StartDate>
      <EndDate/>
      <RoleCode>Co-Principal Investigator</RoleCode>
    </Investigator>
    <Institution>
      <Name>New Jersey Institute of Technology</Name>
      <CityName>Newark</CityName>
      <ZipCode>071021982</ZipCode>
      <PhoneNumber>9735965275</PhoneNumber>
      <StreetAddress>323 DOCTOR MARTIN LUTHER</StreetAddress>
      <CountryName>United States</CountryName>
      <StateName>New Jersey</StateName>
      <StateCode>NJ</StateCode>
    </Institution>
    <ProgramElement>
      <Code>8074</Code>
      <Text>EarthCube</Text>
    </ProgramElement>
    <ProgramReference>
      <Code>1523</Code>
      <Text>SOLAR-TERRESTRIAL</Text>
    </ProgramReference>
    <ProgramReference>
      <Code>4444</Code>
      <Text>INTERDISCIPLINARY PROPOSALS</Text>
    </ProgramReference>
    <ProgramReference>
      <Code>7433</Code>
      <Text>CyberInfra Frmwrk 21st (CIF21)</Text>
    </ProgramReference>
    <ProgramReference>
      <Code>7556</Code>
      <Text>CONFERENCE AND WORKSHOPS</Text>
    </ProgramReference>
    <ProgramReference>
      <Code>OTHR</Code>
      <Text>OTHER RESEARCH OR EDUCATION</Text>
    </ProgramReference>
  </Award>
</rootTag>
