<?xml version="1.0" encoding="UTF-8"?>

<rootTag>
  <Award>
    <AwardTitle>Using the Tools of Conservation Paleobiology to Assess the Impact of the Engineered Spring-Flood of the Colorado River</AwardTitle>
    <AwardEffectiveDate>03/01/2014</AwardEffectiveDate>
    <AwardExpirationDate>02/28/2015</AwardExpirationDate>
    <AwardAmount>16185</AwardAmount>
    <AwardInstrument>
      <Value>Standard Grant</Value>
    </AwardInstrument>
    <Organization>
      <Code>06030207</Code>
      <Directorate>
        <LongName>Directorate for Geosciences</LongName>
      </Directorate>
      <Division>
        <LongName>Division of Earth Sciences</LongName>
      </Division>
    </Organization>
    <ProgramOfficer>
      <SignBlockName>H. Richard Lane</SignBlockName>
    </ProgramOfficer>
    <AbstractNarration>Using the Tools of Conservation Paleobiology to Assess the Impact of the Engineered Spring-Flood of the Colorado River&lt;br/&gt;By&lt;br/&gt;Gregory P. Dietl, Paleontological Research Institute, EAR-1420978&lt;br/&gt;&lt;br/&gt;ABSTRACT&lt;br/&gt;The over allocation of the Colorado River's water has led to the ecological devastation of its delta and lowermost channel. The Colorado River annually delivered over fifteen million acre-feet (~1.85x1010 m3) of water to its delta but in recent years that number has been zero. In 2012, via a bi-national agreement known as Minute 319, environmental pulse flows equal to approximately 1% of the natural annual river discharge were negotiated by the United States and Mexico to be released over a five-year trial period. While this engineered environmental flow has the potential to be a restoration success story, there is a crucial gap in our knowledge: no studies on the ecology of the molluscan community in the lowermost channel of the river are available to provide a benchmark for evaluating the success of this restoration effort. The first pulse will be released in the early spring of 2014, providing a small window in which to establish a baseline for current conditions. This proposal thus seeks support to use a relatively simple community-based approach - comparison of molluscan living and time-averaged death assemblages - developed by conservation paleobiologists to establish a baseline. The samples collected will provide a unique perspective on the composition of the pre-pulse-flow community that is not available from any other source, which will allow the asking of future questions about the success of the pulse flows.</AbstractNarration>
    <MinAmdLetterDate>03/04/2014</MinAmdLetterDate>
    <MaxAmdLetterDate>03/04/2014</MaxAmdLetterDate>
    <ARRAAmount/>
    <AwardID>1420978</AwardID>
    <Investigator>
      <FirstName>Gregory</FirstName>
      <LastName>Dietl</LastName>
      <EmailAddress>gpd3@cornell.edu</EmailAddress>
      <StartDate>03/04/2014</StartDate>
      <EndDate/>
      <RoleCode>Principal Investigator</RoleCode>
    </Investigator>
    <Institution>
      <Name>Paleontological Research Institute</Name>
      <CityName>Ithaca</CityName>
      <ZipCode>148501313</ZipCode>
      <PhoneNumber>6072736623</PhoneNumber>
      <StreetAddress>1259 Trumansburg Road</StreetAddress>
      <CountryName>United States</CountryName>
      <StateName>New York</StateName>
      <StateCode>NY</StateCode>
    </Institution>
    <ProgramElement>
      <Code>7459</Code>
      <Text>SEDIMENTARY GEO &amp; PALEOBIOLOGY</Text>
    </ProgramElement>
    <ProgramReference>
      <Code>7914</Code>
      <Text>RAPID</Text>
    </ProgramReference>
  </Award>
</rootTag>
