<?xml version="1.0" encoding="UTF-8"?>

<rootTag>
  <Award>
    <AwardTitle>EPSCoR Workshop: A 2014 Workshop on Engineered Crops</AwardTitle>
    <AwardEffectiveDate>03/15/2014</AwardEffectiveDate>
    <AwardExpirationDate>02/29/2016</AwardExpirationDate>
    <AwardAmount>99996</AwardAmount>
    <AwardInstrument>
      <Value>Standard Grant</Value>
    </AwardInstrument>
    <Organization>
      <Code>01060100</Code>
      <Directorate>
        <LongName>OFFICE OF THE DIRECTOR</LongName>
      </Directorate>
      <Division>
        <LongName>Office of International and Integrative Activities</LongName>
      </Division>
    </Organization>
    <ProgramOfficer>
      <SignBlockName>Jeanne Small</SignBlockName>
    </ProgramOfficer>
    <AbstractNarration>Iowa State University (ISU) is organizing a workshop focused on the knowledge, technology, and education needed to engineer agricultural products that are robust under changing climate. The ultimate goal is to develop a research and educational roadmap for engineered crops, of interest to the EPSCoR community because many jurisdictions are rural and have a strong agricultural heritage. The workshop is bringing together plant scientists, with expertise in improving crop performance, and engineers with knowledge of transport phenomena, thermodynamics, and modeling, to unlock the underlying structural and physiological properties of superior plant varieties. Engineering- and physics-based modeling of transport phenomena in plants is still in its infancy, but approximate models have been made and verified experimentally to describe the transport of water and sugar in plants. This workshop provides opportunities for plant scientists and engineers to develop a common language for engineered crops, share ongoing research, form new partnerships, and design the discipline of "plant engineering" - a cyber-enabled framework that will support accelerated crop design with desired optimal performance.&lt;br/&gt;&lt;br/&gt;Intellectual Merit&lt;br/&gt;&lt;br/&gt;Food security is among the top challenges facing humanity. Environmental stresses due to climate change are accelerating the need for plant modifications, either naturally or through genetic engineering. As a step towards addressing these challenges, ISU's workshop focuses on the emergence of engineering design methods rooted in plant physiology and transport phenomena, to develop improved crops with increased yield and/or better tolerance to abiotic stresses caused by climate change. These technologies have reached a stage where fundamental questions about optimal crop phenotypes can be answered, and the answers efficiently translated into crop improvement. The goal of tailoring crops using engineering know-how coupled with genetic engineering is novel, promising, and challenging. Workshop products include a written roadmap summarizing the necessary education, research and development to advance engineered crops, as well as publications, and a website for displaying outcomes.&lt;br/&gt;&lt;br/&gt;Broader Impacts&lt;br/&gt;&lt;br/&gt;There is a constant need to improve the efficiency and yield of global agricultural crop production in order to increase food supply. This workshop at ISU will offer opportunities to scientists and engineers from EPSCoR jurisdictions to develop an interdisciplinary approach towards the design and study of engineered crops. Activities in the workshop will highlight the contributions of agricultural businesses and researchers in EPSCoR jurisdictions to the development of engineered plants, and the education of future researchers able to work in this field. Workshop recruitment efforts focus on junior faculty and students from EPSCoR jurisdictions, including from community colleges and schools in the nearby locale that have high underrepresented minority science, technology, engineering, and mathematics enrollments.</AbstractNarration>
    <MinAmdLetterDate>02/21/2014</MinAmdLetterDate>
    <MaxAmdLetterDate>02/21/2014</MaxAmdLetterDate>
    <ARRAAmount/>
    <AwardID>1420704</AwardID>
    <Investigator>
      <FirstName>Daniel</FirstName>
      <LastName>Attinger</LastName>
      <EmailAddress>attinger@iastate.edu</EmailAddress>
      <StartDate>02/21/2014</StartDate>
      <EndDate/>
      <RoleCode>Co-Principal Investigator</RoleCode>
    </Investigator>
    <Investigator>
      <FirstName>Theodore</FirstName>
      <LastName>Heindel</LastName>
      <EmailAddress>theindel@iastate.edu</EmailAddress>
      <StartDate>02/21/2014</StartDate>
      <EndDate/>
      <RoleCode>Principal Investigator</RoleCode>
    </Investigator>
    <Institution>
      <Name>Iowa State University</Name>
      <CityName>AMES</CityName>
      <ZipCode>500112207</ZipCode>
      <PhoneNumber>5152945225</PhoneNumber>
      <StreetAddress>1138 Pearson</StreetAddress>
      <CountryName>United States</CountryName>
      <StateName>Iowa</StateName>
      <StateCode>IA</StateCode>
    </Institution>
    <ProgramElement>
      <Code>9168</Code>
      <Text>EPSCOR OUTREACH</Text>
    </ProgramElement>
    <ProgramReference>
      <Code>9150</Code>
      <Text>EXP PROG TO STIM COMP RES</Text>
    </ProgramReference>
    <ProgramReference>
      <Code>9168</Code>
      <Text>EPSCOR OUTREACH</Text>
    </ProgramReference>
  </Award>
</rootTag>
