<?xml version="1.0" encoding="UTF-8"?>

<rootTag>
  <Award>
    <AwardTitle>NSF Ideas Labs: Workforce Development in Engineering</AwardTitle>
    <AwardEffectiveDate>02/01/2014</AwardEffectiveDate>
    <AwardExpirationDate>01/31/2015</AwardExpirationDate>
    <AwardAmount>300000</AwardAmount>
    <AwardInstrument>
      <Value>Standard Grant</Value>
    </AwardInstrument>
    <Organization>
      <Code>11040200</Code>
      <Directorate>
        <LongName>Directorate for Education &amp; Human Resources</LongName>
      </Directorate>
      <Division>
        <LongName>Division of Undergraduate Education</LongName>
      </Division>
    </Organization>
    <ProgramOfficer>
      <SignBlockName>Connie K. Della-Piana</SignBlockName>
    </ProgramOfficer>
    <AbstractNarration>This project tests and facilitates a creative problem solving methodology designed to produce radically innovative research agendas. This project establishes a natural experiment to examine a process that develops multi-disciplinary research teams in a novel collaborative process that engages researchers in the development of potentially transformative research-based and research-generating ideas. Specifically, the project adapts a participatory action research (PAR) approach to facilitate the development of a problem solving environment and to study this real world problem solving situation in order to: (1) iteratively examine the complex social and intellectual processes involved in collaboration and in creative problem solving and (2) develop novel interdisciplinary research agendas in undergraduate STEM education that address workforce needs unique to Engineering. Thus, the project's impact has potential for serving as a demonstration of the complex process of collaboration in multi-disciplinary research groups, as a test of social and individual processes involved in collaboration and creative problem solving, and as a means for documenting the development of radically innovative research agendas needed to develop the current and future workforce in Engineering.</AbstractNarration>
    <MinAmdLetterDate>01/31/2014</MinAmdLetterDate>
    <MaxAmdLetterDate>01/31/2014</MaxAmdLetterDate>
    <ARRAAmount/>
    <AwardID>1421784</AwardID>
    <Investigator>
      <FirstName>Brian</FirstName>
      <LastName>Yoder</LastName>
      <EmailAddress>b.yoder@asee.org</EmailAddress>
      <StartDate>01/31/2014</StartDate>
      <EndDate/>
      <RoleCode>Principal Investigator</RoleCode>
    </Investigator>
    <Institution>
      <Name>American Society For Engineering Education</Name>
      <CityName>WASHINGTON</CityName>
      <ZipCode>200362476</ZipCode>
      <PhoneNumber>2023313500</PhoneNumber>
      <StreetAddress>1818 N ST NW STE 600</StreetAddress>
      <CountryName>United States</CountryName>
      <StateName>District of Columbia</StateName>
      <StateCode>DC</StateCode>
    </Institution>
    <ProgramElement>
      <Code>7513</Code>
      <Text>TUES-Type 1 Project</Text>
    </ProgramElement>
    <ProgramReference>
      <Code>9178</Code>
      <Text>UNDERGRADUATE EDUCATION</Text>
    </ProgramReference>
  </Award>
</rootTag>
