<?xml version="1.0" encoding="UTF-8"?>

<rootTag>
  <Award>
    <AwardTitle>RAPID GOALI: Chemical Contamination and Remediation of Plastic Drinking Water Infrastructure during the West Virginia American Water Drinking Contamination Incident</AwardTitle>
    <AwardEffectiveDate>02/01/2014</AwardEffectiveDate>
    <AwardExpirationDate>01/31/2015</AwardExpirationDate>
    <AwardAmount>49999</AwardAmount>
    <AwardInstrument>
      <Value>Standard Grant</Value>
    </AwardInstrument>
    <Organization>
      <Code>07020102</Code>
      <Directorate>
        <LongName>Directorate for Engineering</LongName>
      </Directorate>
      <Division>
        <LongName>Division of Chemical, Bioengineering, Environmental, and Transport Systems</LongName>
      </Division>
    </Organization>
    <ProgramOfficer>
      <SignBlockName>William Cooper</SignBlockName>
    </ProgramOfficer>
    <AbstractNarration>Whelton&lt;br/&gt;1424627&lt;br/&gt;&lt;br/&gt;An accidental spill of a currently unknown quantity (estimated between 3,000 and 7,500 gallons) of 4-methylcyclohexane methanol from a coal preparation plant in Charleston, WV has compromised the drinking water supply for up to 300,000 water users in Charleston and nearby counties. This tragedy has caused the ban of use of potable water and has resulted in closure in several establishments including schools and business. President Obama issued a federal disaster declaration for the state on Friday, January 10, 2014 to provide federal aid for the state. &lt;br/&gt;&lt;br/&gt;Utility and government responders do not have the information needed to determine the extent of plastic pipe contamination and their ability to be decontaminated by clean water flushing. It is well known that plastic drinking water pipes are particularly susceptible to chemical permeation.This project will explore the processes that control contaminant fate with plastic polyvinylchloride (PVC), high-density polyethylene (HDPE), and cross-linked polyethylene (PEX) pipes and contaminant desorption during flushing activities. These materials are also used in ice makers, refrigerators, and dishwashers. &lt;br/&gt;This project team will:&lt;br/&gt;(1) Investigate premise plumbing system drinking water quality,&lt;br/&gt;(2) Determine the role of contaminant concentration, pipe material type, and diameter on observed chemical concentration during stagnation,&lt;br/&gt;(3) Quantify diffusivity and solubility values for several organic contaminants and pipe materials,&lt;br/&gt;(4) Determine significant relationships between chemical fate, physiochemical properties, and plastic pipe properties, and&lt;br/&gt;(5) Elucidate the ability of flushing activities to remediate contaminated plastic pipes. &lt;br/&gt;The results of the project will be:&lt;br/&gt;(1) incorporated several in-class drinking water contamination investigation activities that require them to go through the same fact finding processes as the emergency responders, utility staff, and homeowners;&lt;br/&gt;(2) Presented results at an AWWA National conference to the drinking water utility and regulatory industry; and &lt;br/&gt;(3) Submitted a research paper to an environmental science and engineering focused journal.&lt;br/&gt;&lt;br/&gt;One of the larger gaps in our scientific understanding of the effect of chemical spill of 4-methylcyclohexanemethanol (MCHM), in the drinking water treatment plant and hence the potential risk to consumers, is the "solubility" of the chemical in plastic pipes or is adsorption to pipes, tanks and infrastructure in a treatment plant. Then, once ad- or absorbed, how long will it take to be released into the water as time progresses. These information will then be evaluated in the overall long-term effect of the spill.</AbstractNarration>
    <MinAmdLetterDate>01/29/2014</MinAmdLetterDate>
    <MaxAmdLetterDate>01/29/2014</MaxAmdLetterDate>
    <ARRAAmount/>
    <AwardID>1424627</AwardID>
    <Investigator>
      <FirstName>Andrew</FirstName>
      <LastName>Whelton</LastName>
      <EmailAddress>ajwhelton@southalabama.edu</EmailAddress>
      <StartDate>01/29/2014</StartDate>
      <EndDate/>
      <RoleCode>Principal Investigator</RoleCode>
    </Investigator>
    <Institution>
      <Name>University of South Alabama</Name>
      <CityName>Mobile</CityName>
      <ZipCode>366880002</ZipCode>
      <PhoneNumber>2514606333</PhoneNumber>
      <StreetAddress>307 University Boulevard</StreetAddress>
      <CountryName>United States</CountryName>
      <StateName>Alabama</StateName>
      <StateCode>AL</StateCode>
    </Institution>
    <ProgramElement>
      <Code>1440</Code>
      <Text>ENVIRONMENTAL ENGINEERING</Text>
    </ProgramElement>
    <ProgramElement>
      <Code>9150</Code>
      <Text>EXP PROG TO STIM COMP RES</Text>
    </ProgramElement>
    <ProgramReference>
      <Code>015E</Code>
      <Text>Pollutant fate and transport</Text>
    </ProgramReference>
    <ProgramReference>
      <Code>016E</Code>
      <Text>POLLUTION AVOIDANCE</Text>
    </ProgramReference>
    <ProgramReference>
      <Code>021E</Code>
      <Text>Water management</Text>
    </ProgramReference>
    <ProgramReference>
      <Code>1504</Code>
      <Text>GRANT OPP FOR ACAD LIA W/INDUS</Text>
    </ProgramReference>
    <ProgramReference>
      <Code>7914</Code>
      <Text>RAPID</Text>
    </ProgramReference>
    <ProgramReference>
      <Code>9150</Code>
      <Text>EXP PROG TO STIM COMP RES</Text>
    </ProgramReference>
  </Award>
</rootTag>
