<?xml version="1.0" encoding="UTF-8"?>

<rootTag>
  <Award>
    <AwardTitle>Proposal for Consultations to Identify The Role of Geochronology in Transformative Earth Sciences Research</AwardTitle>
    <AwardEffectiveDate>02/01/2014</AwardEffectiveDate>
    <AwardExpirationDate>01/31/2015</AwardExpirationDate>
    <AwardAmount>49340</AwardAmount>
    <AwardInstrument>
      <Value>Standard Grant</Value>
    </AwardInstrument>
    <Organization>
      <Code>06030202</Code>
      <Directorate>
        <LongName>Directorate for Geosciences</LongName>
      </Directorate>
      <Division>
        <LongName>Division of Earth Sciences</LongName>
      </Division>
    </Organization>
    <ProgramOfficer>
      <SignBlockName>David Lambert</SignBlockName>
    </ProgramOfficer>
    <AbstractNarration>This award provides support for committee deliberations and consultations with the geochronology producer and consumer communities during the Goldschmidt Conference and Geological Society of America Meeting in 2014. The goal is to document the intellectual and technical goals of geochronology stakeholders and translate those aspirations into suggestions that NSF's Division of Earth Sciences can consider in prioritizing funding initiatives. &lt;br/&gt;&lt;br/&gt;The proposed meetings will allow community input into defining the areas of potential priority support for geochronology, identify gaps in the requirements of geochronologic consumers, and forecast the training and education needs of the next generation of scientists. Information gathered during these consultations will be compiled by the steering committee and consolidated in a report, including findings and recommendations, with an expected publication date of December, 2014.</AbstractNarration>
    <MinAmdLetterDate>01/22/2014</MinAmdLetterDate>
    <MaxAmdLetterDate>01/22/2014</MaxAmdLetterDate>
    <ARRAAmount/>
    <AwardID>1424285</AwardID>
    <Investigator>
      <FirstName>T. Mark</FirstName>
      <LastName>Harrison</LastName>
      <EmailAddress>tmh@argon.ess.ucla.edu</EmailAddress>
      <StartDate>01/22/2014</StartDate>
      <EndDate/>
      <RoleCode>Principal Investigator</RoleCode>
    </Investigator>
    <Institution>
      <Name>University of California-Los Angeles</Name>
      <CityName>LOS ANGELES</CityName>
      <ZipCode>900952000</ZipCode>
      <PhoneNumber>3107940102</PhoneNumber>
      <StreetAddress>11000 Kinross Avenue, Suite 211</StreetAddress>
      <CountryName>United States</CountryName>
      <StateName>California</StateName>
      <StateCode>CA</StateCode>
    </Institution>
    <ProgramElement>
      <Code>7570</Code>
      <Text>SURFACE EARTH PROCESS SECTION</Text>
    </ProgramElement>
    <ProgramElement>
      <Code>7571</Code>
      <Text>DEEP EARTH PROCESSES SECTION</Text>
    </ProgramElement>
  </Award>
</rootTag>
