<?xml version="1.0" encoding="UTF-8"?>

<rootTag>
  <Award>
    <AwardTitle>Fertility Transition and Emerging Differences in Parental Investment and Children's Economic Roles</AwardTitle>
    <AwardEffectiveDate>06/30/2013</AwardEffectiveDate>
    <AwardExpirationDate>07/31/2014</AwardExpirationDate>
    <AwardAmount>48296</AwardAmount>
    <AwardInstrument>
      <Value>Continuing grant</Value>
    </AwardInstrument>
    <Organization>
      <Code>04040000</Code>
      <Directorate>
        <LongName>Directorate for Social, Behavioral &amp; Economic Sciences</LongName>
      </Directorate>
      <Division>
        <LongName>Division of Behavioral and Cognitive Sciences</LongName>
      </Division>
    </Organization>
    <ProgramOfficer>
      <SignBlockName>Jeffrey Mantz</SignBlockName>
    </ProgramOfficer>
    <AbstractNarration>Harvard University anthropologist Dr. Karen L. Kramer will undertake research on how economic transitions affect fertility patterns and children's lives. Subsistence farmers worldwide are experiencing changes in their traditional agrarian systems, becoming less self-sufficient and more dependent on selling their labor. These changes have significant demographic effects: in many populations, fertility rates decline dramatically. However, little is known about how this happens, how much variaibility there might be between households when not all of them prosper in the new economy, and how this affects the health and life quality of children whose labor often underwrote the old economic systems. Kramer's research is designed to answer these questions.&lt;br/&gt;&lt;br/&gt;The research will be carried out in the rural Maya village of Xculoc, Campeche, Mexico. The research design takes advantage of the fact that detailed data on labor, economy, health, and demographics were collected in this village in the 1990s. Since that time, the village has begun the process of transitioning from a subsistence agricultural economy to one that is increasingly dependent on wage labor, cash, and the market economy. These extant data will serve as the baseline against which to measure change, determine increases in household variability, and explore the possible causes. The researcher will collect economic, demographic, growth, time allocation and energy expenditure data for 80 households and 390 children under the age of 20. &lt;br/&gt;&lt;br/&gt;The project's primary research questions are: &lt;br/&gt;1) What impact does subsistence change have on child quality (growth performance, diet, education, medical intervention and labor)? &lt;br/&gt;2) What is the relationship between household economic characteristics and fertility outcomes?&lt;br/&gt;3) What is the relationship between fertility trends and children's labor contributions? &lt;br/&gt;4) Do parents with few resources or opportunities to improve their children's futures, maintain or even increase family size? While other parents have fewer children and invest more in their health and education? &lt;br/&gt;&lt;br/&gt;This research will help social scientists and policy makers to understand why high fertility persists in traditional communities and its relation to economic transitions. Small-scale anthropological studies and individual data offer valuable insight into these demographic processes, which are otherwise masked by national and regional trends. Findings from this resarch will be of interest to organizations interested in understanding the family planning and changing health and economic needs of communities experiencing economic transitions. Funding this research also supports the training of students.</AbstractNarration>
    <MinAmdLetterDate>02/14/2014</MinAmdLetterDate>
    <MaxAmdLetterDate>02/14/2014</MaxAmdLetterDate>
    <ARRAAmount/>
    <AwardID>1424544</AwardID>
    <Investigator>
      <FirstName>Karen</FirstName>
      <LastName>Kramer</LastName>
      <EmailAddress>karen.kramer@anthro.utah.edu</EmailAddress>
      <StartDate>02/14/2014</StartDate>
      <EndDate/>
      <RoleCode>Principal Investigator</RoleCode>
    </Investigator>
    <Institution>
      <Name>University of Utah</Name>
      <CityName>SALT LAKE CITY</CityName>
      <ZipCode>841128930</ZipCode>
      <PhoneNumber>8015816903</PhoneNumber>
      <StreetAddress>75 S 2000 E</StreetAddress>
      <CountryName>United States</CountryName>
      <StateName>Utah</StateName>
      <StateCode>UT</StateCode>
    </Institution>
    <ProgramElement>
      <Code>1390</Code>
      <Text>CULTURAL ANTHROPOLOGY</Text>
    </ProgramElement>
    <ProgramElement>
      <Code>1392</Code>
      <Text>Biological Anthropology</Text>
    </ProgramElement>
    <ProgramReference>
      <Code>0000</Code>
      <Text>UNASSIGNED</Text>
    </ProgramReference>
    <ProgramReference>
      <Code>1390</Code>
      <Text>CULTURAL ANTHROPOLOGY</Text>
    </ProgramReference>
    <ProgramReference>
      <Code>OTHR</Code>
      <Text>OTHER RESEARCH OR EDUCATION</Text>
    </ProgramReference>
    <ProgramReference>
      <Code>9179</Code>
      <Text>GRADUATE INVOLVEMENT</Text>
    </ProgramReference>
    <ProgramReference>
      <Code>SMET</Code>
      <Text>SCIENCE, MATH, ENG &amp; TECH EDUCATION</Text>
    </ProgramReference>
  </Award>
</rootTag>
