<?xml version="1.0" encoding="UTF-8"?>

<rootTag>
  <Award>
    <AwardTitle>Heidelberg Laureate Forum 2014 - Mathematics, September 21-26, 2014</AwardTitle>
    <AwardEffectiveDate>03/15/2014</AwardEffectiveDate>
    <AwardExpirationDate>02/28/2015</AwardExpirationDate>
    <AwardAmount>41488</AwardAmount>
    <AwardInstrument>
      <Value>Standard Grant</Value>
    </AwardInstrument>
    <Organization>
      <Code>03040000</Code>
      <Directorate>
        <LongName>Directorate for Mathematical &amp; Physical Sciences</LongName>
      </Directorate>
      <Division>
        <LongName>Division of Mathematical Sciences</LongName>
      </Division>
    </Organization>
    <ProgramOfficer>
      <SignBlockName>Jennifer Slimowitz Pearl</SignBlockName>
    </ProgramOfficer>
    <AbstractNarration>This award will support the selection and attendance of eight U. S. graduate students and postdoctoral researchers at the 2014 Heidelberg Laureate Forum (HLF) in Heidelberg, Germany on September 21-26, 2014. The HLF brings together Laureates of the most prestigious awards in mathematics and computer science (the Abel Prize, the Fields Medal, the Turing Award, and the Rolf Nevanlinna Prize) to spend a week interacting with 200 early career researchers from all over the world. This award allows early career researchers from the U.S. to participate in this valuable international activity. In addition to the scientific exchanges with the Laureates and each other, young researchers at the Forum gain a valuable global perspective on the mathematical and computer sciences. &lt;br/&gt;&lt;br/&gt;The HLF provides graduate students and postdoctoral researchers extraordinary access to a group of scientific role models through lectures, small group discussions, and casual conversations. Such experiences can have a profound impact on the development of an early career researcher. Oak Ridge Associated Universities will recruit a highly qualified and diverse applicant pool for the Forum. This award is jointly funded by the Division of Mathematical Sciences and Office of Multidisciplinary Activities within NSF's Directorate for Mathematical and Physical Sciences.&lt;br/&gt;&lt;br/&gt;Forum web site: http://www.heidelberg-laureate-forum.org/</AbstractNarration>
    <MinAmdLetterDate>03/21/2014</MinAmdLetterDate>
    <MaxAmdLetterDate>03/21/2014</MaxAmdLetterDate>
    <ARRAAmount/>
    <AwardID>1425399</AwardID>
    <Investigator>
      <FirstName>Samuel</FirstName>
      <LastName>Held</LastName>
      <EmailAddress>sam.held@orau.org</EmailAddress>
      <StartDate>03/21/2014</StartDate>
      <EndDate/>
      <RoleCode>Principal Investigator</RoleCode>
    </Investigator>
    <Institution>
      <Name>Oak Ridge Associated Universities</Name>
      <CityName>OAK RIDGE</CityName>
      <ZipCode>378306218</ZipCode>
      <PhoneNumber>8652412722</PhoneNumber>
      <StreetAddress>100 ORAU Way</StreetAddress>
      <CountryName>United States</CountryName>
      <StateName>Tennessee</StateName>
      <StateCode>TN</StateCode>
    </Institution>
    <ProgramElement>
      <Code>1260</Code>
      <Text>INFRASTRUCTURE PROGRAM</Text>
    </ProgramElement>
    <ProgramElement>
      <Code>1253</Code>
      <Text>OFFICE OF MULTIDISCIPLINARY AC</Text>
    </ProgramElement>
    <ProgramReference>
      <Code>7556</Code>
      <Text>CONFERENCE AND WORKSHOPS</Text>
    </ProgramReference>
    <ProgramReference>
      <Code>9150</Code>
      <Text>EXP PROG TO STIM COMP RES</Text>
    </ProgramReference>
  </Award>
</rootTag>
