<?xml version="1.0" encoding="UTF-8"?>

<rootTag>
  <Award>
    <AwardTitle>Support for the Educational Activities at ACM CCS 2014</AwardTitle>
    <AwardEffectiveDate>08/01/2014</AwardEffectiveDate>
    <AwardExpirationDate>07/31/2015</AwardExpirationDate>
    <AwardAmount>20000</AwardAmount>
    <AwardInstrument>
      <Value>Standard Grant</Value>
    </AwardInstrument>
    <Organization>
      <Code>05050000</Code>
      <Directorate>
        <LongName>Directorate for Computer &amp; Information Science &amp; Engineering</LongName>
      </Directorate>
      <Division>
        <LongName>Division of Computer and Network Systems</LongName>
      </Division>
    </Organization>
    <ProgramOfficer>
      <SignBlockName>Jeremy Epstein</SignBlockName>
    </ProgramOfficer>
    <AbstractNarration>The annual ACM CCS conference is a leading international forum for computer and communications security researchers, practitioners, developers, and users to explore cutting-edge ideas and results, and to exchange techniques, tools, and experiences. ACM CCS is the flagship event of ACM Special Interest Group of Security, Audit and Control (SIGSAC). Its acceptance rate is around 15-20%, which makes it a highly selective conference.&lt;br/&gt;&lt;br/&gt;This grant provides support for 20 students to attend ACM CCS and associated workshops. Preference will be given to undergraduate students participating in the poster session, and students with papers in the conference or workshop who do not have other support. Participation by women and underrepresented groups will also be encouraged.</AbstractNarration>
    <MinAmdLetterDate>02/21/2014</MinAmdLetterDate>
    <MaxAmdLetterDate>02/21/2014</MaxAmdLetterDate>
    <ARRAAmount/>
    <AwardID>1426109</AwardID>
    <Investigator>
      <FirstName>Gail-Joon</FirstName>
      <LastName>Ahn</LastName>
      <EmailAddress>gahn@asu.edu</EmailAddress>
      <StartDate>02/21/2014</StartDate>
      <EndDate/>
      <RoleCode>Principal Investigator</RoleCode>
    </Investigator>
    <Institution>
      <Name>Arizona State University</Name>
      <CityName>TEMPE</CityName>
      <ZipCode>852816011</ZipCode>
      <PhoneNumber>4809655479</PhoneNumber>
      <StreetAddress>ORSPA</StreetAddress>
      <CountryName>United States</CountryName>
      <StateName>Arizona</StateName>
      <StateCode>AZ</StateCode>
    </Institution>
    <ProgramElement>
      <Code>8060</Code>
      <Text>Secure &amp;Trustworthy Cyberspace</Text>
    </ProgramElement>
    <ProgramElement>
      <Code>1640</Code>
      <Text>INFORMATION TECHNOLOGY RESEARC</Text>
    </ProgramElement>
    <ProgramReference>
      <Code>7434</Code>
      <Text>CNCI</Text>
    </ProgramReference>
    <ProgramReference>
      <Code>7556</Code>
      <Text>CONFERENCE AND WORKSHOPS</Text>
    </ProgramReference>
  </Award>
</rootTag>
