<?xml version="1.0" encoding="UTF-8"?>

<rootTag>
  <Award>
    <AwardTitle>REU Site: Collaborative Research: Genomics and Computational Biology</AwardTitle>
    <AwardEffectiveDate>04/01/2014</AwardEffectiveDate>
    <AwardExpirationDate>03/31/2019</AwardExpirationDate>
    <AwardAmount>64384</AwardAmount>
    <AwardInstrument>
      <Value>Continuing grant</Value>
    </AwardInstrument>
    <Organization>
      <Code>08080000</Code>
      <Directorate>
        <LongName>Directorate for Biological Sciences</LongName>
      </Directorate>
      <Division>
        <LongName>Division of Biological Infrastructure</LongName>
      </Division>
    </Organization>
    <ProgramOfficer>
      <SignBlockName>Sally E. O'Connor</SignBlockName>
    </ProgramOfficer>
    <AbstractNarration>This REU Site award to the University of Georgia (UGA) located in Athens, GA, and Clark Atlanta University (CAU), in Atlanta, GA, will support the training of 10 students for 10 weeks during the summers of 2014- 2018. This 14-year old program, begun as a partnership between UGA and CAU, focuses on genomics, computational biology, and epigenetics -- and their integration in the new area of systems biology. Participants are expected to do full-time lab research as well as participate in seminars and various workshops, such as the responsible conduct of science, systems biology, molecular genetics research, career opportunities in industry and academia, and the graduate school application process. REU participants have access to a rich array of individual mentor's facilities as well as many interdepartmental laboratories and centers with core facilities for mass spectrometry, microarray analysis, next generation sequencing, nuclear magnetic resonance, etc. Mentors are drawn from a variety of departments including Genetics, Biochemistry and Molecular Biology, Computer Science, Physics and Astronomy, Plant Biology, and Plant Pathology. The program's recruitment effort is through http://www.genetics.uga.edu/FGCB and visits to the Atlanta University Center of Clark Atlanta University, Morehouse College, and Spellman College as well as Fort Valley State University. Participants are selected based on academic record, research performance, and potential for outstanding research in genomics, computational biology, and epigenetics by a committee of faculty mentors from UGA and CAU. Student participants are tracked to determine their continued interest in their academic field of study, their career paths, and the lasting influences of the research experience. Success of the program will be assessed by various means, including use of the REU common assessment (SALG URSSA). &lt;br/&gt;&lt;br/&gt;This site is designed to increase participation of under-represented groups in graduate study in the biological, physical, and mathematical sciences. It is expected that at least 50 students, many from underrepresented groups and from colleges with limited opportunities for research, will be trained over the 5 years of the program.&lt;br/&gt;&lt;br/&gt;Students are required to be tracked after the program and must respond to an automatic email sent via the NSF reporting system. More information is available by visiting http://www.genetics.uga.edu/FGCB , or by contacting the PI (Dr. Jonathan Arnold at arnold@uga.edu) or the co-PI (Dr. David Logan at dlogan@cau.edu).</AbstractNarration>
    <MinAmdLetterDate>03/18/2014</MinAmdLetterDate>
    <MaxAmdLetterDate>03/18/2014</MaxAmdLetterDate>
    <ARRAAmount/>
    <AwardID>1427051</AwardID>
    <Investigator>
      <FirstName>David</FirstName>
      <LastName>Logan</LastName>
      <EmailAddress>dlogan@cau.edu</EmailAddress>
      <StartDate>03/18/2014</StartDate>
      <EndDate/>
      <RoleCode>Principal Investigator</RoleCode>
    </Investigator>
    <Institution>
      <Name>Clark Atlanta University</Name>
      <CityName>Atlanta</CityName>
      <ZipCode>303144358</ZipCode>
      <PhoneNumber>4048806990</PhoneNumber>
      <StreetAddress>223 James P. Brawley Dr. S.W.</StreetAddress>
      <CountryName>United States</CountryName>
      <StateName>Georgia</StateName>
      <StateCode>GA</StateCode>
    </Institution>
    <ProgramElement>
      <Code>1139</Code>
      <Text>RSCH EXPER FOR UNDERGRAD SITES</Text>
    </ProgramElement>
    <ProgramElement>
      <Code>1594</Code>
      <Text>HIST BLACK COLLEGES AND UNIV</Text>
    </ProgramElement>
    <ProgramReference>
      <Code>9250</Code>
      <Text>RES EXPER FOR UNDERGRADS-SITE</Text>
    </ProgramReference>
  </Award>
</rootTag>
