<?xml version="1.0" encoding="UTF-8"?>

<rootTag>
  <Award>
    <AwardTitle>Direct Patterning of Metallic Nanostructures for Bio-sensing Substrate Production</AwardTitle>
    <AwardEffectiveDate>09/01/2012</AwardEffectiveDate>
    <AwardExpirationDate>08/31/2016</AwardExpirationDate>
    <AwardAmount>398994</AwardAmount>
    <AwardInstrument>
      <Value>Standard Grant</Value>
    </AwardInstrument>
    <Organization>
      <Code>07030000</Code>
      <Directorate>
        <LongName>Directorate For Engineering</LongName>
      </Directorate>
      <Division>
        <LongName>Div Of Civil, Mechanical, &amp; Manufact Inn</LongName>
      </Division>
    </Organization>
    <ProgramOfficer>
      <SignBlockName>Khershed Cooper</SignBlockName>
    </ProgramOfficer>
    <AbstractNarration>The proposed work will solve a fundamental manufacturing issue: the inability to directly pattern metal with sub-100nm resolution. Addressing the nanopatterning of silver, which finds application in photonics and electronics, it develops a novel solid-liquid electrochemical process capable of large-area, low-cost and high fidelity patterning. In addition to deriving a fundamental physical understanding of transport of metallic ion species across multi-phase domains such as ionic glass-liquid electrolyte systems, the proposed research will exploit high speed, continuous, direct nanoscale patterning of metallic substrates to generate high performance biosensors.&lt;br/&gt;&lt;br/&gt;If successful, the proposed research will provide the manufacturing community with a valuable new technology. The obtained knowledge of the physical, chemical, and transport properties of silver-based solid electrolyte material systems can be used in the design and industrial-scale manufacturing of optical biosensors. In addition, the understanding developed in this research can be translated to other similar systems, such as liquid junction photovoltaic devices and lithium ion batteries with nanostructured anodes thus inspiring similar systems to be studied and developed for a range of applications including renewable energy conversion and new sensor designs.</AbstractNarration>
    <MinAmdLetterDate>08/23/2012</MinAmdLetterDate>
    <MaxAmdLetterDate>12/27/2013</MaxAmdLetterDate>
    <ARRAAmount/>
    <AwardID>1200780</AwardID>
    <Investigator>
      <FirstName>Keng</FirstName>
      <LastName>Hsu</LastName>
      <EmailAddress>khsu5@illinois.edu</EmailAddress>
      <StartDate>08/23/2012</StartDate>
      <EndDate/>
      <RoleCode>Co-Principal Investigator</RoleCode>
    </Investigator>
    <Investigator>
      <FirstName>Placid</FirstName>
      <LastName>Ferreira</LastName>
      <EmailAddress>pferreir@uiuc.edu</EmailAddress>
      <StartDate>08/23/2012</StartDate>
      <EndDate/>
      <RoleCode>Principal Investigator</RoleCode>
    </Investigator>
    <Institution>
      <Name>University of Illinois at Urbana-Champaign</Name>
      <CityName>CHAMPAIGN</CityName>
      <ZipCode>618207473</ZipCode>
      <PhoneNumber>2173332187</PhoneNumber>
      <StreetAddress>SUITE A</StreetAddress>
      <CountryName>United States</CountryName>
      <StateName>Illinois</StateName>
      <StateCode>IL</StateCode>
    </Institution>
    <ProgramElement>
      <Code>1788</Code>
      <Text>NANOMANUFACTURING</Text>
    </ProgramElement>
    <ProgramReference>
      <Code>082E</Code>
      <Text>MFG MACHINES &amp; METROLOGY</Text>
    </ProgramReference>
    <ProgramReference>
      <Code>083E</Code>
      <Text>MATERIAL TRANSFORMATION PROC</Text>
    </ProgramReference>
    <ProgramReference>
      <Code>084E</Code>
      <Text>NANOMANUFACTURING</Text>
    </ProgramReference>
  </Award>
</rootTag>
