<?xml version="1.0" encoding="UTF-8"?>

<rootTag>
  <Award>
    <AwardTitle>RET Site in Cyber Security</AwardTitle>
    <AwardEffectiveDate>05/01/2012</AwardEffectiveDate>
    <AwardExpirationDate>04/30/2015</AwardExpirationDate>
    <AwardAmount>500000</AwardAmount>
    <AwardInstrument>
      <Value>Standard Grant</Value>
    </AwardInstrument>
    <Organization>
      <Code>05050000</Code>
      <Directorate>
        <LongName>Direct For Computer &amp; Info Scie &amp; Enginr</LongName>
      </Directorate>
      <Division>
        <LongName>Division Of Computer and Network Systems</LongName>
      </Division>
    </Organization>
    <ProgramOfficer>
      <SignBlockName>Harriet G. Taylor</SignBlockName>
    </ProgramOfficer>
    <AbstractNarration>This funding establishes a new CISE Research Experiences for Teachers (RET) site focused on cyber security at the Dakota State University. The site will provide a diverse pool of in-service high school computer teachers in South Dakota with a quality experience conducting cutting-edge research in cyber security. The teachers will develop research based materials and activities which they will incorporate into their classes during the academic year. State secondary computing curricula will be updated to include cyber security and outreach will be conducted to reach a wide audience of teachers and students within the state. This site is co-funded by the Experimental Program to Stimulate Competitive Research (EPSCoR) Program. &lt;br/&gt;&lt;br/&gt;The intellectual merit of this project lies in strong research basis and the expertise of the faculty. The project team has significant related research and experience in educational applications and K-12 school outreach. The projects are in research areas that are in an area of national priority and of interest to teachers and their students. The project also has the potential to make a significant contribution to the discipline of computer science education through the development, implementation, and testing of materials and methods for infusing cyber security into the secondary computing curriculum.&lt;br/&gt;&lt;br/&gt;The broader impacts of the project include providing a quality research experience to teachers and the incorporation of sound instructional models into the K-12 schools. The project includes many activities and outreach efforts that should impact an area that is somewhat geographically isolated and that is surrounded by a diverse population. The project has the potential to create a sustainable partnership between the university and schools that can provide long-lasting benefits to the community.</AbstractNarration>
    <MinAmdLetterDate>03/22/2012</MinAmdLetterDate>
    <MaxAmdLetterDate>08/22/2013</MaxAmdLetterDate>
    <ARRAAmount/>
    <AwardID>1200648</AwardID>
    <Investigator>
      <FirstName>Dianxiang</FirstName>
      <LastName>Xu</LastName>
      <EmailAddress>dianxiangxu@boisestate.edu</EmailAddress>
      <StartDate>03/22/2012</StartDate>
      <EndDate>08/22/2013</EndDate>
      <RoleCode>Former Principal Investigator</RoleCode>
    </Investigator>
    <Investigator>
      <FirstName>Patrick</FirstName>
      <LastName>Engebretson</LastName>
      <EmailAddress>pat.engebretson@dsu.edu</EmailAddress>
      <StartDate>03/22/2012</StartDate>
      <EndDate/>
      <RoleCode>Co-Principal Investigator</RoleCode>
    </Investigator>
    <Investigator>
      <FirstName>Yong</FirstName>
      <LastName>Wang</LastName>
      <EmailAddress>yong.wang@dsu.edu</EmailAddress>
      <StartDate>08/22/2013</StartDate>
      <EndDate/>
      <RoleCode>Principal Investigator</RoleCode>
    </Investigator>
    <Institution>
      <Name>Dakota State University</Name>
      <CityName>Madison</CityName>
      <ZipCode>570421799</ZipCode>
      <PhoneNumber>6052565112</PhoneNumber>
      <StreetAddress>820 N. Washington Avenue</StreetAddress>
      <CountryName>United States</CountryName>
      <StateName>South Dakota</StateName>
      <StateCode>SD</StateCode>
    </Institution>
  </Award>
</rootTag>
