<?xml version="1.0" encoding="UTF-8"?>

<rootTag>
  <Award>
    <AwardTitle>Improving Sustainability of Atomic Layer Deposition: a Hierarchical Systems Approach</AwardTitle>
    <AwardEffectiveDate>08/01/2012</AwardEffectiveDate>
    <AwardExpirationDate>07/31/2016</AwardExpirationDate>
    <AwardAmount>475752</AwardAmount>
    <AwardInstrument>
      <Value>Standard Grant</Value>
    </AwardInstrument>
    <Organization>
      <Code>07030000</Code>
      <Directorate>
        <LongName>Directorate For Engineering</LongName>
      </Directorate>
      <Division>
        <LongName>Div Of Civil, Mechanical, &amp; Manufact Inn</LongName>
      </Division>
    </Organization>
    <ProgramOfficer>
      <SignBlockName>Khershed Cooper</SignBlockName>
    </ProgramOfficer>
    <AbstractNarration>This research project is to study and improve the sustainability performance of Atomic Layer Deposition (ALD) through a hierarchical systems approach. ALD is a key enabling nanotechnology that has been adopted in the semiconductor manufacturing industry. Currently ALD is under rapid development for a broad array of industrial applications including solar cells, fuel cells, lithium-ion batteries, medical devices, sensors, etc. However, ALD has significant sustainability issues due to its heavy use of toxic chemicals, potential generation of nano-particle emissions, and intensive use of energy. The goal of this project is to research mathematical models and analytical tools for reducing the environmental impact and economic costs of ALD nano-manufacturing for industrial-scale applications. This project will be carried out in a systematic manner that integrates both mathematical modeling and experimental investigations. Specific research goals of this project are: (1) mathematical modeling and experimental investigations of ALD process emissions (2) thermodynamic flows and energy modeling of ALD nano-manufacturing system (3) sustainable scale-up of ALD nanotechnology for industrial productions. &lt;br/&gt;&lt;br/&gt;If successful, the models and results developed in this study will allow ALD and associated industries to address the long-term environmental and societal implications of ALD nanotechnology. The models and results can also be used in sustainable management and improvement of similar bottom-up nanotechnologies. The research results of this project will be broadly disseminated through academic journals, professional conferences, and internet media. As a result, this research will improve our understanding of the potential environmental impacts of ALD nano-manufacturing and assist in development of a sustainable infrastructure for ALD productions in various industrial sectors.</AbstractNarration>
    <MinAmdLetterDate>07/25/2012</MinAmdLetterDate>
    <MaxAmdLetterDate>12/09/2014</MaxAmdLetterDate>
    <ARRAAmount/>
    <AwardID>1200940</AwardID>
    <Investigator>
      <FirstName>Chris</FirstName>
      <LastName>Yuan</LastName>
      <EmailAddress>cyuan@uwm.edu</EmailAddress>
      <StartDate>07/25/2012</StartDate>
      <EndDate/>
      <RoleCode>Principal Investigator</RoleCode>
    </Investigator>
    <Investigator>
      <FirstName>Tien-Chien</FirstName>
      <LastName>Jen</LastName>
      <EmailAddress>jent@uwm.edu</EmailAddress>
      <StartDate>07/25/2012</StartDate>
      <EndDate/>
      <RoleCode>Co-Principal Investigator</RoleCode>
    </Investigator>
    <Institution>
      <Name>University of Wisconsin-Milwaukee</Name>
      <CityName>Milwaukee</CityName>
      <ZipCode>532010340</ZipCode>
      <PhoneNumber>4142294853</PhoneNumber>
      <StreetAddress>P O BOX 340</StreetAddress>
      <CountryName>United States</CountryName>
      <StateName>Wisconsin</StateName>
      <StateCode>WI</StateCode>
    </Institution>
    <ProgramElement>
      <Code>1788</Code>
      <Text>NANOMANUFACTURING</Text>
    </ProgramElement>
    <ProgramReference>
      <Code>082E</Code>
      <Text>MFG MACHINES &amp; METROLOGY</Text>
    </ProgramReference>
    <ProgramReference>
      <Code>083E</Code>
      <Text>MATERIAL TRANSFORMATION PROC</Text>
    </ProgramReference>
    <ProgramReference>
      <Code>084E</Code>
      <Text>NANOMANUFACTURING</Text>
    </ProgramReference>
    <ProgramReference>
      <Code>116E</Code>
      <Text>RESEARCH EXP FOR UNDERGRADS</Text>
    </ProgramReference>
    <ProgramReference>
      <Code>9187</Code>
      <Text>TOXIC SUBSTANCES/SOLID &amp; HAZARDOUS WASTE</Text>
    </ProgramReference>
    <ProgramReference>
      <Code>9251</Code>
      <Text>RES EXPER FOR UNDERGRAD-SUPPLT</Text>
    </ProgramReference>
  </Award>
</rootTag>
