<?xml version="1.0" encoding="UTF-8"?>

<rootTag>
  <Award>
    <AwardTitle>Sensing for Information Driven Exploration Systems (SIDES)</AwardTitle>
    <AwardEffectiveDate>09/01/2012</AwardEffectiveDate>
    <AwardExpirationDate>08/31/2016</AwardExpirationDate>
    <AwardAmount>200000</AwardAmount>
    <AwardInstrument>
      <Value>Standard Grant</Value>
    </AwardInstrument>
    <Organization>
      <Code>07030000</Code>
      <Directorate>
        <LongName>Directorate For Engineering</LongName>
      </Directorate>
      <Division>
        <LongName>Div Of Civil, Mechanical, &amp; Manufact Inn</LongName>
      </Division>
    </Organization>
    <ProgramOfficer>
      <SignBlockName>Jordan Berg</SignBlockName>
    </ProgramOfficer>
    <AbstractNarration>In this project, fundamental science and technology will be developed for Mapping in Information Driven Autonomous Exploration Systems (MIDAS). Such systems operate in dynamic, spatially distributed, uncertain and hazardous environments where human presence may be undesirable. Examples are emergency response systems to building/forest fires, mine safety, environmental monitoring and structural health monitoring among many others. These systems consist of multiple sensors either in-situ or mounted on mobile robotic platforms whose objective is to explore and map the spatially distributed environments they operate within in real-time such that the information content regarding the environment is maximized. In this project, computationally efficient techniques, with guaranteed performance, will be developed to solve the mapping problem for dynamical spatial fields. Deliverables will include a suite of algorithms for the mapping problem including software, research publications pertaining to the same, engineering student education, and engineering research education for high school teachers.&lt;br/&gt;&lt;br/&gt;If successful, the ramifications of this work are many folds and highly significant: it is anticipated that the results will have applications ranging from autonomous robotic exploration to homeland security while leading to the discovery of fundamental science and technology at the confluence of estimation theory and computational intelligence. In particular, application to the wildfire prediction problem can avoid the billions of dollars worth of property loss as evidenced in recent wildfires. An "app" for tablets and smartphones will be developed to solve the online mapping problem on a handheld smart phone, which may provide an invaluable tool for first responders in such scenarios. The assimilation of K-12/undergraduate/graduate students, and high school teachers, in projects related to the research will disseminate the results of the project to a broad audience, and help engender interest in science and engineering.</AbstractNarration>
    <MinAmdLetterDate>08/20/2012</MinAmdLetterDate>
    <MaxAmdLetterDate>08/20/2012</MaxAmdLetterDate>
    <ARRAAmount/>
    <AwardID>1200642</AwardID>
    <Investigator>
      <FirstName>Suman</FirstName>
      <LastName>Chakravorty</LastName>
      <EmailAddress>schakrav@aero.tamu.edu</EmailAddress>
      <StartDate>08/20/2012</StartDate>
      <EndDate/>
      <RoleCode>Principal Investigator</RoleCode>
    </Investigator>
    <Institution>
      <Name>Texas A&amp;M Engineering Experiment Station</Name>
      <CityName>College Station</CityName>
      <ZipCode>778454645</ZipCode>
      <PhoneNumber>9798477635</PhoneNumber>
      <StreetAddress>TEES State Headquarters Bldg.</StreetAddress>
      <CountryName>United States</CountryName>
      <StateName>Texas</StateName>
      <StateCode>TX</StateCode>
    </Institution>
    <ProgramElement>
      <Code>1632</Code>
      <Text>CONTROL SYSTEMS</Text>
    </ProgramElement>
    <ProgramReference>
      <Code>030E</Code>
      <Text>CONTROL SYSTEMS</Text>
    </ProgramReference>
    <ProgramReference>
      <Code>036E</Code>
      <Text>CIVIL INFRASTRUCTURE</Text>
    </ProgramReference>
    <ProgramReference>
      <Code>1057</Code>
      <Text>CIS BASE RESEARCH</Text>
    </ProgramReference>
    <ProgramReference>
      <Code>CVIS</Code>
      <Text>CIVIL INFRASTRUCTURE</Text>
    </ProgramReference>
  </Award>
</rootTag>
