<?xml version="1.0" encoding="UTF-8"?>

<rootTag>
  <Award>
    <AwardTitle>GOALI/Collaborative Research: Deciphering the Mechanisms of Wear to Enable High Performance Tip-Based Nanomanufacturing</AwardTitle>
    <AwardEffectiveDate>10/01/2012</AwardEffectiveDate>
    <AwardExpirationDate>09/30/2016</AwardExpirationDate>
    <AwardAmount>446103</AwardAmount>
    <AwardInstrument>
      <Value>Standard Grant</Value>
    </AwardInstrument>
    <Organization>
      <Code>07030000</Code>
      <Directorate>
        <LongName>Directorate For Engineering</LongName>
      </Directorate>
      <Division>
        <LongName>Div Of Civil, Mechanical, &amp; Manufact Inn</LongName>
      </Division>
    </Organization>
    <ProgramOfficer>
      <SignBlockName>Bruce M. Kramer</SignBlockName>
    </ProgramOfficer>
    <AbstractNarration>Tip-based nanomanufacturing (TBN) is a promising and scalable platform for fabricating nanostructures en masse with high precision. All TBN processes hinge on the availability of nanoscale atomic force microscope (AFM) tips that can survive the long-lasting and harsh conditions of TBN processes without substantial changes in composition or geometry. However, the scientific understanding of nanoscale wear, particularly under the extreme conditions encountered as TBN processes are scaled up, is lacking. This grant provides funding to rigorously develop the fundamental science of nanoscale wear that is needed to realize robust probes for high-performance, high-rate TBN processes. The integrated, interdisciplinary research plan consists of advanced atomistic simulations integrated with continuum models, and innovative experiments that include in-situ wear studies combining AFM with electron microscopy. The research will focus on understanding the performance of ultrananocrystalline diamond (UNCD) AFM probes manufactured by the industrial partner, Advanced Diamond Technologies (ADT), as well as conventional commercial probes based on silicon. Interactions with additional industrial collaborators pursuing commercial TBN processes will be leveraged to select relevant conditions for the studies, and to optimize the design of scalable TBN processes and probes based on the research findings.&lt;br/&gt;&lt;br/&gt;If successful, this research will transform a broad range of TBN methods from bench-top prototype processes to commercially-viable applications. This will be achieved by realizing new approaches to minimize tip wear in scaled-up TBN processes. The understanding of wear that is developed will apply to the design and fabrication of reliable probes for a broad range of TBN methods. Tangible outcomes will include the deployment of UNCD probes for high performance TBN, and the establishment of operating conditions for achieving improved performance in commercially-viable TBN. The education and outreach activities will lead to a new short-course on TBN aimed at industry audiences, research experiences for high school science teachers, and the advanced training of students.</AbstractNarration>
    <MinAmdLetterDate>09/18/2012</MinAmdLetterDate>
    <MaxAmdLetterDate>05/02/2016</MaxAmdLetterDate>
    <ARRAAmount/>
    <AwardID>1200019</AwardID>
    <Investigator>
      <FirstName>John</FirstName>
      <LastName>Carlisle</LastName>
      <EmailAddress>carlisle@thindiamond.com</EmailAddress>
      <StartDate>09/18/2012</StartDate>
      <EndDate/>
      <RoleCode>Co-Principal Investigator</RoleCode>
    </Investigator>
    <Investigator>
      <FirstName>Nicolaie</FirstName>
      <LastName>Moldovan</LastName>
      <EmailAddress>moldovan@thindiamond.com</EmailAddress>
      <StartDate>09/18/2012</StartDate>
      <EndDate/>
      <RoleCode>Co-Principal Investigator</RoleCode>
    </Investigator>
    <Investigator>
      <FirstName>Kevin</FirstName>
      <LastName>Turner</LastName>
      <EmailAddress>kturner@seas.upenn.edu</EmailAddress>
      <StartDate>09/18/2012</StartDate>
      <EndDate/>
      <RoleCode>Co-Principal Investigator</RoleCode>
    </Investigator>
    <Investigator>
      <FirstName>Robert</FirstName>
      <LastName>Carpick</LastName>
      <EmailAddress>carpick@seas.upenn.edu</EmailAddress>
      <StartDate>09/18/2012</StartDate>
      <EndDate/>
      <RoleCode>Principal Investigator</RoleCode>
    </Investigator>
    <Institution>
      <Name>University of Pennsylvania</Name>
      <CityName>Philadelphia</CityName>
      <ZipCode>191046205</ZipCode>
      <PhoneNumber>2158987293</PhoneNumber>
      <StreetAddress>Research Services</StreetAddress>
      <CountryName>United States</CountryName>
      <StateName>Pennsylvania</StateName>
      <StateCode>PA</StateCode>
    </Institution>
    <ProgramElement>
      <Code>1504</Code>
      <Text>GRANT OPP FOR ACAD LIA W/INDUS</Text>
    </ProgramElement>
    <ProgramElement>
      <Code>1788</Code>
      <Text>NANOMANUFACTURING</Text>
    </ProgramElement>
    <ProgramReference>
      <Code>082E</Code>
      <Text>MFG MACHINES &amp; METROLOGY</Text>
    </ProgramReference>
    <ProgramReference>
      <Code>083E</Code>
      <Text>MATERIAL TRANSFORMATION PROC</Text>
    </ProgramReference>
    <ProgramReference>
      <Code>084E</Code>
      <Text>NANOMANUFACTURING</Text>
    </ProgramReference>
    <ProgramReference>
      <Code>1504</Code>
      <Text>GRANT OPP FOR ACAD LIA W/INDUS</Text>
    </ProgramReference>
    <ProgramReference>
      <Code>1788</Code>
      <Text>Nanomanufacturing</Text>
    </ProgramReference>
    <ProgramReference>
      <Code>8047</Code>
      <Text>Veterans Involvement</Text>
    </ProgramReference>
    <ProgramReference>
      <Code>8808</Code>
      <Text>Veterans Research Supplements</Text>
    </ProgramReference>
  </Award>
</rootTag>
