<?xml version="1.0" encoding="UTF-8"?>

<rootTag>
  <Award>
    <AwardTitle>Collaborative Research: PIM/GMM--Micro-Manufacturing of Ceramics by Combining Powder Injection Molding and Green Micromachining</AwardTitle>
    <AwardEffectiveDate>05/01/2012</AwardEffectiveDate>
    <AwardExpirationDate>04/30/2016</AwardExpirationDate>
    <AwardAmount>307513</AwardAmount>
    <AwardInstrument>
      <Value>Standard Grant</Value>
    </AwardInstrument>
    <Organization>
      <Code>07030000</Code>
      <Directorate>
        <LongName>Directorate For Engineering</LongName>
      </Directorate>
      <Division>
        <LongName>Div Of Civil, Mechanical, &amp; Manufact Inn</LongName>
      </Division>
    </Organization>
    <ProgramOfficer>
      <SignBlockName>Thomas F. Kuech</SignBlockName>
    </ProgramOfficer>
    <AbstractNarration>This award supports research on fabrication of micro-scale ceramic structures by combining green-state micro-machining and powder-injection molding processes. The research objective is to gain fundamental knowledge on the combined process through integrated experimental and modeling studies. The specific research approach will include (1) analyzing the green micromachining process for different ceramic materials, powder and binder characteristics, and process parameters to determine their effect on process characteristics, including geometric quality and productivity, and (2) characterizing and modeling mechanical and geometric characteristics of parts fabricated using the combined process. The research will include aluminum-nitride and silicon-carbide as sample systems, and will demonstrate the effectiveness of findings by fabricating industrial ceramic parts. The educational objectives include enhancing the future manufacturing workforce, and improving existing manufacturing curricula, and attracting students to manufacturing through pre-college outreach activities.&lt;br/&gt;&lt;br/&gt;If successful, the results of this research will lead to rapid, predictable, reproducible, low cost, and accurate manufacture of ceramic parts with micro-scale features. Ceramics offer many advantages such as high-temperature strength, chemical stability, thermal conductivity, and electrical insulation. Although the prevailing micro-fabrication technologies have been effective in creating micro-electronics components and sensors from semiconductor materials, we currently do not an effective micro-manufacturing technique to create three-dimensional micro-structures from ceramics. This approach will provide and effective way to make ceramic components with micro-structures, thereby facilitating exciting technological and scientific advances. Micro-scale ceramic devices and parts will benefit many industries, including medical devices, electronics/lighting systems, and clean energy technologies. The knowledge gained from this work will provide in-depth understanding of green micromachining and powder-injection molding processes to facilitate fabricating parts in a predictable fashion. Collaboration with industry and national laboratories will enable rapid transfer of research findings and our technology to industry, thereby impacting the advanced manufacturing industry. This research is also critical for the United States in its efforts to gain back the manufacturing leadership through advanced manufacturing efforts.</AbstractNarration>
    <MinAmdLetterDate>04/29/2012</MinAmdLetterDate>
    <MaxAmdLetterDate>04/12/2013</MaxAmdLetterDate>
    <ARRAAmount/>
    <AwardID>1200647</AwardID>
    <Investigator>
      <FirstName>Burak</FirstName>
      <LastName>Ozdoganlar</LastName>
      <EmailAddress>burakoz@andrew.cmu.edu</EmailAddress>
      <StartDate>04/29/2012</StartDate>
      <EndDate/>
      <RoleCode>Principal Investigator</RoleCode>
    </Investigator>
    <Institution>
      <Name>Carnegie-Mellon University</Name>
      <CityName>PITTSBURGH</CityName>
      <ZipCode>152133815</ZipCode>
      <PhoneNumber>4122689527</PhoneNumber>
      <StreetAddress>5000 Forbes Avenue</StreetAddress>
      <CountryName>United States</CountryName>
      <StateName>Pennsylvania</StateName>
      <StateCode>PA</StateCode>
    </Institution>
    <ProgramElement>
      <Code>1467</Code>
      <Text>MATERIALS PROCESSING AND MANFG</Text>
    </ProgramElement>
    <ProgramElement>
      <Code>1468</Code>
      <Text>Manufacturing Machines &amp; Equip</Text>
    </ProgramElement>
    <ProgramElement>
      <Code>1774</Code>
      <Text>CERAMICS</Text>
    </ProgramElement>
    <ProgramReference>
      <Code>024E</Code>
      <Text>MATERIALS DESIGN</Text>
    </ProgramReference>
    <ProgramReference>
      <Code>082E</Code>
      <Text>MFG MACHINES &amp; METROLOGY</Text>
    </ProgramReference>
    <ProgramReference>
      <Code>083E</Code>
      <Text>MATERIAL TRANSFORMATION PROC</Text>
    </ProgramReference>
    <ProgramReference>
      <Code>088E</Code>
      <Text>THERMALLY DRIVEN PROCESSES</Text>
    </ProgramReference>
    <ProgramReference>
      <Code>1468</Code>
      <Text>MANUFACTURING &amp; CONST MACH EQP</Text>
    </ProgramReference>
    <ProgramReference>
      <Code>1774</Code>
      <Text>CERAMICS</Text>
    </ProgramReference>
    <ProgramReference>
      <Code>8025</Code>
      <Text>Advanced Materials Processing</Text>
    </ProgramReference>
    <ProgramReference>
      <Code>8037</Code>
      <Text>Advanced Manufacturing</Text>
    </ProgramReference>
    <ProgramReference>
      <Code>1467</Code>
      <Text>MATERIALS PROCESSING AND MANFG</Text>
    </ProgramReference>
    <ProgramReference>
      <Code>115E</Code>
      <Text>RESEARCH EXP FOR TEACHERS</Text>
    </ProgramReference>
    <ProgramReference>
      <Code>7218</Code>
      <Text>RET SUPPLEMENTS</Text>
    </ProgramReference>
  </Award>
</rootTag>
