<?xml version="1.0" encoding="UTF-8"?>

<rootTag>
  <Award>
    <AwardTitle>Mechanical Behavior of Polymer-Fullerene Blends for Photovoltaic Applications</AwardTitle>
    <AwardEffectiveDate>05/01/2012</AwardEffectiveDate>
    <AwardExpirationDate>04/30/2016</AwardExpirationDate>
    <AwardAmount>369811</AwardAmount>
    <AwardInstrument>
      <Value>Standard Grant</Value>
    </AwardInstrument>
    <Organization>
      <Code>07030000</Code>
      <Directorate>
        <LongName>Directorate For Engineering</LongName>
      </Directorate>
      <Division>
        <LongName>Div Of Civil, Mechanical, &amp; Manufact Inn</LongName>
      </Division>
    </Organization>
    <ProgramOfficer>
      <SignBlockName>Thomas F. Kuech</SignBlockName>
    </ProgramOfficer>
    <AbstractNarration>This grant provides funding to study relationships between the mechanical behavior and optoelectronic performance of polymer-fullerene blend films for photovoltaic device applications, i.e. solar cells. The principle investigators will consider how morphological features of the blend film affect both the mechanical and electrical properties of the active layers, and how these properties are coupled and modified through material selection and processing conditions. A focus will be on characterizing the mechanical properties and the physical mechanisms of performance variation in devices for different deformation modes. To analyze this system, a combination of experimental and computational investigations will be conducted. The experimental research will combine thin-film mechanics and optoelectronic device measurements along with detailed morphological characterization. A micromechanical model will be developed based on a multi-phase model consisting of pure polymer and fullerene phases, and a miscible phase. A non-linear finite element method will then be applied to integrate the component models.&lt;br/&gt;&lt;br/&gt;Organic solar cells based on polymer-fullerene heterojunctions are a promising technology to provide renewable energy that is cost competitive with fossil fuel sources. Critical to the commercial success of this technology is the ability to flex the solar cell during both fabrication and operation. If successful, this research will help guide the development of highly flexible and durable organic solar cells with improved performance over current state of the art devices. Determining the fundamental relationships between the mechanical and electrical properties of the polymer-fullerene film will also provide new insights into the role of film morphology in the energy conversion process and suggest processing strategies that maximize device performance. In addition to the research findings, graduate students involved in the grant will be trained in a highly interdisciplinary research environment. The principle investigators will also contribute to an engineering summer camp for high school students that focuses on solar power technologies.</AbstractNarration>
    <MinAmdLetterDate>04/27/2012</MinAmdLetterDate>
    <MaxAmdLetterDate>05/27/2014</MaxAmdLetterDate>
    <ARRAAmount/>
    <AwardID>1200340</AwardID>
    <Investigator>
      <FirstName>Mohammed</FirstName>
      <LastName>Zikry</LastName>
      <EmailAddress>zikry@ncsu.edu</EmailAddress>
      <StartDate>04/27/2012</StartDate>
      <EndDate/>
      <RoleCode>Co-Principal Investigator</RoleCode>
    </Investigator>
    <Investigator>
      <FirstName>Brendan</FirstName>
      <LastName>O'Connor</LastName>
      <EmailAddress>brendan_oconnor@ncsu.edu</EmailAddress>
      <StartDate>04/27/2012</StartDate>
      <EndDate/>
      <RoleCode>Principal Investigator</RoleCode>
    </Investigator>
    <Institution>
      <Name>North Carolina State University</Name>
      <CityName>RALEIGH</CityName>
      <ZipCode>276957514</ZipCode>
      <PhoneNumber>9195152444</PhoneNumber>
      <StreetAddress>CAMPUS BOX 7514</StreetAddress>
      <CountryName>United States</CountryName>
      <StateName>North Carolina</StateName>
      <StateCode>NC</StateCode>
    </Institution>
    <ProgramElement>
      <Code>1467</Code>
      <Text>MATERIALS PROCESSING AND MANFG</Text>
    </ProgramElement>
    <ProgramElement>
      <Code>1773</Code>
      <Text>POLYMERS</Text>
    </ProgramElement>
    <ProgramReference>
      <Code>024E</Code>
      <Text>MATERIALS DESIGN</Text>
    </ProgramReference>
    <ProgramReference>
      <Code>083E</Code>
      <Text>MATERIAL TRANSFORMATION PROC</Text>
    </ProgramReference>
    <ProgramReference>
      <Code>085E</Code>
      <Text>POLYMER &amp; COMPOSITES PROCESSES</Text>
    </ProgramReference>
    <ProgramReference>
      <Code>116E</Code>
      <Text>RESEARCH EXP FOR UNDERGRADS</Text>
    </ProgramReference>
    <ProgramReference>
      <Code>8025</Code>
      <Text>Advanced Materials Processing</Text>
    </ProgramReference>
    <ProgramReference>
      <Code>9178</Code>
      <Text>UNDERGRADUATE EDUCATION</Text>
    </ProgramReference>
    <ProgramReference>
      <Code>9231</Code>
      <Text>SUPPL FOR UNDERGRAD RES ASSIST</Text>
    </ProgramReference>
    <ProgramReference>
      <Code>9251</Code>
      <Text>RES EXPER FOR UNDERGRAD-SUPPLT</Text>
    </ProgramReference>
  </Award>
</rootTag>
