<?xml version="1.0" encoding="UTF-8"?>

<rootTag>
  <Award>
    <AwardTitle>Novel Efficient Clustering Techniques for Data Mining, Ranking, Pattern Recognition and Segmentation of Large Scale Data Sets</AwardTitle>
    <AwardEffectiveDate>09/01/2011</AwardEffectiveDate>
    <AwardExpirationDate>07/31/2016</AwardExpirationDate>
    <AwardAmount>325000</AwardAmount>
    <AwardInstrument>
      <Value>Standard Grant</Value>
    </AwardInstrument>
    <Organization>
      <Code>07030000</Code>
      <Directorate>
        <LongName>Directorate For Engineering</LongName>
      </Directorate>
      <Division>
        <LongName>Div Of Civil, Mechanical, &amp; Manufact Inn</LongName>
      </Division>
    </Organization>
    <ProgramOfficer>
      <SignBlockName>Georgia-Ann Klutke</SignBlockName>
    </ProgramOfficer>
    <AbstractNarration>The goal of this research is to investigate and develop discrete optimization algorithms for problems of clustering, pattern recognition, data mining and image processing. The research will address the theory and practice of such discrete optimization techniques, and will compare them to traditional approaches including variational models, spectral analysis, support vector machines and Principal Component Analysis. Algorithms will be implemented and their practical performance will be evaluated in applications of medical imaging; security detection; and image segmentation. The theoretical analysis will address the performance of algorithms for several clustering problems, which cannot be solved efficiently and optimally. For such known hard problems the performance will be evaluated in terms of how close the solutions attained are to the optimum, or the worst case error ratio. Efficient implementations will be developed to solve quickly pattern recognition and clustering problems on a sequence of data-sets that differ slightly from each other (e.g. for dynamically changing images, as in video). &lt;br/&gt;&lt;br/&gt;The results of this research are expected to improve automated or semi-automated methodologies for pattern recognition, image segmentation, clustering and co-segmentation. The anticipated benefits include the reduction in cost and the frequency of human error in image analysis. In particular, automatic identification of unusual or pathological features is expected to improve diagnosis and reduce the cost of evaluating medical images by introducing accurate and fast automated procedures. The high speed of the proposed methodologies will permit real time deployment and mayl contribute to speeding up the rate of research and development in health-care, biological sciences and homeland security applications.</AbstractNarration>
    <MinAmdLetterDate>10/06/2011</MinAmdLetterDate>
    <MaxAmdLetterDate>10/06/2011</MaxAmdLetterDate>
    <ARRAAmount/>
    <AwardID>1200592</AwardID>
    <Investigator>
      <FirstName>Dorit</FirstName>
      <LastName>Hochbaum</LastName>
      <EmailAddress>hochbaum@ieor.berkeley.edu</EmailAddress>
      <StartDate>10/06/2011</StartDate>
      <EndDate/>
      <RoleCode>Principal Investigator</RoleCode>
    </Investigator>
    <Institution>
      <Name>University of California-Berkeley</Name>
      <CityName>BERKELEY</CityName>
      <ZipCode>947045940</ZipCode>
      <PhoneNumber>5106428109</PhoneNumber>
      <StreetAddress>Sponsored Projects Office</StreetAddress>
      <CountryName>United States</CountryName>
      <StateName>California</StateName>
      <StateCode>CA</StateCode>
    </Institution>
    <ProgramElement>
      <Code>5514</Code>
      <Text>OPERATIONS RESEARCH</Text>
    </ProgramElement>
    <ProgramElement>
      <Code>7364</Code>
      <Text>INFO INTEGRATION &amp; INFORMATICS</Text>
    </ProgramElement>
    <ProgramReference>
      <Code>072E</Code>
      <Text>NETWORKS &amp; QUEUING SYSTEMS</Text>
    </ProgramReference>
    <ProgramReference>
      <Code>073E</Code>
      <Text>OPTIMIZATION &amp; DECISION MAKING</Text>
    </ProgramReference>
    <ProgramReference>
      <Code>077E</Code>
      <Text>SIMULATION MODELS</Text>
    </ProgramReference>
    <ProgramReference>
      <Code>5514</Code>
      <Text>OPERATIONS RESEARCH</Text>
    </ProgramReference>
    <ProgramReference>
      <Code>7364</Code>
      <Text>INFO INTEGRATION &amp; INFORMATICS</Text>
    </ProgramReference>
    <ProgramReference>
      <Code>9102</Code>
      <Text>WOMEN, MINORITY, DISABLED, NEC</Text>
    </ProgramReference>
  </Award>
</rootTag>
