<?xml version="1.0" encoding="UTF-8"?>

<rootTag>
  <Award>
    <AwardTitle>Robust Approval Process in the Face of Strategic Adversaries and Normal Applicants</AwardTitle>
    <AwardEffectiveDate>08/15/2012</AwardEffectiveDate>
    <AwardExpirationDate>07/31/2016</AwardExpirationDate>
    <AwardAmount>305958</AwardAmount>
    <AwardInstrument>
      <Value>Standard Grant</Value>
    </AwardInstrument>
    <Organization>
      <Code>07030000</Code>
      <Directorate>
        <LongName>Directorate For Engineering</LongName>
      </Directorate>
      <Division>
        <LongName>Div Of Civil, Mechanical, &amp; Manufact Inn</LongName>
      </Division>
    </Organization>
    <ProgramOfficer>
      <SignBlockName>Georgia-Ann Klutke</SignBlockName>
    </ProgramOfficer>
    <AbstractNarration>The objective of this award is to explore a new class of decision models to provide structural insights for robust screening when dealing with adaptive applicants and incomplete information. This research is motivated by public concerns on balancing congestion and safety due to security screening. Such screening has been used to identify and deter potential threats (e.g., terrorists, attackers, smugglers, spies) among normal applicants wishing to enter an organization, location, or facility. In-depth screening could reduce the risk of being attacked. However it may also create delays and deter normal applicants, which decreases the welfare of both the approver (authority, manager, screener) and the normal applicants. This research will consider the factors of security, congestion, equity, and the strategic and non-strategic responses from various applicant types. In particular, this research will study the applicants' strategies of applying, reneging, learning, and deceiving. This research will also study the approver's strategies of screening, dynamic service rates, multiple-servers and priority processing, multi-layer screening, and secrecy and deception. &lt;br/&gt;&lt;br/&gt;If successful, this research will lead to new frameworks that decision makers can use for screening diverse groups of strategic applicants. These new frameworks have the potential to reduce costs, avoid unnecessary waiting and inconvenience, and improve effectiveness and efficiency of the approval processes. Potential applications of this research include immigration systems, job market background checks, and airport/container/border controls. The relevance is illustrated by the recent national debate on selective "pat-downs" and "advanced imaging" screening, and the associated changing travel patterns. This research will engage many graduate, undergraduate, and high school students, including those from under-represented groups. The results of this research will be disseminated broadly to local, national and international communities.</AbstractNarration>
    <MinAmdLetterDate>04/04/2012</MinAmdLetterDate>
    <MaxAmdLetterDate>11/05/2015</MaxAmdLetterDate>
    <ARRAAmount/>
    <AwardID>1200899</AwardID>
    <Investigator>
      <FirstName>Jun</FirstName>
      <LastName>Zhuang</LastName>
      <EmailAddress>jzhuang@buffalo.edu</EmailAddress>
      <StartDate>04/04/2012</StartDate>
      <EndDate/>
      <RoleCode>Principal Investigator</RoleCode>
    </Investigator>
    <Institution>
      <Name>SUNY at Buffalo</Name>
      <CityName>Amherst</CityName>
      <ZipCode>142282567</ZipCode>
      <PhoneNumber>7166452634</PhoneNumber>
      <StreetAddress>520 Lee Entrance</StreetAddress>
      <CountryName>United States</CountryName>
      <StateName>New York</StateName>
      <StateCode>NY</StateCode>
    </Institution>
    <ProgramElement>
      <Code>006Y</Code>
      <Text>Service, Manufacturing, and Op</Text>
    </ProgramElement>
    <ProgramElement>
      <Code>1787</Code>
      <Text>SERVICE ENTERPRISE SYSTEMS</Text>
    </ProgramElement>
    <ProgramReference>
      <Code>076E</Code>
      <Text>SERVICE ENTERPRISE SYSTEMS</Text>
    </ProgramReference>
    <ProgramReference>
      <Code>078E</Code>
      <Text>ENTERPRISE DESIGN &amp; LOGISTICS</Text>
    </ProgramReference>
    <ProgramReference>
      <Code>116E</Code>
      <Text>RESEARCH EXP FOR UNDERGRADS</Text>
    </ProgramReference>
    <ProgramReference>
      <Code>8023</Code>
      <Text>Health Care Enterprise Systems</Text>
    </ProgramReference>
    <ProgramReference>
      <Code>9147</Code>
      <Text>GENERIC TECHNOL FOR MANUFACTURING CELLS</Text>
    </ProgramReference>
    <ProgramReference>
      <Code>9178</Code>
      <Text>UNDERGRADUATE EDUCATION</Text>
    </ProgramReference>
    <ProgramReference>
      <Code>9231</Code>
      <Text>SUPPL FOR UNDERGRAD RES ASSIST</Text>
    </ProgramReference>
    <ProgramReference>
      <Code>9251</Code>
      <Text>RES EXPER FOR UNDERGRAD-SUPPLT</Text>
    </ProgramReference>
    <ProgramReference>
      <Code>MANU</Code>
      <Text>MANUFACTURING</Text>
    </ProgramReference>
  </Award>
</rootTag>
