<?xml version="1.0" encoding="UTF-8"?>

<rootTag>
  <Award>
    <AwardTitle>Collaborative Research: RET in Engineering and Computer Science Site: Research Experiences for Teachers Focused on Applications of ImagEs and SiGnals In High Schools (AEGIS)</AwardTitle>
    <AwardEffectiveDate>08/01/2012</AwardEffectiveDate>
    <AwardExpirationDate>07/31/2017</AwardExpirationDate>
    <AwardAmount>262500</AwardAmount>
    <AwardInstrument>
      <Value>Standard Grant</Value>
    </AwardInstrument>
    <Organization>
      <Code>05050000</Code>
      <Directorate>
        <LongName>Direct For Computer &amp; Info Scie &amp; Enginr</LongName>
      </Directorate>
      <Division>
        <LongName>Division Of Computer and Network Systems</LongName>
      </Division>
    </Organization>
    <ProgramOfficer>
      <SignBlockName>Harriet G. Taylor</SignBlockName>
    </ProgramOfficer>
    <AbstractNarration>This award provides funding for a new collaborative Research Experiences for Teachers (RET) Site focused on Signal and Image Processing at the University of Central Florida and Florida Institute of Technology. Each year 13 high school teachers from school districts in four Central Florida counties will participate in research projects at the universities. The teachers will also develop modules related to their research which they will implement in their classes in the following school year. The teachers will organize annual science events to share their work with the communities around their schools and they will participate in the Florida Science Olympiad. Through participation in the RET Site the teachers will have an enhanced knowledge base in engineering and computer science and the skills to translate this into their classroom practices, thus impacting their students and motivating them towards science, technology, computing, and engineering disciplines.&lt;br/&gt;&lt;br/&gt;The intellectual merit of this project revolves around the expertise of the research team and outstanding research environment in which the teachers will work. The research projects are compelling and are in areas that are of current interest. &lt;br/&gt;&lt;br/&gt;The broader impacts of this project include substantial impact on the area schools and dissemination to a broad community. Teachers will incorporate new computing and engineering topics into their classes and develop hands-on ways to impart these topics to secondary students. The teachers will also engage in public outreach to convey the concepts and appreciation of computer science and engineering to the public. Through this project, a long-term relationship between the university and the schools will be forged and cemented. The partners will work together to build a foundation of outstanding computing and engineering education in the region.</AbstractNarration>
    <MinAmdLetterDate>06/13/2012</MinAmdLetterDate>
    <MaxAmdLetterDate>06/13/2012</MaxAmdLetterDate>
    <ARRAAmount/>
    <AwardID>1200566</AwardID>
    <Investigator>
      <FirstName>Michael</FirstName>
      <LastName>Georgiopoulos</LastName>
      <EmailAddress>michaelg@ucf.edu</EmailAddress>
      <StartDate>06/13/2012</StartDate>
      <EndDate/>
      <RoleCode>Principal Investigator</RoleCode>
    </Investigator>
    <Investigator>
      <FirstName>Lei</FirstName>
      <LastName>Wei</LastName>
      <EmailAddress>lei@ee.ucf.edu</EmailAddress>
      <StartDate>06/13/2012</StartDate>
      <EndDate/>
      <RoleCode>Co-Principal Investigator</RoleCode>
    </Investigator>
    <Institution>
      <Name>University of Central Florida</Name>
      <CityName>ORLANDO</CityName>
      <ZipCode>328168005</ZipCode>
      <PhoneNumber>4078821120</PhoneNumber>
      <StreetAddress>4000 CNTRL FLORIDA BLVD</StreetAddress>
      <CountryName>United States</CountryName>
      <StateName>Florida</StateName>
      <StateCode>FL</StateCode>
    </Institution>
    <ProgramElement>
      <Code>1359</Code>
      <Text>RES EXP FOR TEACHERS(RET)-SITE</Text>
    </ProgramElement>
    <ProgramReference>
      <Code>1359</Code>
      <Text>RES EXP FOR TEACHERS(RET)-SITE</Text>
    </ProgramReference>
  </Award>
</rootTag>
