<?xml version="1.0" encoding="UTF-8"?>

<rootTag>
  <Award>
    <AwardTitle>The Distribution of Zeros and Values of the Riemann Zeta-Function and L-Functions</AwardTitle>
    <AwardEffectiveDate>07/01/2012</AwardEffectiveDate>
    <AwardExpirationDate>06/30/2016</AwardExpirationDate>
    <AwardAmount>243000</AwardAmount>
    <AwardInstrument>
      <Value>Standard Grant</Value>
    </AwardInstrument>
    <Organization>
      <Code>03040000</Code>
      <Directorate>
        <LongName>Direct For Mathematical &amp; Physical Scien</LongName>
      </Directorate>
      <Division>
        <LongName>Division Of Mathematical Sciences</LongName>
      </Division>
    </Organization>
    <ProgramOfficer>
      <SignBlockName>Andrew D. Pollington</SignBlockName>
    </ProgramOfficer>
    <AbstractNarration>The goal of this project is to investigate fundamental questions about the behavior of the Riemann zeta-function and other L-functions. The proposer will study the distribution of zeros of the derivative of the zeta-function near vertical lines to the right of the critical line by new methods. Empirical studies suggest that the distribution function of these zeros has the peculiar feature of possessing two local maxima. It may be that the theoretical and numerical studies proposed here will explain this phenomenon. A second project is to prove the recent conjectures of H. L. Montgomery and the proposer concerning large values of the zeta-function at its critical points. These conjectures arose in their study of the geometry of the level curves of the zeta-function through these points. The proposer will also investigate the distribution of a-points of L-functions on the critical line and the proportion of simple a-points to the right of it. A goal here is to support Selberg's conjecture that there are only finitely many a-points on the critical line by showing that, in any case, at most an infinitesimal proportion are. Other problems are to determine the pair correlation function of the zeros of the real and imaginary parts of the zeta-function and to determine how it changes as one approaches the critical line; to calculate discrete moments of the derivative of the zeta-function using the proposer?s hybrid formula for the zeta-function and random matrix theory modeling; to determine the connection between the Alternative Hypothesis for the zeros of the zeta-function and an ?alternative? twin prime conjecture; and, finally, to improve significantly the proposer's recent work on moments of finite Euler products by extending these results to very long products.&lt;br/&gt;&lt;br/&gt;The projects described in the proposal are all concerned with fundamental issues in analytic number theory, namely, the analytic and geometric properties of the Riemann zeta-function and other L-functions in the Selberg class. Progress will advance the development of the theory of the zeta-function and these other L-functions in both traditional and new directions. Some of the proposed methods are new and may well have applications to other areas since most of the problems have connections with harmonic analysis, probability theory, and complex function theory. There are also direct connections with questions in random matrix theory such as the distribution of zeros of the derivative of characteristic polynomials of random matrices.</AbstractNarration>
    <MinAmdLetterDate>04/24/2012</MinAmdLetterDate>
    <MaxAmdLetterDate>04/24/2012</MaxAmdLetterDate>
    <ARRAAmount/>
    <AwardID>1200582</AwardID>
    <Investigator>
      <FirstName>Steven</FirstName>
      <LastName>Gonek</LastName>
      <EmailAddress>gonek@math.rochester.edu</EmailAddress>
      <StartDate>04/24/2012</StartDate>
      <EndDate/>
      <RoleCode>Principal Investigator</RoleCode>
    </Investigator>
    <Institution>
      <Name>University of Rochester</Name>
      <CityName>Rochester</CityName>
      <ZipCode>146270140</ZipCode>
      <PhoneNumber>5852754031</PhoneNumber>
      <StreetAddress>518 HYLAN, RC BOX 270140</StreetAddress>
      <CountryName>United States</CountryName>
      <StateName>New York</StateName>
      <StateCode>NY</StateCode>
    </Institution>
    <ProgramElement>
      <Code>1264</Code>
      <Text>ALGEBRA,NUMBER THEORY,AND COM</Text>
    </ProgramElement>
  </Award>
</rootTag>
