<?xml version="1.0" encoding="UTF-8"?>

<rootTag>
  <Award>
    <AwardTitle>Homogeneous Dynamics and Number Theory</AwardTitle>
    <AwardEffectiveDate>08/01/2012</AwardEffectiveDate>
    <AwardExpirationDate>07/31/2016</AwardExpirationDate>
    <AwardAmount>145649</AwardAmount>
    <AwardInstrument>
      <Value>Continuing grant</Value>
    </AwardInstrument>
    <Organization>
      <Code>03040000</Code>
      <Directorate>
        <LongName>Direct For Mathematical &amp; Physical Scien</LongName>
      </Directorate>
      <Division>
        <LongName>Division Of Mathematical Sciences</LongName>
      </Division>
    </Organization>
    <ProgramOfficer>
      <SignBlockName>Andrew D. Pollington</SignBlockName>
    </ProgramOfficer>
    <AbstractNarration>The problems to be investigated are in the area of dynamical systems on homogeneous spaces which are obtained as a quotient of a Lie group by a discrete subgroup. Such spaces arise naturally from problems in number theory. The main objective is to continue the path of establishing dynamics on homogeneous spaces as a powerful tool to approach certain problems in number theory. The following problems will be main objects of the study: (i) "effectivization" of orbit closure and equdistribution results for orbits of certain subgroups (ii) establishing "rigidity" results for invariant measures and orbits of ''certain subgroups" on homogeneous spaces; special attention will be given to the case of Radon measures on geometrically finite manifolds and Raghunathan's conjecture in positive characteristic setting. &lt;br/&gt;&lt;br/&gt;Lie groups and their discrete subgroups are one of the central objects of study in mathematics. During the past 40 years, techniques and ideas from dynamics on homogeneous spaces have been fruitful in answering certain long standing questions in number theory, in particular in Diophantine approximation. The relevant results are mostly in the rigidity theory of the kind that a rather weak initial information about an object almost fully classifies the object. This proposal seeks continuation of this path.</AbstractNarration>
    <MinAmdLetterDate>07/19/2012</MinAmdLetterDate>
    <MaxAmdLetterDate>04/24/2014</MaxAmdLetterDate>
    <ARRAAmount/>
    <AwardID>1200388</AwardID>
    <Investigator>
      <FirstName>Amir</FirstName>
      <LastName>Mohammadi</LastName>
      <EmailAddress>amir@math.utexas.edu</EmailAddress>
      <StartDate>07/19/2012</StartDate>
      <EndDate/>
      <RoleCode>Principal Investigator</RoleCode>
    </Investigator>
    <Institution>
      <Name>University of Texas at Austin</Name>
      <CityName>Austin</CityName>
      <ZipCode>787121532</ZipCode>
      <PhoneNumber>5124716424</PhoneNumber>
      <StreetAddress>101 E. 27th Street, Suite 5.300</StreetAddress>
      <CountryName>United States</CountryName>
      <StateName>Texas</StateName>
      <StateCode>TX</StateCode>
    </Institution>
    <ProgramElement>
      <Code>1264</Code>
      <Text>ALGEBRA,NUMBER THEORY,AND COM</Text>
    </ProgramElement>
    <ProgramElement>
      <Code>1281</Code>
      <Text>ANALYSIS PROGRAM</Text>
    </ProgramElement>
  </Award>
</rootTag>
