<?xml version="1.0" encoding="UTF-8"?>

<rootTag>
  <Award>
    <AwardTitle>Structure-Property-Processing Correlations in Ice-templated Materials</AwardTitle>
    <AwardEffectiveDate>09/01/2012</AwardEffectiveDate>
    <AwardExpirationDate>08/31/2015</AwardExpirationDate>
    <AwardAmount>368366</AwardAmount>
    <AwardInstrument>
      <Value>Standard Grant</Value>
    </AwardInstrument>
    <Organization>
      <Code>07030000</Code>
      <Directorate>
        <LongName>Directorate For Engineering</LongName>
      </Directorate>
      <Division>
        <LongName>Div Of Civil, Mechanical, &amp; Manufact Inn</LongName>
      </Division>
    </Organization>
    <ProgramOfficer>
      <SignBlockName>Mary M. Toney</SignBlockName>
    </ProgramOfficer>
    <AbstractNarration>The grant provides funding for a study of structure-property-processing correlations in ice-templated materials, applying the unique facilities of the Ice Research Laboratory at Dartmouth College to gain insight into the fundamental science of the freeze-casting process. The objectives are to test the following hypotheses: (i) that ice crystal growth in polymer solutions can be carefully controlled so that scaffolds can be created that have highly aligned, unidirectional pore structures with additional microstructural features within the pores, (ii) that the geometry and surface structure of the ice crystal, and thus the ice-templated scaffold, can be controlled through materials composition, additives and freezing conditions, (iii) that pore size and geometry and pore surface structure can be modeled and predicted. Collating the empirical and theoretical results and plotting them in structure-property-processing charts will aid the systematic exploration of currently unpopulated ?white spaces? in the material structure and property space, enabling an objective comparison of the performance of different scaffold compositions and designs, pointing out property profiles which are of particular promise.&lt;br/&gt;&lt;br/&gt;The successful completion of the described work will provide knowledge and tools that guide a paradigm shift towards a more systematic approach for the design and manufacture of porous materials made by freeze casting by making the collected structure-property-processing correlations accessible to a broad audience. Major contributions of this work are expected to impact a multitude of application areas such as biomaterials and tissue scaffolds (e.g., nerve, bone), multifunctional materials for architectural and environmental engineering (e.g., infra-red reflecting, thermally insulating, electromagnetic shielding materials), green design (e.g., renewable packaging) and energy generation and storage (e.g., biobatteries, nuclear fuel pellets).</AbstractNarration>
    <MinAmdLetterDate>04/22/2012</MinAmdLetterDate>
    <MaxAmdLetterDate>04/22/2012</MaxAmdLetterDate>
    <ARRAAmount/>
    <AwardID>1200408</AwardID>
    <Investigator>
      <FirstName>Ian</FirstName>
      <LastName>Baker</LastName>
      <EmailAddress>Ian.Baker@Dartmouth.edu</EmailAddress>
      <StartDate>04/22/2012</StartDate>
      <EndDate/>
      <RoleCode>Co-Principal Investigator</RoleCode>
    </Investigator>
    <Investigator>
      <FirstName>Harold</FirstName>
      <LastName>Frost</LastName>
      <EmailAddress>harold.j.frost@dartmouth.edu</EmailAddress>
      <StartDate>04/22/2012</StartDate>
      <EndDate/>
      <RoleCode>Co-Principal Investigator</RoleCode>
    </Investigator>
    <Investigator>
      <FirstName>Ulrike G.K.</FirstName>
      <LastName>Wegst</LastName>
      <EmailAddress>ulrike.wegst@dartmouth.edu</EmailAddress>
      <StartDate>04/22/2012</StartDate>
      <EndDate/>
      <RoleCode>Principal Investigator</RoleCode>
    </Investigator>
    <Institution>
      <Name>Dartmouth College</Name>
      <CityName>HANOVER</CityName>
      <ZipCode>037551404</ZipCode>
      <PhoneNumber>6036463007</PhoneNumber>
      <StreetAddress>OFFICE OF SPONSORED PROJECTS</StreetAddress>
      <CountryName>United States</CountryName>
      <StateName>New Hampshire</StateName>
      <StateCode>NH</StateCode>
    </Institution>
    <ProgramElement>
      <Code>1467</Code>
      <Text>MATERIALS PROCESSING AND MANFG</Text>
    </ProgramElement>
    <ProgramReference>
      <Code>024E</Code>
      <Text>MATERIALS DESIGN</Text>
    </ProgramReference>
    <ProgramReference>
      <Code>083E</Code>
      <Text>MATERIAL TRANSFORMATION PROC</Text>
    </ProgramReference>
    <ProgramReference>
      <Code>8025</Code>
      <Text>Advanced Materials Processing</Text>
    </ProgramReference>
    <ProgramReference>
      <Code>9102</Code>
      <Text>WOMEN, MINORITY, DISABLED, NEC</Text>
    </ProgramReference>
    <ProgramReference>
      <Code>9150</Code>
      <Text>EXP PROG TO STIM COMP RES</Text>
    </ProgramReference>
    <ProgramReference>
      <Code>080E</Code>
      <Text>DEFORMATION PROCESSES</Text>
    </ProgramReference>
  </Award>
</rootTag>
