<?xml version="1.0" encoding="UTF-8"?>

<rootTag>
  <Award>
    <AwardTitle>Applications of derived algebraic geometry to problems in Hodge and Lie theory</AwardTitle>
    <AwardEffectiveDate>08/01/2012</AwardEffectiveDate>
    <AwardExpirationDate>07/31/2017</AwardExpirationDate>
    <AwardAmount>211148</AwardAmount>
    <AwardInstrument>
      <Value>Standard Grant</Value>
    </AwardInstrument>
    <Organization>
      <Code>03040000</Code>
      <Directorate>
        <LongName>Direct For Mathematical &amp; Physical Scien</LongName>
      </Directorate>
      <Division>
        <LongName>Division Of Mathematical Sciences</LongName>
      </Division>
    </Organization>
    <ProgramOfficer>
      <SignBlockName>Andrew D. Pollington</SignBlockName>
    </ProgramOfficer>
    <AbstractNarration>The overarching theme of the current project is applying techniques and intuitions from the newly developed field of derived algebraic geometry to solve or rephrase classical problems in algebraic geometry and complex geometry. Two main topics are proposed. The first one involves studying the semi-regularity map introduced by Spencer Bloch in 1972 from the point of view of topological conformal field theory. The main intuition is that the semi-regularity map should be a part of the so-called open-closed map that appears in the study of open-closed topological conformal field theories. The second topic involves studying the relationship between the PI's recent result with Dima Arinkin on the existence of a fibration structure on the derived self-intersection of a submanifold and the 1988 proof of Deligne and Illusie of the algebraic Hodge theorem. &lt;br/&gt;&lt;br/&gt;The 19th and 20th century saw the development of Lie theory and Hodge theory, two of the most influential areas of modern mathematics. These theories have had direct influence on our understanding of quantum physics and related fields. Derived algebraic geometry is a new and exciting field of mathematics, lying at the interface of algebraic geometry and algebraic topology. The work in this project will enhance our understanding of the newly developed ideas of derived algebraic geometry, by studying applications to classical problems in Hodge theory and algebraic geometry. Applications to other fields are expected, with a number of projects containing applications to problems in Lie theory being included.</AbstractNarration>
    <MinAmdLetterDate>03/26/2012</MinAmdLetterDate>
    <MaxAmdLetterDate>03/26/2012</MaxAmdLetterDate>
    <ARRAAmount/>
    <AwardID>1200721</AwardID>
    <Investigator>
      <FirstName>Andrei</FirstName>
      <LastName>Caldararu</LastName>
      <EmailAddress>andreic@math.wisc.edu</EmailAddress>
      <StartDate>03/26/2012</StartDate>
      <EndDate/>
      <RoleCode>Principal Investigator</RoleCode>
    </Investigator>
    <Institution>
      <Name>University of Wisconsin-Madison</Name>
      <CityName>MADISON</CityName>
      <ZipCode>537151218</ZipCode>
      <PhoneNumber>6082623822</PhoneNumber>
      <StreetAddress>21 North Park Street</StreetAddress>
      <CountryName>United States</CountryName>
      <StateName>Wisconsin</StateName>
      <StateCode>WI</StateCode>
    </Institution>
    <ProgramElement>
      <Code>1264</Code>
      <Text>ALGEBRA,NUMBER THEORY,AND COM</Text>
    </ProgramElement>
  </Award>
</rootTag>
