<?xml version="1.0" encoding="UTF-8"?>

<rootTag>
  <Award>
    <AwardTitle>Collaborative Research: Inverse-Consistent Determination of Effective Young's Modulus for Human Lung</AwardTitle>
    <AwardEffectiveDate>09/01/2012</AwardEffectiveDate>
    <AwardExpirationDate>08/31/2016</AwardExpirationDate>
    <AwardAmount>258929</AwardAmount>
    <AwardInstrument>
      <Value>Standard Grant</Value>
    </AwardInstrument>
    <Organization>
      <Code>07030000</Code>
      <Directorate>
        <LongName>Directorate For Engineering</LongName>
      </Directorate>
      <Division>
        <LongName>Div Of Civil, Mechanical, &amp; Manufact Inn</LongName>
      </Division>
    </Organization>
    <ProgramOfficer>
      <SignBlockName>David Fyhrie</SignBlockName>
    </ProgramOfficer>
    <AbstractNarration>The research objective of this award is to use a combination of computational tools, radiological imaging and image processing methods to determine consistent effective elastic properties of human lung in a non-invasive manner. Such data, which do not currently exist, will enable accurate simulation of lung dynamics for targeted radiotherapy. Studies conducted under this award will reproduce lung geometry from computed tomography imaging, simulate by means of computational and image processing tools the airflow and spatial deformation of the lungs, and iteratively estimate the effective tissue elasticity for known values of airflow and deformation predicted using the computational tool. The estimated tissue elastic properties will be validated by comparison with manual landmark tracking established by a clinical expert.&lt;br/&gt;&lt;br/&gt;This research, if successful, will significantly improve knowledge base on biomechanical properties of human tissue structures, and establish a property-performance relationship between the tissues and a wide range of clinical procedures. The approach could be used in a radiotherapy clinical workflow designed to track tumor motion and develop improved radiotherapy treatment that ultimately improves patient's treatment outcome and reduces overall cost. The knowledge gained from this study could be extended to other anatomical sites including biomechanical stress-induced plaque rupture in cardiovascular disease, estimation of cardiac tissue elasticity, and to address variations in imaging modality. This award is multidisciplinary, involving collaboration among scientists, engineers and clinicians at three institutions. The education plan focuses on nurturing the next generation of scientists and engineers by providing them with an opportunity to work on challenging problems of practical importance across disciplines. Undergraduate and graduate students will be engaged in the research, and will benefit from integration of research findings into classroom instruction and the multidisciplinary training in diverse fields.</AbstractNarration>
    <MinAmdLetterDate>08/22/2012</MinAmdLetterDate>
    <MaxAmdLetterDate>08/22/2012</MaxAmdLetterDate>
    <ARRAAmount/>
    <AwardID>1200579</AwardID>
    <Investigator>
      <FirstName>Anand</FirstName>
      <LastName>Santhanam</LastName>
      <EmailAddress>hellotoanand@gmail.com</EmailAddress>
      <StartDate>08/22/2012</StartDate>
      <EndDate/>
      <RoleCode>Principal Investigator</RoleCode>
    </Investigator>
    <Institution>
      <Name>University of California-Los Angeles</Name>
      <CityName>LOS ANGELES</CityName>
      <ZipCode>900952000</ZipCode>
      <PhoneNumber>3107940102</PhoneNumber>
      <StreetAddress>11000 Kinross Avenue, Suite 211</StreetAddress>
      <CountryName>United States</CountryName>
      <StateName>California</StateName>
      <StateCode>CA</StateCode>
    </Institution>
    <ProgramElement>
      <Code>7479</Code>
      <Text>Biomechanics &amp; Mechanobiology</Text>
    </ProgramElement>
    <ProgramReference>
      <Code>024E</Code>
      <Text>MATERIALS DESIGN</Text>
    </ProgramReference>
    <ProgramReference>
      <Code>027E</Code>
      <Text>NANOMECHANICS</Text>
    </ProgramReference>
    <ProgramReference>
      <Code>028E</Code>
      <Text>BIOMECHANICS</Text>
    </ProgramReference>
    <ProgramReference>
      <Code>1057</Code>
      <Text>CIS BASE RESEARCH</Text>
    </ProgramReference>
    <ProgramReference>
      <Code>CVIS</Code>
      <Text>CIVIL INFRASTRUCTURE</Text>
    </ProgramReference>
  </Award>
</rootTag>
