<?xml version="1.0" encoding="UTF-8"?>

<rootTag>
  <Award>
    <AwardTitle>Collaborative Research: Computational Foundations for Learning, Verifying, and Applying Model Simplification Rules</AwardTitle>
    <AwardEffectiveDate>07/01/2012</AwardEffectiveDate>
    <AwardExpirationDate>06/30/2017</AwardExpirationDate>
    <AwardAmount>264932</AwardAmount>
    <AwardInstrument>
      <Value>Standard Grant</Value>
    </AwardInstrument>
    <Organization>
      <Code>07030000</Code>
      <Directorate>
        <LongName>Directorate For Engineering</LongName>
      </Directorate>
      <Division>
        <LongName>Div Of Civil, Mechanical, &amp; Manufact Inn</LongName>
      </Division>
    </Organization>
    <ProgramOfficer>
      <SignBlockName>Richard Malak</SignBlockName>
    </ProgramOfficer>
    <AbstractNarration>The objective of this award is to develop feature-based simplification of computer-aided-design models, specifically to accelerate and automate downstream finite-element-analysis. In particular, the research will create algorithmic foundations for learning conservative feature suppression rules from demonstrations performed by human experts. The effect of simplification on simulation accuracy will be formally characterized and this understanding will be used to create robust algorithms for feature suppression within computer-aided design models. Research findings will be integrated into graduate and undergraduate curriculum. The research will ultimately lead to a framework to automatically learn, validate, and apply context dependent model simplification rules that can be audited by human experts, and deployed to automate the model simplification task.&lt;br/&gt;&lt;br/&gt;If successful, the research will significantly speed up model simplification, and enhance the automated use of engineering analysis tools in the design process. Potential applications include design of heat exchangers, aircraft structures, and semi-conductor equipment. The planned research and education integration activities and outreach activities will familiarize graduate, undergraduate, and high school students with the use of model simplification technologies in challenging engineering design projects. This project will also increase awareness among practicing engineers about the potential usage of automated model simplification in complex engineering design projects. Students working on this project will also participate in Badger Camp and Engineering Expo events at the University of Wisconsin campus and Maryland Day at the University of Maryland to enhance the public understanding of the science and technology.</AbstractNarration>
    <MinAmdLetterDate>06/25/2012</MinAmdLetterDate>
    <MaxAmdLetterDate>11/28/2014</MaxAmdLetterDate>
    <ARRAAmount/>
    <AwardID>1200087</AwardID>
    <Investigator>
      <FirstName>Satyandra</FirstName>
      <LastName>Gupta</LastName>
      <EmailAddress>guptask@usc.edu</EmailAddress>
      <StartDate>11/28/2014</StartDate>
      <EndDate/>
      <RoleCode>Principal Investigator</RoleCode>
    </Investigator>
    <Investigator>
      <FirstName>Dana</FirstName>
      <LastName>Nau</LastName>
      <EmailAddress>nau@cs.umd.edu</EmailAddress>
      <StartDate>07/26/2012</StartDate>
      <EndDate>11/28/2014</EndDate>
      <RoleCode>Former Principal Investigator</RoleCode>
    </Investigator>
    <Institution>
      <Name>University of Maryland College Park</Name>
      <CityName>COLLEGE PARK</CityName>
      <ZipCode>207425141</ZipCode>
      <PhoneNumber>3014056269</PhoneNumber>
      <StreetAddress>3112 LEE BLDG 7809 Regents Drive</StreetAddress>
      <CountryName>United States</CountryName>
      <StateName>Maryland</StateName>
      <StateCode>MD</StateCode>
    </Institution>
    <ProgramElement>
      <Code>1464</Code>
      <Text>ENGINEERING DESIGN AND INNOVAT</Text>
    </ProgramElement>
    <ProgramReference>
      <Code>067E</Code>
      <Text>DESIGN TOOLS</Text>
    </ProgramReference>
    <ProgramReference>
      <Code>068E</Code>
      <Text>DESIGN THEORY</Text>
    </ProgramReference>
    <ProgramReference>
      <Code>073E</Code>
      <Text>OPTIMIZATION &amp; DECISION MAKING</Text>
    </ProgramReference>
    <ProgramReference>
      <Code>9148</Code>
      <Text>TOOLS &amp; TECHNOL FOR MANUFACTURING DESIGN</Text>
    </ProgramReference>
  </Award>
</rootTag>
