<?xml version="1.0" encoding="UTF-8"?>

<rootTag>
  <Award>
    <AwardTitle>Derived equivalences inspired by mirror symmetry</AwardTitle>
    <AwardEffectiveDate>05/01/2012</AwardEffectiveDate>
    <AwardExpirationDate>04/30/2017</AwardExpirationDate>
    <AwardAmount>179924</AwardAmount>
    <AwardInstrument>
      <Value>Standard Grant</Value>
    </AwardInstrument>
    <Organization>
      <Code>03040000</Code>
      <Directorate>
        <LongName>Direct For Mathematical &amp; Physical Scien</LongName>
      </Directorate>
      <Division>
        <LongName>Division Of Mathematical Sciences</LongName>
      </Division>
    </Organization>
    <ProgramOfficer>
      <SignBlockName>Andrew D. Pollington</SignBlockName>
    </ProgramOfficer>
    <AbstractNarration>Borisov's project aims to further the understanding of derived categories of algebraic varieties, which are used to describe boundary conditions that govern the propagation of open strings. He will verify the expected derived equivalence of double mirror Calabi-Yau complete intersections in toric varieties. He will work to construct flat families of triangulated categories that interpolate between derived categories of different crepant resolutions of a toric singularity. Borisov will also attempt to settle the conjecture that states that birational algebraic varieties with the same canonical divisor are derived equivalent.&lt;br/&gt;&lt;br/&gt;String theory is the leading physical candidate for the unified theory of the known physical forces. Despite steady progress in recent years, mathematical aspects of string theory are not yet adequately understood. This dearth of understanding is an obstacle to further development of string theory which is needed to connect it with the real world phenomena. Borisov will contribute to an active branch of mathematics research which is related to and is inspired by string theory, and will train a graduate student in this area of study.</AbstractNarration>
    <MinAmdLetterDate>04/12/2012</MinAmdLetterDate>
    <MaxAmdLetterDate>04/12/2012</MaxAmdLetterDate>
    <ARRAAmount/>
    <AwardID>1201466</AwardID>
    <Investigator>
      <FirstName>Lev</FirstName>
      <LastName>Borisov</LastName>
      <EmailAddress>borisov@math.rutgers.edu</EmailAddress>
      <StartDate>04/12/2012</StartDate>
      <EndDate/>
      <RoleCode>Principal Investigator</RoleCode>
    </Investigator>
    <Institution>
      <Name>Rutgers University New Brunswick</Name>
      <CityName>Piscataway</CityName>
      <ZipCode>088543925</ZipCode>
      <PhoneNumber>8489320150</PhoneNumber>
      <StreetAddress>33 Knightsbridge Road</StreetAddress>
      <CountryName>United States</CountryName>
      <StateName>New Jersey</StateName>
      <StateCode>NJ</StateCode>
    </Institution>
    <ProgramElement>
      <Code>1264</Code>
      <Text>ALGEBRA,NUMBER THEORY,AND COM</Text>
    </ProgramElement>
  </Award>
</rootTag>
