<?xml version="1.0" encoding="UTF-8"?>

<rootTag>
  <Award>
    <AwardTitle>GOALI: Roll-to-roll Solvent-free Fabrication of Asymmetric Porous Membrane for Low-cost High-efficiency Fuel Cell Humidification</AwardTitle>
    <AwardEffectiveDate>06/15/2012</AwardEffectiveDate>
    <AwardExpirationDate>05/31/2016</AwardExpirationDate>
    <AwardAmount>369653</AwardAmount>
    <AwardInstrument>
      <Value>Standard Grant</Value>
    </AwardInstrument>
    <Organization>
      <Code>07030000</Code>
      <Directorate>
        <LongName>Directorate For Engineering</LongName>
      </Directorate>
      <Division>
        <LongName>Div Of Civil, Mechanical, &amp; Manufact Inn</LongName>
      </Division>
    </Organization>
    <ProgramOfficer>
      <SignBlockName>Mary M. Toney</SignBlockName>
    </ProgramOfficer>
    <AbstractNarration>This Grant Opportunities for Academic Liaison with Industry (GOALI) grant provides funding to investigate the formation mechanism of asymmetric membranes in a solvent-free fabrication approach and the water transport phenomena in such membranes, in order to develop a manufacturing process for low-cost, high-efficiency humidification systems for fuel cell vehicle applications. The asymmetric membranes will be fabricated using a roll-to-roll foaming process with non-equilibrium gas saturation and desorption. A physics-based multi-scale dynamic model for water vapor transport in porous media will be developed to guide the design of the membrane structure. A bubble growth model will be employed together with experimental studies to identify the optimal process conditions. The experiments will be conducted on a lab scale foaming apparatus that will be designed and built. The fabricated membranes will be characterized and evaluated in prototype humidifiers sized for fuel cell vehicles. This research will be conducted with close collaboration between university and industry research teams. The university team will focus on modeling and process development and the industry partner (Ford) will focus on system design and integration. &lt;br/&gt;If successful, the results of this research will lead to a novel manufacturing process for asymmetric membranes that are suitable for fuel cell humidification applications. They will also lead to enhanced understanding of water vapor transport phenomena in porous media. The technology developed in this work will be transferrable to the automotive industry and contribute to reducing the cost of fuel cell vehicles and improving the competitiveness of domestic manufacturers. The developed manufacturing process can also be used to fabricate membranes for many other applications, such as water purification and gas separation. In addition, this research will provide a unique opportunity for undergraduate and graduate students to obtain experimental and analytical training in a collaborative environment with industry.</AbstractNarration>
    <MinAmdLetterDate>06/08/2012</MinAmdLetterDate>
    <MaxAmdLetterDate>06/08/2012</MaxAmdLetterDate>
    <ARRAAmount/>
    <AwardID>1201171</AwardID>
    <Investigator>
      <FirstName>Chris</FirstName>
      <LastName>Gearhart</LastName>
      <EmailAddress>cgearha1@ford.com</EmailAddress>
      <StartDate>06/08/2012</StartDate>
      <EndDate/>
      <RoleCode>Co-Principal Investigator</RoleCode>
    </Investigator>
    <Investigator>
      <FirstName>Wei</FirstName>
      <LastName>Li</LastName>
      <EmailAddress>weiwli@austin.utexas.edu</EmailAddress>
      <StartDate>06/08/2012</StartDate>
      <EndDate/>
      <RoleCode>Co-Principal Investigator</RoleCode>
    </Investigator>
    <Investigator>
      <FirstName>Dongmei</FirstName>
      <LastName>Chen</LastName>
      <EmailAddress>dmchen@me.utexas.edu</EmailAddress>
      <StartDate>06/08/2012</StartDate>
      <EndDate/>
      <RoleCode>Principal Investigator</RoleCode>
    </Investigator>
    <Institution>
      <Name>University of Texas at Austin</Name>
      <CityName>Austin</CityName>
      <ZipCode>787121532</ZipCode>
      <PhoneNumber>5124716424</PhoneNumber>
      <StreetAddress>101 E. 27th Street, Suite 5.300</StreetAddress>
      <CountryName>United States</CountryName>
      <StateName>Texas</StateName>
      <StateCode>TX</StateCode>
    </Institution>
    <ProgramElement>
      <Code>1467</Code>
      <Text>MATERIALS PROCESSING AND MANFG</Text>
    </ProgramElement>
    <ProgramElement>
      <Code>1504</Code>
      <Text>GRANT OPP FOR ACAD LIA W/INDUS</Text>
    </ProgramElement>
    <ProgramReference>
      <Code>024E</Code>
      <Text>MATERIALS DESIGN</Text>
    </ProgramReference>
    <ProgramReference>
      <Code>083E</Code>
      <Text>MATERIAL TRANSFORMATION PROC</Text>
    </ProgramReference>
    <ProgramReference>
      <Code>1504</Code>
      <Text>GRANT OPP FOR ACAD LIA W/INDUS</Text>
    </ProgramReference>
    <ProgramReference>
      <Code>8025</Code>
      <Text>Advanced Materials Processing</Text>
    </ProgramReference>
    <ProgramReference>
      <Code>085E</Code>
      <Text>POLYMER &amp; COMPOSITES PROCESSES</Text>
    </ProgramReference>
    <ProgramReference>
      <Code>9102</Code>
      <Text>WOMEN, MINORITY, DISABLED, NEC</Text>
    </ProgramReference>
  </Award>
</rootTag>
