<?xml version="1.0" encoding="UTF-8"?>

<rootTag>
  <Award>
    <AwardTitle>North Star STEM Alliance: Advancing to a Mid-Level Alliance</AwardTitle>
    <AwardEffectiveDate>08/15/2012</AwardEffectiveDate>
    <AwardExpirationDate>07/31/2017</AwardExpirationDate>
    <AwardAmount>2497916</AwardAmount>
    <AwardInstrument>
      <Value>Continuing grant</Value>
    </AwardInstrument>
    <Organization>
      <Code>11060000</Code>
      <Directorate>
        <LongName>Direct For Education and Human Resources</LongName>
      </Directorate>
      <Division>
        <LongName>Division Of Human Resource Development</LongName>
      </Division>
    </Organization>
    <ProgramOfficer>
      <SignBlockName>Tasha Inniss</SignBlockName>
    </ProgramOfficer>
    <AbstractNarration>The North Star STEM Alliance, Minnesota?s Louis Stokes Alliance for Minority Participation, proposes to advance to a mid-level alliance with the goal of doubling the number of graduates from 272 to 544 by May, 2017.&lt;br/&gt;&lt;br/&gt;The new Bridge to the Baccalaureate program strengthens and enriches relationships with community colleges, creating smooth transitions for students before, during, and after transferring into baccalaureate programs. The North Star STEM Alliance, extending the successes of its initial five-year partnership, implements best practices in engaging and retaining URMs studying STEM on 15 Minnesota campuses. Undergraduate research, a featured best practice in retention, will engage more than 375 students, contributing to discovery and innovation across the spectrum of STEM disciplines.&lt;br/&gt;&lt;br/&gt;By May, 2017, the more than 3,200 URM STEM graduates influenced and supported by the North Star STEM Alliance will enter the work force or graduate school, diversifying the academy, corporations, and professional organizations. Many of the Alliance alumni remain in Minnesota, contributing to a stronger Minnesota economy and the nation?s competitiveness in the global economy.</AbstractNarration>
    <MinAmdLetterDate>08/07/2012</MinAmdLetterDate>
    <MaxAmdLetterDate>03/21/2016</MaxAmdLetterDate>
    <ARRAAmount/>
    <AwardID>1201983</AwardID>
    <Investigator>
      <FirstName>Paul</FirstName>
      <LastName>Strykowski</LastName>
      <EmailAddress>pstry@umn.edu</EmailAddress>
      <StartDate>03/21/2016</StartDate>
      <EndDate/>
      <RoleCode>Co-Principal Investigator</RoleCode>
    </Investigator>
    <Investigator>
      <FirstName>Michael</FirstName>
      <LastName>White</LastName>
      <EmailAddress>mwhite@umn.edu</EmailAddress>
      <StartDate>03/21/2016</StartDate>
      <EndDate/>
      <RoleCode>Co-Principal Investigator</RoleCode>
    </Investigator>
    <Investigator>
      <FirstName>Katrice</FirstName>
      <LastName>Albert</LastName>
      <EmailAddress>ka225@umn.edu</EmailAddress>
      <StartDate>04/23/2014</StartDate>
      <EndDate/>
      <RoleCode>Principal Investigator</RoleCode>
    </Investigator>
    <Investigator>
      <FirstName>Robin</FirstName>
      <LastName>Wright</LastName>
      <EmailAddress>wrightr@umn.edu</EmailAddress>
      <StartDate>08/07/2012</StartDate>
      <EndDate/>
      <RoleCode>Co-Principal Investigator</RoleCode>
    </Investigator>
    <Investigator>
      <FirstName>F. Abel</FirstName>
      <LastName>Ponce de Leon</LastName>
      <EmailAddress>apl@umn.edu</EmailAddress>
      <StartDate>08/07/2012</StartDate>
      <EndDate>03/21/2016</EndDate>
      <RoleCode>Former Co-Principal Investigator</RoleCode>
    </Investigator>
    <Investigator>
      <FirstName>Robert</FirstName>
      <LastName>Jones</LastName>
      <EmailAddress>jones012@umn.edu</EmailAddress>
      <StartDate>08/07/2012</StartDate>
      <EndDate>04/09/2013</EndDate>
      <RoleCode>Former Principal Investigator</RoleCode>
    </Investigator>
    <Institution>
      <Name>University of Minnesota-Twin Cities</Name>
      <CityName>Minneapolis</CityName>
      <ZipCode>554552070</ZipCode>
      <PhoneNumber>6126245599</PhoneNumber>
      <StreetAddress>200 OAK ST SE</StreetAddress>
      <CountryName>United States</CountryName>
      <StateName>Minnesota</StateName>
      <StateCode>MN</StateCode>
    </Institution>
    <ProgramElement>
      <Code>9133</Code>
      <Text>ALLIANCES-MINORITY PARTICIPAT.</Text>
    </ProgramElement>
    <ProgramReference>
      <Code>9179</Code>
      <Text>GRADUATE INVOLVEMENT</Text>
    </ProgramReference>
  </Award>
</rootTag>
