<?xml version="1.0" encoding="UTF-8"?>

<rootTag>
  <Award>
    <AwardTitle>Geometry and topology of curves and surfaces in closed hyperbolic manifolds</AwardTitle>
    <AwardEffectiveDate>06/01/2012</AwardEffectiveDate>
    <AwardExpirationDate>05/31/2015</AwardExpirationDate>
    <AwardAmount>403797</AwardAmount>
    <AwardInstrument>
      <Value>Continuing grant</Value>
    </AwardInstrument>
    <Organization>
      <Code>03040000</Code>
      <Directorate>
        <LongName>Direct For Mathematical &amp; Physical Scien</LongName>
      </Directorate>
      <Division>
        <LongName>Division Of Mathematical Sciences</LongName>
      </Division>
    </Organization>
    <ProgramOfficer>
      <SignBlockName>Edward Taylor</SignBlockName>
    </ProgramOfficer>
    <AbstractNarration>The PI will study questions about geometry and topology of closed hyperbolic manifolds. In connection with the Virtual Haken Conjecture, the question of whether a hyperbolic 3-manifold contains an abundance of equidistributed essential 3-manifolds with incompressible boundary will be addressed. Higher dimensional hyperbolic manifolds will be studied and the aim is to prove that every closed hyperbolic manifold of dimension at least 4 contains an essential 3-manifold group. Also, it will be shown that the Simple Loop Conjecture fails in every dimension greater than or equal to 4. Related problems (in particular the Surface Subgroup Conjecture) will be address for other hyperbolic spaces, like complex hyperbolic spaces or hyperbolic groups.&lt;br/&gt;&lt;br/&gt;&lt;br/&gt;Pure mathematics is a breeding ground for ideas that are later utilized in natural sciences like physics and biology. In physics, the universe is described as a 3-dimensional space, thus studying geometry and topology of 3-manifolds may prove very important in the real life physical questions that we face.</AbstractNarration>
    <MinAmdLetterDate>04/17/2012</MinAmdLetterDate>
    <MaxAmdLetterDate>05/01/2014</MaxAmdLetterDate>
    <ARRAAmount/>
    <AwardID>1201463</AwardID>
    <Investigator>
      <FirstName>Vladimir</FirstName>
      <LastName>Markovic</LastName>
      <EmailAddress>Markovic@caltech.edu</EmailAddress>
      <StartDate>04/17/2012</StartDate>
      <EndDate/>
      <RoleCode>Principal Investigator</RoleCode>
    </Investigator>
    <Institution>
      <Name>California Institute of Technology</Name>
      <CityName>PASADENA</CityName>
      <ZipCode>911250600</ZipCode>
      <PhoneNumber>6263956219</PhoneNumber>
      <StreetAddress>1200 E California Blvd</StreetAddress>
      <CountryName>United States</CountryName>
      <StateName>California</StateName>
      <StateCode>CA</StateCode>
    </Institution>
    <ProgramElement>
      <Code>1265</Code>
      <Text>GEOMETRIC ANALYSIS</Text>
    </ProgramElement>
    <ProgramElement>
      <Code>1281</Code>
      <Text>ANALYSIS PROGRAM</Text>
    </ProgramElement>
  </Award>
</rootTag>
