<?xml version="1.0" encoding="UTF-8"?>

<rootTag>
  <Award>
    <AwardTitle>New Methodologies for Dynamic Optimization</AwardTitle>
    <AwardEffectiveDate>06/01/2012</AwardEffectiveDate>
    <AwardExpirationDate>05/31/2016</AwardExpirationDate>
    <AwardAmount>275000</AwardAmount>
    <AwardInstrument>
      <Value>Standard Grant</Value>
    </AwardInstrument>
    <Organization>
      <Code>07030000</Code>
      <Directorate>
        <LongName>Directorate For Engineering</LongName>
      </Directorate>
      <Division>
        <LongName>Div Of Civil, Mechanical, &amp; Manufact Inn</LongName>
      </Division>
    </Organization>
    <ProgramOfficer>
      <SignBlockName>Georgia-Ann Klutke</SignBlockName>
    </ProgramOfficer>
    <AbstractNarration>Dynamic optimization refers to the broad class of optimization or decision-making problems where some problem parameters are uncertain.&lt;br/&gt;Everyone including individuals, businesses and even Governments need to solve such decision problems under uncertainty at a regular basis. A commonly used approach is to model the parameter uncertainty using probability distributions (possibly correlated) and formulate the problem as a stochastic optimization problem. While it can be a reasonable approach in many applications, it is by and large computationally intractable. Moreover, quite often we do not have sufficient historical data to estimate the probability distributions to formulate the stochastic optimization problem.&lt;br/&gt;&lt;br/&gt;The primary focus of this project is consider different solution paradigms such as robust optimization and affine policies for dynamic optimization problems that are significantly more tractable, and study the relation between these different solution approaches. Such a study would provide significant insights towards developing better and faster algorithms for dynamic optimization problems. The grand goal of the proposed work is to develop a theory of tractable solution approaches for dynamic optimization problems that has a potential of significant impact in many application areas.&lt;br/&gt;&lt;br/&gt;Through this project, the PI strives to have a positive impact at various levels that includes (i) developing a deeper theoretical understanding of dynamic optimization that advances the frontier of our knowledge, (ii) the dissemination of research done in this project to the real-world, and (iii) the training of graduate students in research and teaching which is an extremely important link in creating a sustainable cycle of research and its dissemination to practice. The PI intends to actively pursue dynamic optimization problems arising in electricity markets especially due to a broader integration of highly variable renewable sources of power (such as wind and solar) and other factors. The tools and insights developed in this project can have a big impact in this area which is very critical both from an economic as well as climate point of view.</AbstractNarration>
    <MinAmdLetterDate>03/20/2012</MinAmdLetterDate>
    <MaxAmdLetterDate>05/01/2015</MaxAmdLetterDate>
    <ARRAAmount/>
    <AwardID>1201116</AwardID>
    <Investigator>
      <FirstName>Vineet</FirstName>
      <LastName>Goyal</LastName>
      <EmailAddress>vgoyal@ieor.columbia.edu</EmailAddress>
      <StartDate>03/20/2012</StartDate>
      <EndDate/>
      <RoleCode>Principal Investigator</RoleCode>
    </Investigator>
    <Institution>
      <Name>Columbia University</Name>
      <CityName>NEW YORK</CityName>
      <ZipCode>100276902</ZipCode>
      <PhoneNumber>2128546851</PhoneNumber>
      <StreetAddress>2960 Broadway</StreetAddress>
      <CountryName>United States</CountryName>
      <StateName>New York</StateName>
      <StateCode>NY</StateCode>
    </Institution>
    <ProgramElement>
      <Code>006Y</Code>
      <Text>Service, Manufacturing, and Op</Text>
    </ProgramElement>
    <ProgramElement>
      <Code>5514</Code>
      <Text>OPERATIONS RESEARCH</Text>
    </ProgramElement>
    <ProgramReference>
      <Code>072E</Code>
      <Text>NETWORKS &amp; QUEUING SYSTEMS</Text>
    </ProgramReference>
    <ProgramReference>
      <Code>073E</Code>
      <Text>OPTIMIZATION &amp; DECISION MAKING</Text>
    </ProgramReference>
    <ProgramReference>
      <Code>077E</Code>
      <Text>SIMULATION MODELS</Text>
    </ProgramReference>
    <ProgramReference>
      <Code>116E</Code>
      <Text>RESEARCH EXP FOR UNDERGRADS</Text>
    </ProgramReference>
    <ProgramReference>
      <Code>9178</Code>
      <Text>UNDERGRADUATE EDUCATION</Text>
    </ProgramReference>
    <ProgramReference>
      <Code>9231</Code>
      <Text>SUPPL FOR UNDERGRAD RES ASSIST</Text>
    </ProgramReference>
    <ProgramReference>
      <Code>9251</Code>
      <Text>RES EXPER FOR UNDERGRAD-SUPPLT</Text>
    </ProgramReference>
    <ProgramReference>
      <Code>SMET</Code>
      <Text>SCIENCE, MATH, ENG &amp; TECH EDUCATION</Text>
    </ProgramReference>
  </Award>
</rootTag>
