<?xml version="1.0" encoding="UTF-8"?>

<rootTag>
  <Award>
    <AwardTitle>Adaptive and Intelligent Forecast Engine Platform for Full-Spectrum Prediction of Solar Power Output</AwardTitle>
    <AwardEffectiveDate>05/01/2012</AwardEffectiveDate>
    <AwardExpirationDate>04/30/2015</AwardExpirationDate>
    <AwardAmount>384452</AwardAmount>
    <AwardInstrument>
      <Value>Standard Grant</Value>
    </AwardInstrument>
    <Organization>
      <Code>07010000</Code>
      <Directorate>
        <LongName>Directorate For Engineering</LongName>
      </Directorate>
      <Division>
        <LongName>Div Of Electrical, Commun &amp; Cyber Sys</LongName>
      </Division>
    </Organization>
    <ProgramOfficer>
      <SignBlockName>Radhakisan S. Baheti</SignBlockName>
    </ProgramOfficer>
    <AbstractNarration>The objective of this research is to develop the concept of Smart Solar Farms. The approach is to integrate advanced solar forecasting methods into parallel computer platforms with the objective of quantifying the variability and availability of solar energy for power production, thus enabling solar integration with the power grid. &lt;br/&gt;&lt;br/&gt;Intellectual Merit&lt;br/&gt;This project integrates a very high number of inputs, varying from radiometric and meteorological time series to high-resolution remote sensing and ground-to-sky images, into a single adaptive and intelligent learning platform capable of local processing of high-fidelity forecasts. The proposed research is transformative in that novel, highly optimized natively parallel platforms will generate, in-situ, real-time forecasts for all time horizons of interest by a combination of machine learning software/hardware integration with intelligent energy management systems.&lt;br/&gt;&lt;br/&gt;Broader Impacts&lt;br/&gt;The reliable and economical integration of solar energy resources into the power grid is one of the most critical global technological challenges of our time. This project develops cost-effective tools that are essential to the integration of solar energy into a variety of possible smart grid solutions that aims at energy security and power quality improvements. We will also educate a new diverse generation of green energy experts, who master critical machine learning techniques specifically designed for variable resource power production and control. The concept of Smart Solar Farms will be demonstrated, and the test-bed will continue to provide high quality information, research opportunities and educational experiences for the community-at-large for many years beyond the duration of the project.</AbstractNarration>
    <MinAmdLetterDate>04/14/2012</MinAmdLetterDate>
    <MaxAmdLetterDate>04/14/2012</MaxAmdLetterDate>
    <ARRAAmount/>
    <AwardID>1201986</AwardID>
    <Investigator>
      <FirstName>Carlos FM</FirstName>
      <LastName>Coimbra</LastName>
      <EmailAddress>ccoimbra@ucsd.edu</EmailAddress>
      <StartDate>04/14/2012</StartDate>
      <EndDate/>
      <RoleCode>Principal Investigator</RoleCode>
    </Investigator>
    <Institution>
      <Name>University of California-San Diego</Name>
      <CityName>La Jolla</CityName>
      <ZipCode>920930934</ZipCode>
      <PhoneNumber>8585344896</PhoneNumber>
      <StreetAddress>Office of Contract &amp; Grant Admin</StreetAddress>
      <CountryName>United States</CountryName>
      <StateName>California</StateName>
      <StateCode>CA</StateCode>
    </Institution>
  </Award>
</rootTag>
