<?xml version="1.0" encoding="UTF-8"?>

<rootTag>
  <Award>
    <AwardTitle>Dust-Plasma Interactions</AwardTitle>
    <AwardEffectiveDate>08/01/2012</AwardEffectiveDate>
    <AwardExpirationDate>07/31/2016</AwardExpirationDate>
    <AwardAmount>450000</AwardAmount>
    <AwardInstrument>
      <Value>Continuing grant</Value>
    </AwardInstrument>
    <Organization>
      <Code>03010000</Code>
      <Directorate>
        <LongName>Direct For Mathematical &amp; Physical Scien</LongName>
      </Directorate>
      <Division>
        <LongName>Division Of Physics</LongName>
      </Division>
    </Organization>
    <ProgramOfficer>
      <SignBlockName>Vyacheslav S. Lukin</SignBlockName>
    </ProgramOfficer>
    <AbstractNarration>Dusty plasmas are ionized gases containing small charged dust particles that occur in a wide variety of cosmic and terrestrial environments. This theoretical research seeks the advancement of the basic knowledge of the collective behavior of dusty plasmas, with applications to the laboratory and space. The focus is on dusty plasmas in magnetic fields. This is a newer direction in dusty plasma research with added impetus from ongoing and upcoming experiments with larger magnetic fields. Areas of study include: &lt;br/&gt;&lt;br/&gt;(1) waves and instabilities in weakly coupled dusty plasmas in magnetic fields, where some or all of the charged particles are magnetized;&lt;br/&gt;&lt;br/&gt;(2) waves and instabilities in strongly coupled dusty plasmas, including those containing superparamagnetic dust;&lt;br/&gt;&lt;br/&gt;(3) innovative applications involving interaction with electromagnetic waves. &lt;br/&gt;&lt;br/&gt;The research covers a broad range in that it investigates the basic physics of dusty plasmas in magnetic fields, strongly coupled dusty plasmas, and potential photonics applications of dusty plasmas. &lt;br/&gt;&lt;br/&gt;The broader impacts of the research include training of students and wide dissemination of results through publications and talks. In addition, there are possible impacts on technological plasma areas (e.g., plasma processing and fusion).</AbstractNarration>
    <MinAmdLetterDate>07/12/2012</MinAmdLetterDate>
    <MaxAmdLetterDate>05/12/2014</MaxAmdLetterDate>
    <ARRAAmount/>
    <AwardID>1201978</AwardID>
    <Investigator>
      <FirstName>Marlene</FirstName>
      <LastName>Rosenberg</LastName>
      <EmailAddress>rosenber@ece.ucsd.edu</EmailAddress>
      <StartDate>07/12/2012</StartDate>
      <EndDate/>
      <RoleCode>Principal Investigator</RoleCode>
    </Investigator>
    <Institution>
      <Name>University of California-San Diego</Name>
      <CityName>La Jolla</CityName>
      <ZipCode>920930934</ZipCode>
      <PhoneNumber>8585344896</PhoneNumber>
      <StreetAddress>Office of Contract &amp; Grant Admin</StreetAddress>
      <CountryName>United States</CountryName>
      <StateName>California</StateName>
      <StateCode>CA</StateCode>
    </Institution>
    <ProgramElement>
      <Code>1242</Code>
      <Text>PLASMA PHYSICS</Text>
    </ProgramElement>
    <ProgramReference>
      <Code>1062</Code>
      <Text>BASIC PLASMA SCIENCE &amp; ENGINEERING</Text>
    </ProgramReference>
    <ProgramReference>
      <Code>1242</Code>
      <Text>PLASMA PHYSICS</Text>
    </ProgramReference>
  </Award>
</rootTag>
