<?xml version="1.0" encoding="UTF-8"?>

<rootTag>
  <Award>
    <AwardTitle>Robust Control of Uncertain Switched Systems</AwardTitle>
    <AwardEffectiveDate>09/01/2012</AwardEffectiveDate>
    <AwardExpirationDate>08/31/2016</AwardExpirationDate>
    <AwardAmount>360000</AwardAmount>
    <AwardInstrument>
      <Value>Continuing grant</Value>
    </AwardInstrument>
    <Organization>
      <Code>07010000</Code>
      <Directorate>
        <LongName>Directorate For Engineering</LongName>
      </Directorate>
      <Division>
        <LongName>Div Of Electrical, Commun &amp; Cyber Sys</LongName>
      </Division>
    </Organization>
    <ProgramOfficer>
      <SignBlockName>Radhakisan S. Baheti</SignBlockName>
    </ProgramOfficer>
    <AbstractNarration>The objective of this proposal is to develop systematic controller design tools for complex systems. The PIs will develop procedures for modeling the behavior of interest using a set of so-called uncertain affine models. Having a representation of the system in this standard form will then allow for the development of systematic robust controller design algorithms that enable controller synthesis with provable performance. Emphasis will be put not only on the development of theoretical results but also on using the proposed approach in concrete applications such as feedback control of epileptic seizures.&lt;br/&gt;&lt;br/&gt;Intellectual Merit: The approach presented relies on the concept of uncertain switched systems. The proposed work will address several open problems in the area of switched systems and their connection to uncertain systems. Specifically, the proposed research will develop efficient methods that determine a set of affine models and the uncertainty bound that explain the observed nonlinear behavior, and tools for robust controller design for uncertain switched affine systems. The main advantages of the proposed approach, as compared to other approaches to controller design for complex systems, are: a) Robust system approximation procedures; b) Ability to design controllers with provable performance and, given enough computational resources, with performance arbitrarily close to the achievable optimum; c) Ability to design controllers for complex systems for which one does not have a global model but only local information is available.&lt;br/&gt;&lt;br/&gt;Broader Impact.&lt;br/&gt;The proposed activity explores the concept of covering complex dynamics by the set of dynamic behaviors of an uncertain switched affine model. It will lead to the development of systematic, problem-independent tools for controller design that can be used in a wide range of applications such as feedback control of epilepsy and other similar neurological disorders. Education is proactively integrated into this project through incorporation of nonlinear control in the undergraduate curriculum, a robotics course developed with particular emphasis on the nonlinear control aspects, REU supplements to motivate undergraduate students to pursue studies in nonlinear and hybrid control, and integration of the research outcomes into graduate course materials.&lt;br/&gt;&amp;#8195;</AbstractNarration>
    <MinAmdLetterDate>08/13/2012</MinAmdLetterDate>
    <MaxAmdLetterDate>09/17/2014</MaxAmdLetterDate>
    <ARRAAmount/>
    <AwardID>1201973</AwardID>
    <Investigator>
      <FirstName>Constantino</FirstName>
      <LastName>Lagoa</LastName>
      <EmailAddress>lagoa@engr.psu.edu</EmailAddress>
      <StartDate>08/29/2013</StartDate>
      <EndDate/>
      <RoleCode>Principal Investigator</RoleCode>
    </Investigator>
    <Investigator>
      <FirstName>Constantino</FirstName>
      <LastName>Lagoa</LastName>
      <EmailAddress>lagoa@engr.psu.edu</EmailAddress>
      <StartDate>08/13/2012</StartDate>
      <EndDate>08/29/2013</EndDate>
      <RoleCode>Former Co-Principal Investigator</RoleCode>
    </Investigator>
    <Investigator>
      <FirstName>Ji-Woong</FirstName>
      <LastName>Lee</LastName>
      <EmailAddress>jiwoong.lee.phd@gmail.com</EmailAddress>
      <StartDate>08/13/2012</StartDate>
      <EndDate>08/29/2013</EndDate>
      <RoleCode>Former Principal Investigator</RoleCode>
    </Investigator>
    <Institution>
      <Name>Pennsylvania State Univ University Park</Name>
      <CityName>UNIVERSITY PARK</CityName>
      <ZipCode>168027000</ZipCode>
      <PhoneNumber>8148651372</PhoneNumber>
      <StreetAddress>110 Technology Center Building</StreetAddress>
      <CountryName>United States</CountryName>
      <StateName>Pennsylvania</StateName>
      <StateCode>PA</StateCode>
    </Institution>
  </Award>
</rootTag>
