<?xml version="1.0" encoding="UTF-8"?>

<rootTag>
  <Award>
    <AwardTitle>Ultra-High Performance Fiber Reinforced Concrete Structures - Macroscale Analysis with Mesoscale Lattice Discrete Particle Models</AwardTitle>
    <AwardEffectiveDate>08/01/2012</AwardEffectiveDate>
    <AwardExpirationDate>07/31/2015</AwardExpirationDate>
    <AwardAmount>286000</AwardAmount>
    <AwardInstrument>
      <Value>Standard Grant</Value>
    </AwardInstrument>
    <Organization>
      <Code>07030000</Code>
      <Directorate>
        <LongName>Directorate For Engineering</LongName>
      </Directorate>
      <Division>
        <LongName>Div Of Civil, Mechanical, &amp; Manufact Inn</LongName>
      </Division>
    </Organization>
    <ProgramOfficer>
      <SignBlockName>Mary M. Toney</SignBlockName>
    </ProgramOfficer>
    <AbstractNarration>This research develops a macroscale computational framework for fiber-reinforced cement composite (FRCC) structural members, with a specific focus on ultra-high performance concrete (UHPC). UHPC is an FRCC that attains superior mechanical properties to reinforced concrete through a finely graded cement matrix and a high steel fiber volume. A key hurdle to analyzing UHPC structural components is the complex fracture mechanics involved, however recent advances in lattice model simulation have provided a computationally efficient platform for simulating discrete cracking. Lattice discrete particle models (LDPM) can predict concrete behavior through mesoscale constitutive relationships where failure of the material is represented through fracture and cohesion in tension and compaction and pore collapse under compression. The LDPM has been successfully integrated into a commercial finite element framework at small scales, making it an attractive and accessible option for studying the load-deformation response of full-scale UHPC structures if computational hurdles can be overcome. The principal goal of the research is to deliver a validated computational modeling protocol capable of performing structural analysis to collapse of full scale UHPC components (e.g., beams, columns, plates) including discrete cracking, fiber-matrix interaction, and thin-walled behavior.&lt;br/&gt;&lt;br/&gt;Recent efforts by government and industry are focusing on broad implementation of UHPC in transportation structures, high-rise buildings, and blast protection. This effort is taking time to catalyze, in large part because computational tools for analyzing UHPC structural components loaded to collapse have yet to be developed. This research aims to overcome existing computational hurdles to deliver a useful structural analysis tool for UHPC to researchers, government, and industry. Integrated education and outreach goals for this research will pair the multiscale computational framework with hands-on experiments to introduce students to the rewards of research and to fundamental engineering principles. The Center for the Enhancement of Engineering Diversity (CEED) at Virginia Tech is planning middle school summer sessions to study tension, compression, and cracking in cement-based composites. A UHPC module will be developed for the Virtual Center for Resilient and Sustainable Infrastructures, hosted in the virtual gaming environment Second Life, to foster student interest in research.</AbstractNarration>
    <MinAmdLetterDate>03/09/2012</MinAmdLetterDate>
    <MaxAmdLetterDate>03/07/2014</MaxAmdLetterDate>
    <ARRAAmount/>
    <AwardID>1201087</AwardID>
    <Investigator>
      <FirstName>Gianluca</FirstName>
      <LastName>Cusatis</LastName>
      <EmailAddress>g-cusatis@northwestern.edu</EmailAddress>
      <StartDate>03/09/2012</StartDate>
      <EndDate/>
      <RoleCode>Co-Principal Investigator</RoleCode>
    </Investigator>
    <Investigator>
      <FirstName>Cristopher</FirstName>
      <LastName>Moen</LastName>
      <EmailAddress>cmoen@vt.edu</EmailAddress>
      <StartDate>03/09/2012</StartDate>
      <EndDate/>
      <RoleCode>Principal Investigator</RoleCode>
    </Investigator>
    <Institution>
      <Name>Virginia Polytechnic Institute and State University</Name>
      <CityName>BLACKSBURG</CityName>
      <ZipCode>240610001</ZipCode>
      <PhoneNumber>5402315281</PhoneNumber>
      <StreetAddress>Sponsored Programs 0170</StreetAddress>
      <CountryName>United States</CountryName>
      <StateName>Virginia</StateName>
      <StateCode>VA</StateCode>
    </Institution>
    <ProgramElement>
      <Code>1635</Code>
      <Text>STRUCTURAL MATERIALS AND MECH</Text>
    </ProgramElement>
    <ProgramReference>
      <Code>025E</Code>
      <Text>INFRASTRUCTURE MATERIALS</Text>
    </ProgramReference>
    <ProgramReference>
      <Code>036E</Code>
      <Text>CIVIL INFRASTRUCTURE</Text>
    </ProgramReference>
    <ProgramReference>
      <Code>116E</Code>
      <Text>RESEARCH EXP FOR UNDERGRADS</Text>
    </ProgramReference>
    <ProgramReference>
      <Code>8022</Code>
      <Text>Sustainable Infrastructure Materials</Text>
    </ProgramReference>
    <ProgramReference>
      <Code>9178</Code>
      <Text>UNDERGRADUATE EDUCATION</Text>
    </ProgramReference>
    <ProgramReference>
      <Code>9231</Code>
      <Text>SUPPL FOR UNDERGRAD RES ASSIST</Text>
    </ProgramReference>
    <ProgramReference>
      <Code>9251</Code>
      <Text>RES EXPER FOR UNDERGRAD-SUPPLT</Text>
    </ProgramReference>
    <ProgramReference>
      <Code>SMET</Code>
      <Text>SCIENCE, MATH, ENG &amp; TECH EDUCATION</Text>
    </ProgramReference>
  </Award>
</rootTag>
