<?xml version="1.0" encoding="UTF-8"?>

<rootTag>
  <Award>
    <AwardTitle>Super-Turing Computation and Brain-Like Intelligence</AwardTitle>
    <AwardEffectiveDate>07/01/2012</AwardEffectiveDate>
    <AwardExpirationDate>06/30/2016</AwardExpirationDate>
    <AwardAmount>449999</AwardAmount>
    <AwardInstrument>
      <Value>Continuing grant</Value>
    </AwardInstrument>
    <Organization>
      <Code>07010000</Code>
      <Directorate>
        <LongName>Directorate For Engineering</LongName>
      </Directorate>
      <Division>
        <LongName>Div Of Electrical, Commun &amp; Cyber Sys</LongName>
      </Division>
    </Organization>
    <ProgramOfficer>
      <SignBlockName>Radhakisan S. Baheti</SignBlockName>
    </ProgramOfficer>
    <AbstractNarration>The objective of this research is to advance significantly Artificial Intelligence by developing the first ever, brain-like Super-Turing system. &lt;br/&gt;The approach is to build a computational system that is much more powerful (Super) than digital computation. Alan Turing, a WWII code breaker, developed a conceptual (Turing) machine that has been basic to the digital computation revolution of the last 70 years. This project will develop a Super-Turing mathematical model and implement it on an Optical Analog Neural Network Computer. The project will focus on understanding system abilities and differences between Super-Turing and Turing systems. Natural and artificial time-series will be compared to those of Super-Turing models and modeled Super-Turing processes will be compared with those of the brain. &lt;br/&gt;Intellectual Merit &lt;br/&gt;Super-Turing Computation is a novel, transformative technology that will rewrite computational limits and lay a new foundation for Artificial Intelligence.&lt;br/&gt;Broader Impact&lt;br/&gt;Increasing the capabilities of machine intelligence will profoundly influence society; Intelligent Super-Turing systems are expected to be capable of improving quality of life, e.g. providing intelligent robotic assistants, improving individualized education, creating new industries and medical technologies producing great economic benefit. Further, a deepened understanding of Super-Turing computation as it relates to living systems is likely to bring new insights into brain function - fundamentally impacting neuroscience and brain-related medical technologies. Graduate and undergraduates will be trained in the interdisciplinary areas of advanced mathematics, physics, and computer science.</AbstractNarration>
    <MinAmdLetterDate>04/22/2012</MinAmdLetterDate>
    <MaxAmdLetterDate>04/30/2014</MaxAmdLetterDate>
    <ARRAAmount/>
    <AwardID>1201790</AwardID>
    <Investigator>
      <FirstName>Hava</FirstName>
      <LastName>Siegelmann</LastName>
      <EmailAddress>hava@cs.umass.edu</EmailAddress>
      <StartDate>04/22/2012</StartDate>
      <EndDate/>
      <RoleCode>Co-Principal Investigator</RoleCode>
    </Investigator>
    <Investigator>
      <FirstName>A. Steven</FirstName>
      <LastName>Younger</LastName>
      <EmailAddress>SteveYounger@missouristate.edu</EmailAddress>
      <StartDate>04/22/2012</StartDate>
      <EndDate/>
      <RoleCode>Principal Investigator</RoleCode>
    </Investigator>
    <Investigator>
      <FirstName>Emmett</FirstName>
      <LastName>Redd</LastName>
      <EmailAddress>EmmettRedd@MissouriState.edu</EmailAddress>
      <StartDate>04/22/2012</StartDate>
      <EndDate/>
      <RoleCode>Co-Principal Investigator</RoleCode>
    </Investigator>
    <Institution>
      <Name>Missouri State University</Name>
      <CityName>Springfield</CityName>
      <ZipCode>658970027</ZipCode>
      <PhoneNumber>4178365972</PhoneNumber>
      <StreetAddress>901 South National</StreetAddress>
      <CountryName>United States</CountryName>
      <StateName>Missouri</StateName>
      <StateCode>MO</StateCode>
    </Institution>
  </Award>
</rootTag>
