<?xml version="1.0" encoding="UTF-8"?>

<rootTag>
  <Award>
    <AwardTitle>Commutative algebra: homological and homotopical aspects</AwardTitle>
    <AwardEffectiveDate>06/01/2012</AwardEffectiveDate>
    <AwardExpirationDate>11/30/2014</AwardExpirationDate>
    <AwardAmount>252662</AwardAmount>
    <AwardInstrument>
      <Value>Continuing grant</Value>
    </AwardInstrument>
    <Organization>
      <Code>03040000</Code>
      <Directorate>
        <LongName>Direct For Mathematical &amp; Physical Scien</LongName>
      </Directorate>
      <Division>
        <LongName>Division Of Mathematical Sciences</LongName>
      </Division>
    </Organization>
    <ProgramOfficer>
      <SignBlockName>Victoria Powers</SignBlockName>
    </ProgramOfficer>
    <AbstractNarration>This is a proposal in commutative algebra from the point of view of cohomology and homotopy theory, with strong connections to representation theory of finite dimensional algebras. Many of the proposed topics of research are inspired by homotopy theory, which also serves as a source of intuition, and of techniques, for dealing with them. Broadly speaking, the recurrent theme in the project is the interplay of three topics: commutative algebra; differential graded algebras and modules; and triangulated categories. While differential graded algebras and triangulated category methods have long been used successfully in commutative algebra, the PI and his collaborators, among others, have been adapting classical constructions and methods from commutative algebra (for example, local cohomology, and derived completions) to the context of differential graded algebras and triangulated categories, with striking returns in the representation theory of finitely dimensional algebra, notably, group algebras, and in commutative algebra itself. This proposal seeks to further develop these, and in new directions.&lt;br/&gt;&lt;br/&gt;A number of rather diverse algebraic structures---this means, loosely speaking, not directly involving any notions from calculus like continuity or rate of change---have been developed in mathematics to model phenomenon in the (physical) world. Two examples particularly relevant to this proposal are groups and their representations, that are remarkably well-adapted to capture phenomenon involving symmetry, and rings, especially those that arise as rings of functions on various geometric objects like manifolds or solution sets of polynomial equations. However, it was only a few years ago that it was realized that if we enhance a ring by the most primitive structure from calculus, namely, a derivative, then it becomes possible to uniformly capture much of the information encoded in these various algebraic structures. Interestingly, these still rather mysterious hybrid structures, called differential graded algebras, emerged as important tools in algebraic topology already in the early 1950s. Differential graded algebras can be seen as bridges that relate various algebraic and geometric contexts in mathematics and mathematical physics. This has had the effect that methods developed in one field have profoundly influenced a host of others, and new connections among them have been discovered. Differential graded algebras are, in general, rather complicated, but there are interesting classes that appear to be amenable to methods developed in commutative ring theory, a classical topic with a large and well-developed body of tools and techniques. The broad aim of this proposal is to investigate differential graded algebras from this perspective. Besides deepening our knowledge of them, the proposed research is expected to have impact on commutative algebra, representation theory, and related fields.</AbstractNarration>
    <MinAmdLetterDate>03/08/2012</MinAmdLetterDate>
    <MaxAmdLetterDate>05/14/2014</MaxAmdLetterDate>
    <ARRAAmount/>
    <AwardID>1201889</AwardID>
    <Investigator>
      <FirstName>Srikanth</FirstName>
      <LastName>Iyengar</LastName>
      <EmailAddress>iyengar@math.utah.edu</EmailAddress>
      <StartDate>03/08/2012</StartDate>
      <EndDate/>
      <RoleCode>Principal Investigator</RoleCode>
    </Investigator>
    <Institution>
      <Name>University of Nebraska-Lincoln</Name>
      <CityName>Lincoln</CityName>
      <ZipCode>685031435</ZipCode>
      <PhoneNumber>4024723171</PhoneNumber>
      <StreetAddress>2200 Vine St, 151 Whittier</StreetAddress>
      <CountryName>United States</CountryName>
      <StateName>Nebraska</StateName>
      <StateCode>NE</StateCode>
    </Institution>
    <ProgramElement>
      <Code>1264</Code>
      <Text>ALGEBRA,NUMBER THEORY,AND COM</Text>
    </ProgramElement>
    <ProgramReference>
      <Code>9150</Code>
      <Text>EXP PROG TO STIM COMP RES</Text>
    </ProgramReference>
  </Award>
</rootTag>
