<?xml version="1.0" encoding="UTF-8"?>

<rootTag>
  <Award>
    <AwardTitle>Linear algebraic groups and related topics in algebra</AwardTitle>
    <AwardEffectiveDate>09/01/2012</AwardEffectiveDate>
    <AwardExpirationDate>08/31/2017</AwardExpirationDate>
    <AwardAmount>141324</AwardAmount>
    <AwardInstrument>
      <Value>Standard Grant</Value>
    </AwardInstrument>
    <Organization>
      <Code>03040000</Code>
      <Directorate>
        <LongName>Direct For Mathematical &amp; Physical Scien</LongName>
      </Directorate>
      <Division>
        <LongName>Division Of Mathematical Sciences</LongName>
      </Division>
    </Organization>
    <ProgramOfficer>
      <SignBlockName>Andrew D. Pollington</SignBlockName>
    </ProgramOfficer>
    <AbstractNarration>The PI proposes to exploit recently developed techniques in the study of projective homogeneous varieties to pursue several questions in the theory of semisimple algebraic groups over an arbitrary field, their Galois cohomology, and their cohomological invariants. The new techniques have already produced some extremely strong results and the investigator proposes to push them further. Previous work on these topics has had applications to other areas of mathematics and to physics, and further such applications are expected.&lt;br/&gt;&lt;br/&gt;The family of semisimple groups includes familiar matrix groups like special linear and special orthogonal groups. These groups appear in many areas of mathematics, and may be viewed as an essential outgrowth of the linear algebra developed in the early 1800s and now taught to undergraduates. The groups became prominent objects of mathematical interest in the late 1800s via Sophus Lie's famous general theory of Lie groups. In algebra, the notion of semisimple group unifies various historically distinct areas of study. For example, it connects Jordan algebras -- discovered by physicists -- with quadratic forms and division algebras.</AbstractNarration>
    <MinAmdLetterDate>07/09/2012</MinAmdLetterDate>
    <MaxAmdLetterDate>05/13/2016</MaxAmdLetterDate>
    <ARRAAmount/>
    <AwardID>1201542</AwardID>
    <Investigator>
      <FirstName>Ryan</FirstName>
      <LastName>Garibaldi</LastName>
      <EmailAddress>skip@mathcs.emory.edu</EmailAddress>
      <StartDate>07/09/2012</StartDate>
      <EndDate>11/18/2015</EndDate>
      <RoleCode>Former Principal Investigator</RoleCode>
    </Investigator>
    <Investigator>
      <FirstName>Parimala</FirstName>
      <LastName>Raman</LastName>
      <EmailAddress>parimala@mathcs.emory.edu</EmailAddress>
      <StartDate>11/18/2015</StartDate>
      <EndDate/>
      <RoleCode>Principal Investigator</RoleCode>
    </Investigator>
    <Institution>
      <Name>Emory University</Name>
      <CityName>Atlanta</CityName>
      <ZipCode>303224250</ZipCode>
      <PhoneNumber>4047272503</PhoneNumber>
      <StreetAddress>1599 Clifton Rd NE, 4th Floor</StreetAddress>
      <CountryName>United States</CountryName>
      <StateName>Georgia</StateName>
      <StateCode>GA</StateCode>
    </Institution>
    <ProgramElement>
      <Code>1264</Code>
      <Text>ALGEBRA,NUMBER THEORY,AND COM</Text>
    </ProgramElement>
  </Award>
</rootTag>
