<?xml version="1.0" encoding="UTF-8"?>

<rootTag>
  <Award>
    <AwardTitle>Modulation of Macro and Micro Mechanics of ECM by DDR1</AwardTitle>
    <AwardEffectiveDate>05/01/2012</AwardEffectiveDate>
    <AwardExpirationDate>04/30/2017</AwardExpirationDate>
    <AwardAmount>416600</AwardAmount>
    <AwardInstrument>
      <Value>Standard Grant</Value>
    </AwardInstrument>
    <Organization>
      <Code>07030000</Code>
      <Directorate>
        <LongName>Directorate For Engineering</LongName>
      </Directorate>
      <Division>
        <LongName>Div Of Civil, Mechanical, &amp; Manufact Inn</LongName>
      </Division>
    </Organization>
    <ProgramOfficer>
      <SignBlockName>David Fyhrie</SignBlockName>
    </ProgramOfficer>
    <AbstractNarration>The research objective of this award is to use a combination of biophysical and computational tools to investigate the mechanics of the extracellular matrix (ECM) and how it is modified by proteins secreted by the cells. The ECM in most vertebrate tissue is composed primarily of collagen type 1 fibers. The structure of collagen fibers can be modulated by a number of collagen binding proteins. The proposed studies will evaluate the effect of such ultra-structural modifications in collagen fibers on the mechanical properties of the 3D matrix and on cell-matrix interactions at the macro and micro-scale levels using optical tweezers, uniaxial testing and gel contraction. In parallel, a multi-scale computational model will be developed to model the global and local mechanical responses of the collagen fiber matrix to uniaxial stress and traction forces exerted by the cells. &lt;br/&gt;&lt;br/&gt;If successful, these studies will provide novel insights into how naturally-induced alterations in the collagen ultra-structure can affect matrix mechanics, cell-matrix interaction and mechano-transduction. These results will impact the biophysics, biomechanics, biomaterials, and tissue engineering communities. The proposed activities will also develop novel methodologies for experimental and computational studies of the ECM. The educational plan will train two PhD-level graduate students with a diverse set of knowledge and hands-on skills in cell and matrix biology, microscopy, mechanical testing, instrument design, modeling and simulation, thus preparing them to meet the upcoming scientific challenges and tackle complex problems at the interface of engineering and biology. A new workshop on biomechanics is planned for middle school girls.</AbstractNarration>
    <MinAmdLetterDate>04/04/2012</MinAmdLetterDate>
    <MaxAmdLetterDate>11/05/2015</MaxAmdLetterDate>
    <ARRAAmount/>
    <AwardID>1201111</AwardID>
    <Investigator>
      <FirstName>Gregory</FirstName>
      <LastName>Lafyatis</LastName>
      <EmailAddress>lafyatis.2@osu.edu</EmailAddress>
      <StartDate>04/04/2012</StartDate>
      <EndDate/>
      <RoleCode>Co-Principal Investigator</RoleCode>
    </Investigator>
    <Investigator>
      <FirstName>Gunjan</FirstName>
      <LastName>Agarwal</LastName>
      <EmailAddress>agarwal.60@osu.edu</EmailAddress>
      <StartDate>04/04/2012</StartDate>
      <EndDate/>
      <RoleCode>Principal Investigator</RoleCode>
    </Investigator>
    <Investigator>
      <FirstName>Heather</FirstName>
      <LastName>Powell</LastName>
      <EmailAddress>powell.299@osu.edu</EmailAddress>
      <StartDate>04/04/2012</StartDate>
      <EndDate/>
      <RoleCode>Co-Principal Investigator</RoleCode>
    </Investigator>
    <Investigator>
      <FirstName>Peter</FirstName>
      <LastName>Anderson</LastName>
      <EmailAddress>anderson.1@osu.edu</EmailAddress>
      <StartDate>04/04/2012</StartDate>
      <EndDate/>
      <RoleCode>Co-Principal Investigator</RoleCode>
    </Investigator>
    <Institution>
      <Name>Ohio State University</Name>
      <CityName>Columbus</CityName>
      <ZipCode>432101016</ZipCode>
      <PhoneNumber>6146888735</PhoneNumber>
      <StreetAddress>Office of Sponsored Programs</StreetAddress>
      <CountryName>United States</CountryName>
      <StateName>Ohio</StateName>
      <StateCode>OH</StateCode>
    </Institution>
    <ProgramElement>
      <Code>7479</Code>
      <Text>Biomechanics &amp; Mechanobiology</Text>
    </ProgramElement>
    <ProgramReference>
      <Code>024E</Code>
      <Text>MATERIALS DESIGN</Text>
    </ProgramReference>
    <ProgramReference>
      <Code>027E</Code>
      <Text>NANOMECHANICS</Text>
    </ProgramReference>
    <ProgramReference>
      <Code>028E</Code>
      <Text>BIOMECHANICS</Text>
    </ProgramReference>
    <ProgramReference>
      <Code>036E</Code>
      <Text>CIVIL INFRASTRUCTURE</Text>
    </ProgramReference>
    <ProgramReference>
      <Code>1057</Code>
      <Text>CIS BASE RESEARCH</Text>
    </ProgramReference>
    <ProgramReference>
      <Code>116E</Code>
      <Text>RESEARCH EXP FOR UNDERGRADS</Text>
    </ProgramReference>
    <ProgramReference>
      <Code>9102</Code>
      <Text>WOMEN, MINORITY, DISABLED, NEC</Text>
    </ProgramReference>
    <ProgramReference>
      <Code>9178</Code>
      <Text>UNDERGRADUATE EDUCATION</Text>
    </ProgramReference>
    <ProgramReference>
      <Code>9231</Code>
      <Text>SUPPL FOR UNDERGRAD RES ASSIST</Text>
    </ProgramReference>
    <ProgramReference>
      <Code>9251</Code>
      <Text>RES EXPER FOR UNDERGRAD-SUPPLT</Text>
    </ProgramReference>
  </Award>
</rootTag>
