<?xml version="1.0" encoding="UTF-8"?>

<rootTag>
  <Award>
    <AwardTitle>Hodge theory, Motives and Vanishing</AwardTitle>
    <AwardEffectiveDate>06/01/2012</AwardEffectiveDate>
    <AwardExpirationDate>05/31/2017</AwardExpirationDate>
    <AwardAmount>182333</AwardAmount>
    <AwardInstrument>
      <Value>Standard Grant</Value>
    </AwardInstrument>
    <Organization>
      <Code>03040000</Code>
      <Directorate>
        <LongName>Direct For Mathematical &amp; Physical Scien</LongName>
      </Directorate>
      <Division>
        <LongName>Division Of Mathematical Sciences</LongName>
      </Division>
    </Organization>
    <ProgramOfficer>
      <SignBlockName>Andrew D. Pollington</SignBlockName>
    </ProgramOfficer>
    <AbstractNarration>The main problems in this proposal concern finding a general framework for Hodge theory, which can be applied to families of algebraic varieties. The proposed framework is a theory of motivic sheaves or motives with parameters. In particular, there would be a theory of motivic local systems. The latter would then lead to a notion of motivic fundamental group, which would provide a link between the topology and arithmetic of varieties. This also connects to Hodge theory in a more traditional sense, as in the study of variations of Hodge structures. A sub-project involves refinements of the Kodaira vanishing theorem using algebraic methods.&lt;br/&gt;&lt;br/&gt;Hodge theory lies at the core of this proposal. It is the part of algebraic geometry (the study of algebraic varieties or sets of solutions of systems of algebraic equations) that interacts most closely with differential geometry, topology and to a lesser extent, mathematical physics. There are nontrivial and surprising connections with number theory as well; the theory of motives, which is also central to this proposal, arose in part to explain some of these.</AbstractNarration>
    <MinAmdLetterDate>04/16/2012</MinAmdLetterDate>
    <MaxAmdLetterDate>04/16/2012</MaxAmdLetterDate>
    <ARRAAmount/>
    <AwardID>1201031</AwardID>
    <Investigator>
      <FirstName>Donu</FirstName>
      <LastName>Arapura</LastName>
      <EmailAddress>dvb@math.purdue.edu</EmailAddress>
      <StartDate>04/16/2012</StartDate>
      <EndDate/>
      <RoleCode>Principal Investigator</RoleCode>
    </Investigator>
    <Institution>
      <Name>Purdue University</Name>
      <CityName>West Lafayette</CityName>
      <ZipCode>479072114</ZipCode>
      <PhoneNumber>7654941055</PhoneNumber>
      <StreetAddress>Young Hall</StreetAddress>
      <CountryName>United States</CountryName>
      <StateName>Indiana</StateName>
      <StateCode>IN</StateCode>
    </Institution>
    <ProgramElement>
      <Code>1264</Code>
      <Text>ALGEBRA,NUMBER THEORY,AND COM</Text>
    </ProgramElement>
  </Award>
</rootTag>
