<?xml version="1.0" encoding="UTF-8"?>

<rootTag>
  <Award>
    <AwardTitle>Geometric Flows and Four-dimensional Geometry</AwardTitle>
    <AwardEffectiveDate>09/15/2011</AwardEffectiveDate>
    <AwardExpirationDate>08/31/2014</AwardExpirationDate>
    <AwardAmount>163263</AwardAmount>
    <AwardInstrument>
      <Value>Standard Grant</Value>
    </AwardInstrument>
    <Organization>
      <Code>03040000</Code>
      <Directorate>
        <LongName>Direct For Mathematical &amp; Physical Scien</LongName>
      </Directorate>
      <Division>
        <LongName>Division Of Mathematical Sciences</LongName>
      </Division>
    </Organization>
    <ProgramOfficer>
      <SignBlockName>Joanna Kania-Bartoszynska</SignBlockName>
    </ProgramOfficer>
    <AbstractNarration>The projects in this proposal aim to deepen the understanding of certain natural geometric evolution equations generalizing the Ricci flow, with a focus on understanding aspects of four dimensional geometry. One example is the gradient flow of the square norm of the curvature tensor, a natural fourth-order parabolic equation whose critical points unify various important classes of metrics on four-manifolds. Another important example is a generalization of Kahler Ricci flow to non-Kahler complex manifolds introduced in prior work of the PI and G. Tian. By utilizing methods from the well-developed theory of Ricci flow as well as techniques from complex geometry, the PI proposes to refine his existing work to understand the singularity formation of these flows. Aside from the intrinsic value of understanding physically natural equations, one possible direct application is to understand the topology of complex surfaces.&lt;br/&gt;&lt;br/&gt;The method of geometric flows is a relatively new technique for understanding the structure of geometric objects. Ultimately, by understanding these equations one can gain a deep understanding of topological structures. Furthermore, these equations typically have a physical motivation, and hence by understanding them we gain insight into natural physical processes. Even beyond these theoretical uses geometric flows have recently seen industrial application. The proposed research will thus add to our overall understanding in these important areas.</AbstractNarration>
    <MinAmdLetterDate>10/13/2011</MinAmdLetterDate>
    <MaxAmdLetterDate>06/18/2013</MaxAmdLetterDate>
    <ARRAAmount/>
    <AwardID>1201569</AwardID>
    <Investigator>
      <FirstName>Jeffrey</FirstName>
      <LastName>Streets</LastName>
      <EmailAddress>jstreets@uci.edu</EmailAddress>
      <StartDate>10/13/2011</StartDate>
      <EndDate/>
      <RoleCode>Principal Investigator</RoleCode>
    </Investigator>
    <Institution>
      <Name>University of California-Irvine</Name>
      <CityName>Irvine</CityName>
      <ZipCode>926173067</ZipCode>
      <PhoneNumber>9498244768</PhoneNumber>
      <StreetAddress>5171 California Avenue, Ste 150</StreetAddress>
      <CountryName>United States</CountryName>
      <StateName>California</StateName>
      <StateCode>CA</StateCode>
    </Institution>
    <ProgramElement>
      <Code>1253</Code>
      <Text>OFFICE OF MULTIDISCIPLINARY AC</Text>
    </ProgramElement>
    <ProgramElement>
      <Code>1265</Code>
      <Text>GEOMETRIC ANALYSIS</Text>
    </ProgramElement>
    <ProgramReference>
      <Code>1515</Code>
      <Text>MINORITY GRADUATE EDUC ACTIVIT</Text>
    </ProgramReference>
  </Award>
</rootTag>
