<?xml version="1.0" encoding="UTF-8"?>

<rootTag>
  <Award>
    <AwardTitle>North Carolina Louis Stokes Alliance for Minority Participation</AwardTitle>
    <AwardEffectiveDate>09/15/2012</AwardEffectiveDate>
    <AwardExpirationDate>08/31/2017</AwardExpirationDate>
    <AwardAmount>3999821</AwardAmount>
    <AwardInstrument>
      <Value>Continuing grant</Value>
    </AwardInstrument>
    <Organization>
      <Code>11060000</Code>
      <Directorate>
        <LongName>Direct For Education and Human Resources</LongName>
      </Directorate>
      <Division>
        <LongName>Division Of Human Resource Development</LongName>
      </Division>
    </Organization>
    <ProgramOfficer>
      <SignBlockName>Martha L. James</SignBlockName>
    </ProgramOfficer>
    <AbstractNarration>The NCLSAMP project proposes to utilize "promising practices" as well as new program initiatives to achieve the following goals: 1) Increase the pool of competent underrepresented graduates with STEM bachelor's degrees; 2) Promote retention and baccalaureate degree attainment in STEM academic programs, and; 3) Increase the number of students who matriculate into STEM graduate programs.&lt;br/&gt;&lt;br/&gt;Phase V (Senior-level) NCLSAMP expected outcomes at the end of the project are:&lt;br/&gt;1. An overall average of seventy-five percent (75%) of NCLSAMP participants will be retained in STEM baccalaureate programs within the Alliance. &lt;br/&gt;2. The pool of competent underrepresented graduates with STEM bachelor's degrees will have increased by 10%. &lt;br/&gt;3. The number of NCLSAMP participants who matriculate into STEM graduate programs will have increased by 10%. &lt;br/&gt;&lt;br/&gt;Building upon its successes in the implementation of cohort-based learning, collaborative instructional approaches and block-scheduling, the Alliance will help its members institutionalize and maintain high impact practices engaging a larger population of underrepresented students into STEM-learning communities. Best practices that will continue and expand based on Phase I experience include Facilitated Study Groups, Research Skills Development Workshops, and Mentored Research Experiences for Undergraduates.</AbstractNarration>
    <MinAmdLetterDate>09/14/2012</MinAmdLetterDate>
    <MaxAmdLetterDate>07/28/2015</MaxAmdLetterDate>
    <ARRAAmount/>
    <AwardID>1202467</AwardID>
    <Investigator>
      <FirstName>Marcia</FirstName>
      <LastName>Williams</LastName>
      <EmailAddress>marcia@ncat.edu</EmailAddress>
      <StartDate>09/14/2012</StartDate>
      <EndDate/>
      <RoleCode>Co-Principal Investigator</RoleCode>
    </Investigator>
    <Investigator>
      <FirstName>Joe</FirstName>
      <LastName>Whitehead</LastName>
      <EmailAddress>jbwhiteh@ncat.edu</EmailAddress>
      <StartDate>03/18/2014</StartDate>
      <EndDate/>
      <RoleCode>Principal Investigator</RoleCode>
    </Investigator>
    <Investigator>
      <FirstName>Winser</FirstName>
      <LastName>Alexander</LastName>
      <EmailAddress>winser@ncsu.edu</EmailAddress>
      <StartDate>09/14/2012</StartDate>
      <EndDate>03/18/2014</EndDate>
      <RoleCode>Former Principal Investigator</RoleCode>
    </Investigator>
    <Institution>
      <Name>North Carolina Agricultural &amp; Technical State University</Name>
      <CityName>Greensboro</CityName>
      <ZipCode>274110001</ZipCode>
      <PhoneNumber>3363347995</PhoneNumber>
      <StreetAddress>1601 E. Market Street</StreetAddress>
      <CountryName>United States</CountryName>
      <StateName>North Carolina</StateName>
      <StateCode>NC</StateCode>
    </Institution>
    <ProgramElement>
      <Code>9133</Code>
      <Text>ALLIANCES-MINORITY PARTICIPAT.</Text>
    </ProgramElement>
    <ProgramReference>
      <Code>9179</Code>
      <Text>GRADUATE INVOLVEMENT</Text>
    </ProgramReference>
  </Award>
</rootTag>
