<?xml version="1.0" encoding="UTF-8"?>

<rootTag>
  <Award>
    <AwardTitle>Micro- and Nanoengineering Novel MRI Contrast Agents for Biomedical Sensing and Imaging</AwardTitle>
    <AwardEffectiveDate>07/01/2012</AwardEffectiveDate>
    <AwardExpirationDate>06/30/2017</AwardExpirationDate>
    <AwardAmount>335719</AwardAmount>
    <AwardInstrument>
      <Value>Standard Grant</Value>
    </AwardInstrument>
    <Organization>
      <Code>07010000</Code>
      <Directorate>
        <LongName>Directorate For Engineering</LongName>
      </Directorate>
      <Division>
        <LongName>Div Of Electrical, Commun &amp; Cyber Sys</LongName>
      </Division>
    </Organization>
    <ProgramOfficer>
      <SignBlockName>Mona Zaghloul</SignBlockName>
    </ProgramOfficer>
    <AbstractNarration>The objective of this research is to develop a biocompatible, fabricated magnetic resonance imaging (MRI) contrast agent platform with novel properties, including sensory capability, and potential for wide application to biomedical research. The approach is to employ both top-down and self assembly approaches, incorporating environmentally responsive materials, to develop a class of contrast agents which address major limitations of currently available agents.&lt;br/&gt;&lt;br/&gt;This project addresses the development of next generation MRI contrast agents using micro- and nanofabrication techniques incorporating biocompatible magnetic materials to develop a series of geometrically precise, particulate contrast agents yielding distinct spectral signatures with multiplexing capability. In addition, the incorporation of biocompatible hydrogels, tunable to respond to myriad environmental stimuli, into the fabrication process will yield in vivo biological sensing capability.&lt;br/&gt;&lt;br/&gt;The broader impact of the proposed MRI contrast agents includes an expanded role of MRI in biomedical applications from the bench to the bedside. Multiplexed imaging, paired with an in vivo sensing capability, would dramatically potentiate the study of myriad diseases using MRI. In addition to the research impact, this project offers a rich potential for educating pre-college, undergraduate and graduate students given its multidisciplinary nature, integrating materials science, micro- and nanofabrication techniques, as well as imaging science and a focus on biomedical application. Finally, the investigators will take part in Boston University's Summer High School Honors Program to mentor high school students on this project, a unique opportunity to expose the top students from across the country to a rich, interdisciplinary educational experience.</AbstractNarration>
    <MinAmdLetterDate>03/24/2012</MinAmdLetterDate>
    <MaxAmdLetterDate>03/24/2012</MaxAmdLetterDate>
    <ARRAAmount/>
    <AwardID>1202304</AwardID>
    <Investigator>
      <FirstName>Xin</FirstName>
      <LastName>Zhang</LastName>
      <EmailAddress>xinz@bu.edu</EmailAddress>
      <StartDate>03/24/2012</StartDate>
      <EndDate/>
      <RoleCode>Principal Investigator</RoleCode>
    </Investigator>
    <Investigator>
      <FirstName>Stephan</FirstName>
      <LastName>Anderson</LastName>
      <EmailAddress>Stephan.Anderson@bmc.org</EmailAddress>
      <StartDate>03/24/2012</StartDate>
      <EndDate/>
      <RoleCode>Co-Principal Investigator</RoleCode>
    </Investigator>
    <Institution>
      <Name>Trustees of Boston University</Name>
      <CityName>BOSTON</CityName>
      <ZipCode>022151300</ZipCode>
      <PhoneNumber>6173534365</PhoneNumber>
      <StreetAddress>881 COMMONWEALTH AVE</StreetAddress>
      <CountryName>United States</CountryName>
      <StateName>Massachusetts</StateName>
      <StateCode>MA</StateCode>
    </Institution>
    <ProgramElement>
      <Code>7564</Code>
      <Text>COMMS, CIRCUITS &amp; SENS SYS</Text>
    </ProgramElement>
    <ProgramReference>
      <Code>104E</Code>
      <Text>MEMS/NEMS</Text>
    </ProgramReference>
  </Award>
</rootTag>
