<?xml version="1.0" encoding="UTF-8"?>

<rootTag>
  <Award>
    <AwardTitle>Studies on Singularities</AwardTitle>
    <AwardEffectiveDate>09/15/2012</AwardEffectiveDate>
    <AwardExpirationDate>08/31/2016</AwardExpirationDate>
    <AwardAmount>227023</AwardAmount>
    <AwardInstrument>
      <Value>Standard Grant</Value>
    </AwardInstrument>
    <Organization>
      <Code>03040000</Code>
      <Directorate>
        <LongName>Direct For Mathematical &amp; Physical Scien</LongName>
      </Directorate>
      <Division>
        <LongName>Division Of Mathematical Sciences</LongName>
      </Division>
    </Organization>
    <ProgramOfficer>
      <SignBlockName>Andrew D. Pollington</SignBlockName>
    </ProgramOfficer>
    <AbstractNarration>The research program proposes several problems in commutative algebra. There are three long-term goals: the study of projective rational plane curves; the description of the defining equations of Rees algebras; and the investigation of cores of arbitrary ideals. More precisely, Polini proposes to investigate local and global information on the singularities of a given curve; to set up a correspondence between the types of singularities and the shapes of the syzygy matrices of the forms parametrizing them; and to stratify the space of all rational plane curves of a fixed degree according to the configuration of their singularities. Rees algebras are instrumental in multiplicity theory and intersection theory, in the study of integral closures of ideals, and in the context of blowing up a variety. Although blowing up is a basic operation, an explicit understanding of this process is still an open problem. Most notably, it is difficult to describe the defining equations of the resulting variety. Reductions play a crucial role in the study of Rees algebras, multiplicities, and Hilbert functions. To investigate all reductions at once one considers the core, defined as the intersection of these reductions. The core is related to multiplier ideals, an essential tool in birational geometry due to their importance in vanishing theorems. The core detects uniformity properties of schemes, such as the Cayley Bacharach property of finite sets of points. Although cores have been studied extensively, they remain somewhat mysterious objects that are difficult to compute in general.&lt;br/&gt;&lt;br/&gt;Commutative algebra deals with solutions of many polynomial equations in many unknowns. Fundamentally, it is the study of abstract objects called rings of polynomial functions defined on the set of solutions of systems of polynomial equations. Commutative algebra provides the tools for understanding many problems in pure and applied mathematics and, as of more recently, physics as well. In many applied problems, polynomial equations and hence commutative algebra play a crucial role. Applied areas where results from commutative algebra have been used include geometric modeling, operations research,computer science, robotics, control theory, coding theory and cryptography,to mention a few. In fact, most of the problems described in this researchproposal are not only important for commutative algebraists or algebraicgeometers but are of interest to applied mathematicians as well. For instance,the study of curve (or surface) singularities via their parametrizations have applications in geometric modeling theory. In computer aided geometric design, curves are often given parametrically and their singularities are pointswhere the shape of the graphic gets more complicated. Thus, understanding the nature of these singular points is extremely important.</AbstractNarration>
    <MinAmdLetterDate>03/27/2012</MinAmdLetterDate>
    <MaxAmdLetterDate>03/27/2012</MaxAmdLetterDate>
    <ARRAAmount/>
    <AwardID>1202685</AwardID>
    <Investigator>
      <FirstName>Claudia</FirstName>
      <LastName>Polini</LastName>
      <EmailAddress>cpolini@nd.edu</EmailAddress>
      <StartDate>03/27/2012</StartDate>
      <EndDate/>
      <RoleCode>Principal Investigator</RoleCode>
    </Investigator>
    <Institution>
      <Name>University of Notre Dame</Name>
      <CityName>NOTRE DAME</CityName>
      <ZipCode>465565708</ZipCode>
      <PhoneNumber>5746317432</PhoneNumber>
      <StreetAddress>940 Grace Hall</StreetAddress>
      <CountryName>United States</CountryName>
      <StateName>Indiana</StateName>
      <StateCode>IN</StateCode>
    </Institution>
  </Award>
</rootTag>
