<?xml version="1.0" encoding="UTF-8"?>

<rootTag>
  <Award>
    <AwardTitle>Algebraic Enumerative and Topological Combinatorics</AwardTitle>
    <AwardEffectiveDate>07/01/2012</AwardEffectiveDate>
    <AwardExpirationDate>06/30/2017</AwardExpirationDate>
    <AwardAmount>284208</AwardAmount>
    <AwardInstrument>
      <Value>Standard Grant</Value>
    </AwardInstrument>
    <Organization>
      <Code>03040000</Code>
      <Directorate>
        <LongName>Direct For Mathematical &amp; Physical Scien</LongName>
      </Directorate>
      <Division>
        <LongName>Division Of Mathematical Sciences</LongName>
      </Division>
    </Organization>
    <ProgramOfficer>
      <SignBlockName>Tomek Bartoszynski</SignBlockName>
    </ProgramOfficer>
    <AbstractNarration>John Shareshian plans to work on four projects. He will continue joint work with Michelle Wachs involving the use of quasisymmetric functions in various combinatorial, geometric and representation theoretic settings. The current main goal of this project is to show that the Frobenius characteristic of a representation of the symmetric group on the cohomology of a regular semisimple Hessenberg variety is a refinement of the chromatic symmetric function of a graph naturally associated to the variety. Shareshian will continue joint work with Russ Woodroofe, in which two problems are studied. The first problem is to show that the order complex of the coset poset of a finite group is never contractible. This problem has been reduced by Shareshian and Woodroofe to a problem about prime divisors of indices of maximal subgroups of alternating groups. The second problem is to develop a nongraded analog of Richard Stanley's theory of supersolvable lattices. The main goal is to find a theory that both encompasses the already well-studied theory of left modular lattices and provides a better understanding of combinatorial properties of subgroup lattices of finite solvable groups. Finally, Shareshian will attempt to settle a problem in topological combinatorics raised by Michael Aschbacher and Stephen Smith in their work on the Quillen Conjecture about the partially ordered set of p-subgroups of a finite group.&lt;br/&gt;&lt;br/&gt;Shareshian studies connections between three areas of mathematics, namely, combinatorics, group theory and geometry. Combinatorialists study discrete, usually finite, structures, often attempting to enumerate all such structures satisfying a given condition. Combinatorial problems arise naturally in various areas of intellectual inquiry, including mathematics, computer science, physics and biology. Group theorists study symmetry by encoding the symmetries of an object by an algebraic system, called a group. Since humans are naturally drawn to highly symmetric objects and use symmetry to understand many scientific and aesthetic phenomena, group theory is ubiquitous. It appears, for example, in many problems from physics and chemistry. Geometers study shapes. These shapes might live in spaces of high dimension and therefore be inaccessible to understanding through visualization. Mathematicians often attempt to understand such shapes by associating to them algebraic systems in a way that provides useful information. In some cases, these algebraic systems are best understood by associating to them combinatorial objects that encode the algebraic information relevant to the geometric problem at hand. Shareshian examines combinatorial objects arising in this manner.</AbstractNarration>
    <MinAmdLetterDate>02/16/2012</MinAmdLetterDate>
    <MaxAmdLetterDate>02/16/2012</MaxAmdLetterDate>
    <ARRAAmount/>
    <AwardID>1202337</AwardID>
    <Investigator>
      <FirstName>John</FirstName>
      <LastName>Shareshian</LastName>
      <EmailAddress>shareshi@math.wustl.edu</EmailAddress>
      <StartDate>02/16/2012</StartDate>
      <EndDate/>
      <RoleCode>Principal Investigator</RoleCode>
    </Investigator>
    <Institution>
      <Name>Washington University</Name>
      <CityName>SAINT LOUIS</CityName>
      <ZipCode>631304899</ZipCode>
      <PhoneNumber>3147474134</PhoneNumber>
      <StreetAddress>CAMPUS BOX 1054</StreetAddress>
      <CountryName>United States</CountryName>
      <StateName>Missouri</StateName>
      <StateCode>MO</StateCode>
    </Institution>
    <ProgramElement>
      <Code>7970</Code>
      <Text>Combinatorics</Text>
    </ProgramElement>
  </Award>
</rootTag>
