<?xml version="1.0" encoding="UTF-8"?>

<rootTag>
  <Award>
    <AwardTitle>Optical MIMO and Hybrid Communication Systems</AwardTitle>
    <AwardEffectiveDate>08/15/2012</AwardEffectiveDate>
    <AwardExpirationDate>07/31/2016</AwardExpirationDate>
    <AwardAmount>261358</AwardAmount>
    <AwardInstrument>
      <Value>Standard Grant</Value>
    </AwardInstrument>
    <Organization>
      <Code>07010000</Code>
      <Directorate>
        <LongName>Directorate For Engineering</LongName>
      </Directorate>
      <Division>
        <LongName>Div Of Electrical, Commun &amp; Cyber Sys</LongName>
      </Division>
    </Organization>
    <ProgramOfficer>
      <SignBlockName>Chengshan Xiao</SignBlockName>
    </ProgramOfficer>
    <AbstractNarration>Objective:&lt;br/&gt;&lt;br/&gt;The objective of this research is to develop and analyze multiple-input multiple-output optical communication systems using light-emitting diodes and a focal plane receiving array to provide reliable and secure communications under both static and mobile scenarios. The proposed approach explores novel spatio-temporal processing, effective modulations that exploit diversity and multiplexing,&lt;br/&gt;and hybrid optical/radio frequency communication.&lt;br/&gt;&lt;br/&gt;Intellectual merit:&lt;br/&gt;&lt;br/&gt;The intellectual merit includes: (1) development of transmission techniques and receiver signal processing algorithms to provide high data rate communication using light-emitting diodes under channel impairments and varying transmitter-receiver distances, (2) modulations and adaptive mode analysis for hybrid optical/radio frequency systems, (3) investigation of indoor and outdoor channel effects on the proposed algorithms including acquisition and tracking, (4) testing and validation of key ideas on an experimental test bed, and (5) exploring design optimization using channel codes.&lt;br/&gt;&lt;br/&gt;Broader impacts:&lt;br/&gt;&lt;br/&gt;The broader impacts include high speed optical communication system development that can integrate well with energy saving light-emitting diode lighting technology. The proposed research can offer secure communication solutions to inter-vehicle and vehicle-to-hub communications, and communications in indoor and factory facilities. The work can also inspire new receiving device&lt;br/&gt;developments with novel sensing and communication architectures offering potential benefits to society. Students will be trained in theory and in the laboratory, and efforts will be made to attract students from underrepresented groups. Plans are included to demonstrate this research to local high school students to help motivate them to pursue engineering studies.</AbstractNarration>
    <MinAmdLetterDate>08/07/2012</MinAmdLetterDate>
    <MaxAmdLetterDate>08/07/2012</MaxAmdLetterDate>
    <ARRAAmount/>
    <AwardID>1202001</AwardID>
    <Investigator>
      <FirstName>Deva</FirstName>
      <LastName>Borah</LastName>
      <EmailAddress>dborah@nmsu.edu</EmailAddress>
      <StartDate>08/07/2012</StartDate>
      <EndDate/>
      <RoleCode>Principal Investigator</RoleCode>
    </Investigator>
    <Investigator>
      <FirstName>David</FirstName>
      <LastName>Voelz</LastName>
      <EmailAddress>davvoelz@nmsu.edu</EmailAddress>
      <StartDate>08/07/2012</StartDate>
      <EndDate/>
      <RoleCode>Co-Principal Investigator</RoleCode>
    </Investigator>
    <Institution>
      <Name>New Mexico State University</Name>
      <CityName>Las Cruces</CityName>
      <ZipCode>880038002</ZipCode>
      <PhoneNumber>5756461590</PhoneNumber>
      <StreetAddress>Corner of Espina St. &amp; Stewart</StreetAddress>
      <CountryName>United States</CountryName>
      <StateName>New Mexico</StateName>
      <StateCode>NM</StateCode>
    </Institution>
  </Award>
</rootTag>
