<?xml version="1.0" encoding="UTF-8"?>

<rootTag>
  <Award>
    <AwardTitle>Collaborative Research: SMURFS: Statistical Modeling, SimUlation and Robust Design Techniques For MemriStors</AwardTitle>
    <AwardEffectiveDate>05/01/2012</AwardEffectiveDate>
    <AwardExpirationDate>04/30/2016</AwardExpirationDate>
    <AwardAmount>250001</AwardAmount>
    <AwardInstrument>
      <Value>Standard Grant</Value>
    </AwardInstrument>
    <Organization>
      <Code>07010000</Code>
      <Directorate>
        <LongName>Directorate For Engineering</LongName>
      </Directorate>
      <Division>
        <LongName>Div Of Electrical, Commun &amp; Cyber Sys</LongName>
      </Division>
    </Organization>
    <ProgramOfficer>
      <SignBlockName>Radhakisan S. Baheti</SignBlockName>
    </ProgramOfficer>
    <AbstractNarration>SMURFS: Statistical Modeling, SimUlation and Robust Design Techniques For MemriStors&lt;br/&gt;Abstract&lt;br/&gt;&lt;br/&gt;The fourth fundamental passive circuit element &amp;#8722; memristor, has demonstrated great potentials in massive data storage, neuromorphic computing, signal processing, biomedical lab-on-a-chip, sensing etc. The objective of this research is to investigate the design implications of process variations and environmental fluctuations to memristor-based VLSI systems, to exploit a fast statistical simulation technique, and to explore new circuit techniques to improve the memristive system reliability and robustness.&lt;br/&gt;Intellectual Merit: This research includes three integrated components: (1) The statistical device models for representative memristor technologies, i.e., the TiO2 thin-film and spintronic memristors, will be developed to facilitate the process variation aware design space explorations; (2) The fast Monte-Carlo simulation platform will be developed for memristor-based VLSI system designs and simulations; (3) By leveraging the statistical memristor models and simulation platform, robust circuit design techniques that can minimize the fluctuations of the electrical properties caused by process variations will be investigated.&lt;br/&gt;Broader Impacts: This research provides a comprehensive design package for efficiently integrating memristor into existing VLSI systems to offer better performance and power consumption. The device engineers and the circuit designers are well bridged and educated by the research innovations. The developed techniques can be directly transferred to industry applications under the close collaborations with leading industry partners, and directly impact the future memristor-based VLSI systems. The activities in the collaboration also include the tutorials in the major conferences on the technical aspects of the projects and new course development.</AbstractNarration>
    <MinAmdLetterDate>04/13/2012</MinAmdLetterDate>
    <MaxAmdLetterDate>04/13/2012</MaxAmdLetterDate>
    <ARRAAmount/>
    <AwardID>1202225</AwardID>
    <Investigator>
      <FirstName>Yiran</FirstName>
      <LastName>Chen</LastName>
      <EmailAddress>yic52@pitt.edu</EmailAddress>
      <StartDate>04/13/2012</StartDate>
      <EndDate/>
      <RoleCode>Principal Investigator</RoleCode>
    </Investigator>
    <Institution>
      <Name>University of Pittsburgh</Name>
      <CityName>Pittsburgh</CityName>
      <ZipCode>152132303</ZipCode>
      <PhoneNumber>4126247400</PhoneNumber>
      <StreetAddress>University Club</StreetAddress>
      <CountryName>United States</CountryName>
      <StateName>Pennsylvania</StateName>
      <StateCode>PA</StateCode>
    </Institution>
    <ProgramElement>
      <Code>7607</Code>
      <Text>ENERGY,POWER,ADAPTIVE SYS</Text>
    </ProgramElement>
    <ProgramReference>
      <Code>102E</Code>
      <Text>Quantum/high perform algorithm</Text>
    </ProgramReference>
  </Award>
</rootTag>
