<?xml version="1.0" encoding="UTF-8"?>

<rootTag>
  <Award>
    <AwardTitle>Urban Massachusetts Louis Stokes Alliance for Minority Participation (Mid-Level Alliance)</AwardTitle>
    <AwardEffectiveDate>09/15/2012</AwardEffectiveDate>
    <AwardExpirationDate>08/31/2017</AwardExpirationDate>
    <AwardAmount>2500001</AwardAmount>
    <AwardInstrument>
      <Value>Continuing grant</Value>
    </AwardInstrument>
    <Organization>
      <Code>11060000</Code>
      <Directorate>
        <LongName>Direct For Education and Human Resources</LongName>
      </Directorate>
      <Division>
        <LongName>Division Of Human Resource Development</LongName>
      </Division>
    </Organization>
    <ProgramOfficer>
      <SignBlockName>Tasha Inniss</SignBlockName>
    </ProgramOfficer>
    <AbstractNarration>The proposed Urban Massachusetts LSAMP (UMLSAMP), consisting of eight institutions located in the Eastern Region of the Commonwealth, will expand and scale up its existing programs that help URM students start on-track and stay on-track, thus significantly improving the probability of their successful and timely graduation. The Mid-Level Alliance will assist the participating institutions with implementing a proactive student-centered approach, which employs student learning communities as fundamental elements. The specific project goals are:&lt;br/&gt;&lt;br/&gt;-A 50% increase in the number of Black, Hispanic, and Native American students with majors in STEM fields &lt;br/&gt;-A 150% increase in the number of BS STEM degrees awarded to Black, Hispanic, and Native American students &lt;br/&gt;-A 150% increase in the number of students who successfully transfer from Alliance community colleges into BS STEM majors &lt;br/&gt;&lt;br/&gt;The Broader Impacts of the Mid-Level Alliance will be generated through several foundational project objectives: 1. Increase recruitment, retention and graduation rates, particularly for underrepresented students; 2. Provide LS-AMP Scholars with research and internship opportunities; 3. Promote institutionalized adoption of successful models; 4. Create synergies for STEM student success through interactions across the Alliance.&lt;br/&gt;&lt;br/&gt;Lessons learned, success stories and other programmatic outputs will be documented and disseminated through online communication channels, participation in national and international student success and STEM related conferences and workshops, and peer-reviewed publications.</AbstractNarration>
    <MinAmdLetterDate>09/05/2012</MinAmdLetterDate>
    <MaxAmdLetterDate>08/05/2014</MaxAmdLetterDate>
    <ARRAAmount/>
    <AwardID>1202510</AwardID>
    <Investigator>
      <FirstName>Winston</FirstName>
      <LastName>Langley</LastName>
      <EmailAddress>winston.langley@umb.edu</EmailAddress>
      <StartDate>09/05/2012</StartDate>
      <EndDate/>
      <RoleCode>Principal Investigator</RoleCode>
    </Investigator>
    <Institution>
      <Name>University of Massachusetts Boston</Name>
      <CityName>Dorchester</CityName>
      <ZipCode>021253300</ZipCode>
      <PhoneNumber>6172875370</PhoneNumber>
      <StreetAddress>100 Morrissey Boulevard</StreetAddress>
      <CountryName>United States</CountryName>
      <StateName>Massachusetts</StateName>
      <StateCode>MA</StateCode>
    </Institution>
    <ProgramElement>
      <Code>9133</Code>
      <Text>ALLIANCES-MINORITY PARTICIPAT.</Text>
    </ProgramElement>
    <ProgramReference>
      <Code>9178</Code>
      <Text>UNDERGRADUATE EDUCATION</Text>
    </ProgramReference>
  </Award>
</rootTag>
