<?xml version="1.0" encoding="UTF-8"?>

<rootTag>
  <Award>
    <AwardTitle>NYC Louis Stokes Alliance</AwardTitle>
    <AwardEffectiveDate>09/01/2012</AwardEffectiveDate>
    <AwardExpirationDate>08/31/2019</AwardExpirationDate>
    <AwardAmount>2478980</AwardAmount>
    <AwardInstrument>
      <Value>Continuing grant</Value>
    </AwardInstrument>
    <Organization>
      <Code>11060000</Code>
      <Directorate>
        <LongName>Direct For Education and Human Resources</LongName>
      </Directorate>
      <Division>
        <LongName>Division Of Human Resource Development</LongName>
      </Division>
    </Organization>
    <ProgramOfficer>
      <SignBlockName>Martha L. James</SignBlockName>
    </ProgramOfficer>
    <AbstractNarration>Now in its twentieth year (2011-2012), the NYC LSAMP involves 17 of CUNY?s 18 academic campuses, including the Graduate School and University Center. The Collaborative Infrastructure at CUNY allows for adaption and adoption of best practices in educational pedagogy, and cutting edge STEM research. Alliance activity in Phases I, and II (1992-2002) centered on adoption and adaption of the Collaborative Learning Approaches, Workshop and Peer Led Team Learning Models, and the TINTO models to increase the number of students who would successfully complete the STEM gatekeeper courses. Phases III and IV led to institutionalization of Phase I and II practices, and an increased focus on the Research and Training of LSAMP Scholars and access to Graduate Education.&lt;br/&gt;&lt;br/&gt;Activities 2012-2017 will build on the institutionalized activities across CUNY to increase the annual BA/BS degree production in STEM to 1000 degrees per year from 700 per annum. Continued focus at the Community College will result in 1) early intervention, 2) greater transfer rates, and 3) degree completion/retention in the STEM disciplines. LSAMP Research and Training activities will 1) expand the diversity and multidisciplinary nature of the 21st Century STEM training, 2) increase the number of opportunities to LSAMP participants, and 3) offer early introduction to research resulting in an increased number of students attracted to the STEM disciplines.&lt;br/&gt;&lt;br/&gt;The following are program activities for NYC Alliance 2012-2017: &lt;br/&gt;? Student Success towards Graduation in STEM &lt;br/&gt;? Partnerships and Collaborations &lt;br/&gt;? Community College Focus &lt;br/&gt;? International Summer Opportunities for Research Training &lt;br/&gt;? Research and Training n CUNY and Nationally &lt;br/&gt;? Summer Opportunities for Research Training &lt;br/&gt;? Preparing Future Faculty</AbstractNarration>
    <MinAmdLetterDate>08/29/2012</MinAmdLetterDate>
    <MaxAmdLetterDate>10/13/2016</MaxAmdLetterDate>
    <ARRAAmount/>
    <AwardID>1202520</AwardID>
    <Investigator>
      <FirstName>Leon</FirstName>
      <LastName>Johnson</LastName>
      <EmailAddress>leon.johnson@verizon.net</EmailAddress>
      <StartDate>08/29/2012</StartDate>
      <EndDate/>
      <RoleCode>Co-Principal Investigator</RoleCode>
    </Investigator>
    <Investigator>
      <FirstName>Charles</FirstName>
      <LastName>Watkins</LastName>
      <EmailAddress>watkins@ccny.cuny.edu</EmailAddress>
      <StartDate>10/13/2016</StartDate>
      <EndDate/>
      <RoleCode>Principal Investigator</RoleCode>
    </Investigator>
    <Investigator>
      <FirstName>Neville</FirstName>
      <LastName>Parker</LastName>
      <EmailAddress>parker@utrc2.org</EmailAddress>
      <StartDate>08/29/2012</StartDate>
      <EndDate>10/13/2016</EndDate>
      <RoleCode>Former Principal Investigator</RoleCode>
    </Investigator>
    <Institution>
      <Name>CUNY City College</Name>
      <CityName>New York</CityName>
      <ZipCode>100319101</ZipCode>
      <PhoneNumber>2126505418</PhoneNumber>
      <StreetAddress>Convent Ave at 138th St</StreetAddress>
      <CountryName>United States</CountryName>
      <StateName>New York</StateName>
      <StateCode>NY</StateCode>
    </Institution>
    <ProgramElement>
      <Code>9133</Code>
      <Text>ALLIANCES-MINORITY PARTICIPAT.</Text>
    </ProgramElement>
    <ProgramReference>
      <Code>9179</Code>
      <Text>GRADUATE INVOLVEMENT</Text>
    </ProgramReference>
    <ProgramReference>
      <Code>9178</Code>
      <Text>UNDERGRADUATE EDUCATION</Text>
    </ProgramReference>
  </Award>
</rootTag>
