<?xml version="1.0" encoding="UTF-8"?>

<rootTag>
  <Award>
    <AwardTitle>Quantum-Engineered Long-Wavelength Infrared Photodetectors</AwardTitle>
    <AwardEffectiveDate>06/01/2012</AwardEffectiveDate>
    <AwardExpirationDate>05/31/2017</AwardExpirationDate>
    <AwardAmount>360100</AwardAmount>
    <AwardInstrument>
      <Value>Continuing grant</Value>
    </AwardInstrument>
    <Organization>
      <Code>07010000</Code>
      <Directorate>
        <LongName>Directorate For Engineering</LongName>
      </Directorate>
      <Division>
        <LongName>Div Of Electrical, Commun &amp; Cyber Sys</LongName>
      </Division>
    </Organization>
    <ProgramOfficer>
      <SignBlockName>Mahmoud Fallahi</SignBlockName>
    </ProgramOfficer>
    <AbstractNarration>The objective of this program is to advance the understanding of quantum-engineered interband cascade (IC) structures and to develop high-performance long-wavelength infrared photodetectors (7-10 ?Ým). These quantum-engineered interband-cascade infrared photodetectors (ICIPs) will operate at elevated temperatures accessible by thermoelectric coolers (&gt;200 K) with high detectivity D* (~109 Jones or better). &lt;br/&gt;&lt;br/&gt;The intellectual merit is the integration of the discrete absorber architecture within a quantum engineered structure to form a detector based on new principles that combine the advantages of very fast intersubband relaxation, interband tunneling for carrier transport, and relatively slow interband transitions. With the discrete absorber architecture, ICIPs circumvent diffusion-length limitations and are feasible for high-speed operation without compromising their absorption quantum efficiency. Also, doping is unnecessary in ICIPs, but can be used as a means to manipulate carrier concentrations and transport without forming a conventional depletion region. By eliminating this depletion region, the Shockley-Read-Hall generation current is suppressed in ICIPs. Hence, this project will provide opportunities to investigate new phenomena associated with the underlying physics of quantum-engineered structures and devices.&lt;br/&gt;&lt;br/&gt;The broader impacts are the generation of cutting-edge knowledge in the design and understanding of quantum-engineered semiconductor structures and devices; and the realization of high-performance and low-noise photodetectors in the long-wavelength infrared spectrum for many industrial, earth science, space exploration, and defense and homeland security applications. This project will offer students unique opportunities to pursue education, training and research in multidisciplinary topics. This project will promote the participation of faculty and students in statewide educational outreach activities.</AbstractNarration>
    <MinAmdLetterDate>05/18/2012</MinAmdLetterDate>
    <MaxAmdLetterDate>05/06/2014</MaxAmdLetterDate>
    <ARRAAmount/>
    <AwardID>1202318</AwardID>
    <Investigator>
      <FirstName>Rui</FirstName>
      <LastName>Yang</LastName>
      <EmailAddress>rui.q.yang@ou.edu</EmailAddress>
      <StartDate>05/18/2012</StartDate>
      <EndDate/>
      <RoleCode>Principal Investigator</RoleCode>
    </Investigator>
    <Investigator>
      <FirstName>Michael</FirstName>
      <LastName>Santos</LastName>
      <EmailAddress>msantos@ou.edu</EmailAddress>
      <StartDate>05/18/2012</StartDate>
      <EndDate/>
      <RoleCode>Co-Principal Investigator</RoleCode>
    </Investigator>
    <Investigator>
      <FirstName>Matthew</FirstName>
      <LastName>Johnson</LastName>
      <EmailAddress>matthew.johnson@mail.wvu.edu</EmailAddress>
      <StartDate>05/18/2012</StartDate>
      <EndDate/>
      <RoleCode>Co-Principal Investigator</RoleCode>
    </Investigator>
    <Institution>
      <Name>University of Oklahoma Norman Campus</Name>
      <CityName>NORMAN</CityName>
      <ZipCode>730199705</ZipCode>
      <PhoneNumber>4053254757</PhoneNumber>
      <StreetAddress>201 Stephenson Parkway</StreetAddress>
      <CountryName>United States</CountryName>
      <StateName>Oklahoma</StateName>
      <StateCode>OK</StateCode>
    </Institution>
    <ProgramElement>
      <Code>1517</Code>
      <Text>ELECT, PHOTONICS, &amp; MAG DEVICE</Text>
    </ProgramElement>
    <ProgramReference>
      <Code>091E</Code>
      <Text>Light generation &amp; detection</Text>
    </ProgramReference>
    <ProgramReference>
      <Code>9150</Code>
      <Text>EXP PROG TO STIM COMP RES</Text>
    </ProgramReference>
  </Award>
</rootTag>
