<?xml version="1.0" encoding="UTF-8"?>

<rootTag>
  <Award>
    <AwardTitle>GOALI: Plasmonically Enhanced Bulk Heterojunction Organic Photovoltaics</AwardTitle>
    <AwardEffectiveDate>09/15/2012</AwardEffectiveDate>
    <AwardExpirationDate>08/31/2017</AwardExpirationDate>
    <AwardAmount>356000</AwardAmount>
    <AwardInstrument>
      <Value>Continuing grant</Value>
    </AwardInstrument>
    <Organization>
      <Code>07010000</Code>
      <Directorate>
        <LongName>Directorate For Engineering</LongName>
      </Directorate>
      <Division>
        <LongName>Div Of Electrical, Commun &amp; Cyber Sys</LongName>
      </Division>
    </Organization>
    <ProgramOfficer>
      <SignBlockName>Nadia El-Masry</SignBlockName>
    </ProgramOfficer>
    <AbstractNarration>Research Objectives and Approaches:&lt;br/&gt;The objective of this research is to advance organic solar cells using tailored chemistries of metallic nanoparticles that when assembled into a thin film act like tiny lenses across the film surface to focus sunlight onto the light absorption region. When metal nanoparticles are aligned into a perfect periodic checker-board array, they can create a plasmonic resonance leading to a high augmented absorption. There will be a significant leveraging through an alliance with the local company, MetaMateria. Also, collaborations with Prof. Terry Bigioni will further expand the scope of study. Metamateria will fashion nanoparticles to be placed adjacent the active collection region and Bigioni will create nanoparticles to be placed inside the active region. The addition of Prof. James Coe from Ohio State's Chemistry provides an experienced background with modeling plasmonic optical effects. &lt;br/&gt;&lt;br/&gt;Intellectual Merit:&lt;br/&gt;The proposed project will establish a world-class program in polymer solar cells that will advance low-cost polymer solar cells using plasmonics. The development of unique and tailored nanoparticles chemistries with MetaMateria will be a platform technology for other applications, such as fuel cells and water purification, which are key commercialization thrusts for Metamateria&lt;br/&gt;&lt;br/&gt;Broader Impacts:&lt;br/&gt;Through collaborations with industry, we will increase the competitiveness and position of US industry and advance the efficiency and functionality of solar cells. Participation of industry will broaden the culture of innovation and focus the research output towards strategic commercialization. Undergraduate researchers will provide valuable and substantive contributions to the proposed work.</AbstractNarration>
    <MinAmdLetterDate>09/14/2012</MinAmdLetterDate>
    <MaxAmdLetterDate>09/19/2014</MaxAmdLetterDate>
    <ARRAAmount/>
    <AwardID>1202465</AwardID>
    <Investigator>
      <FirstName>Suvankar</FirstName>
      <LastName>Sengupta</LastName>
      <EmailAddress>ssengupta@aol.com</EmailAddress>
      <StartDate>09/14/2012</StartDate>
      <EndDate/>
      <RoleCode>Co-Principal Investigator</RoleCode>
    </Investigator>
    <Investigator>
      <FirstName>Paul</FirstName>
      <LastName>Berger</LastName>
      <EmailAddress>pberger@ieee.org</EmailAddress>
      <StartDate>09/14/2012</StartDate>
      <EndDate/>
      <RoleCode>Principal Investigator</RoleCode>
    </Investigator>
    <Investigator>
      <FirstName>James</FirstName>
      <LastName>Coe</LastName>
      <EmailAddress>coe.1@osu.edu</EmailAddress>
      <StartDate>09/14/2012</StartDate>
      <EndDate/>
      <RoleCode>Co-Principal Investigator</RoleCode>
    </Investigator>
    <Institution>
      <Name>Ohio State University</Name>
      <CityName>Columbus</CityName>
      <ZipCode>432101016</ZipCode>
      <PhoneNumber>6146888735</PhoneNumber>
      <StreetAddress>Office of Sponsored Programs</StreetAddress>
      <CountryName>United States</CountryName>
      <StateName>Ohio</StateName>
      <StateCode>OH</StateCode>
    </Institution>
    <ProgramElement>
      <Code>1504</Code>
      <Text>GRANT OPP FOR ACAD LIA W/INDUS</Text>
    </ProgramElement>
    <ProgramElement>
      <Code>7607</Code>
      <Text>ENERGY,POWER,ADAPTIVE SYS</Text>
    </ProgramElement>
    <ProgramReference>
      <Code>1504</Code>
      <Text>GRANT OPP FOR ACAD LIA W/INDUS</Text>
    </ProgramReference>
    <ProgramReference>
      <Code>7423</Code>
      <Text>Energy collection &amp; storage</Text>
    </ProgramReference>
    <ProgramReference>
      <Code>9102</Code>
      <Text>WOMEN, MINORITY, DISABLED, NEC</Text>
    </ProgramReference>
    <ProgramReference>
      <Code>9251</Code>
      <Text>RES EXPER FOR UNDERGRAD-SUPPLT</Text>
    </ProgramReference>
  </Award>
</rootTag>
