<?xml version="1.0" encoding="UTF-8"?>

<rootTag>
  <Award>
    <AwardTitle>"Doctoral Dissertation Research: The Local Implementation of Global Health Priorities"</AwardTitle>
    <AwardEffectiveDate>05/01/2012</AwardEffectiveDate>
    <AwardExpirationDate>04/30/2013</AwardExpirationDate>
    <AwardAmount>7497</AwardAmount>
    <AwardInstrument>
      <Value>Standard Grant</Value>
    </AwardInstrument>
    <Organization>
      <Code>04050000</Code>
      <Directorate>
        <LongName>Direct For Social, Behav &amp; Economic Scie</LongName>
      </Directorate>
      <Division>
        <LongName>Divn Of Social and Economic Sciences</LongName>
      </Division>
    </Organization>
    <ProgramOfficer>
      <SignBlockName>Saylor Breckenridge</SignBlockName>
    </ProgramOfficer>
    <AbstractNarration>SES-1202712&lt;br/&gt;Stefan Timmermans&lt;br/&gt;Tara McKay&lt;br/&gt;University of California, Los Angeles&lt;br/&gt;&lt;br/&gt;Doctoral Dissertation Research: The Local Implementation of Global Health Priorities&lt;br/&gt;&lt;br/&gt;ABSTRACT&lt;br/&gt;Global health policy faces the challenge of reconciling international and local goals. This dissertation examines how tensions and ties among countries shape the diffusion of health programming priorities. Using a novel dataset utilizing four waves of UN country progress reports, this study considers how organizational ties among states and elites have shaped the diffusion of health programming priorities and tests the role of organizational ties against other prominent theories of social change. Additionally, the study employs original survey and ethnographic data to examine closely the social underpinnings of organizational and popular resistance to global health priority diffusion.&lt;br/&gt;&lt;br/&gt;The intellectual merit of this study rests in its focus on the social processes that have informed the ongoing construction and diffusion of global health policy priorities at three distinct levels: transnational elites, government and non-government organizations, and ordinary citizens. This study draws from the sociological literature on health to inform an understanding of the ways in which the identification of health policy priorities is shaped by macro social forces. The study also integrates the organizational literature on institutional isomorphism with additional theories of social change and diffusion in order to reconstruct the pathways of adoption and resistance to global health policy priorities. &lt;br/&gt;&lt;br/&gt;Broader Impacts&lt;br/&gt;Chronic conditions and infectious diseases continue to have a major impact on morbidity and mortality around the world. They affect life expectancy and quality of life for millions of people. Policies designed at the national and supranational level that seek to prevent the transmission of illnesses, and that regulate e.g., treatments vary greatly in their effectiveness due to variation in implementation at local levels. If successful, findings from this study may inform our understanding of global health policy is made, how populations deemed at risk are identified, and the conditions under which policy goals become uncoupled from policy outcomes.</AbstractNarration>
    <MinAmdLetterDate>04/28/2012</MinAmdLetterDate>
    <MaxAmdLetterDate>04/28/2012</MaxAmdLetterDate>
    <ARRAAmount/>
    <AwardID>1202712</AwardID>
    <Investigator>
      <FirstName>Stefan</FirstName>
      <LastName>Timmermans</LastName>
      <EmailAddress>stefan@soc.ucla.edu</EmailAddress>
      <StartDate>04/28/2012</StartDate>
      <EndDate/>
      <RoleCode>Principal Investigator</RoleCode>
    </Investigator>
    <Investigator>
      <FirstName>Tara</FirstName>
      <LastName>McKay</LastName>
      <EmailAddress>tara.mckay@gmail.com</EmailAddress>
      <StartDate>04/28/2012</StartDate>
      <EndDate/>
      <RoleCode>Co-Principal Investigator</RoleCode>
    </Investigator>
    <Institution>
      <Name>University of California-Los Angeles</Name>
      <CityName>LOS ANGELES</CityName>
      <ZipCode>900952000</ZipCode>
      <PhoneNumber>3107940102</PhoneNumber>
      <StreetAddress>11000 Kinross Avenue, Suite 211</StreetAddress>
      <CountryName>United States</CountryName>
      <StateName>California</StateName>
      <StateCode>CA</StateCode>
    </Institution>
  </Award>
</rootTag>
