<?xml version="1.0" encoding="UTF-8"?>

<rootTag>
  <Award>
    <AwardTitle>Doctoral Dissertation Research: Patterns of Incorporation Among Mexican-Origin Young Adults</AwardTitle>
    <AwardEffectiveDate>05/01/2012</AwardEffectiveDate>
    <AwardExpirationDate>04/30/2013</AwardExpirationDate>
    <AwardAmount>6750</AwardAmount>
    <AwardInstrument>
      <Value>Standard Grant</Value>
    </AwardInstrument>
    <Organization>
      <Code>04050000</Code>
      <Directorate>
        <LongName>Direct For Social, Behav &amp; Economic Scie</LongName>
      </Directorate>
      <Division>
        <LongName>Divn Of Social and Economic Sciences</LongName>
      </Division>
    </Organization>
    <ProgramOfficer>
      <SignBlockName>Saylor Breckenridge</SignBlockName>
    </ProgramOfficer>
    <AbstractNarration>SES-1202634&lt;br/&gt;Vilma Ortiz and Laura Enriquez&lt;br/&gt;University of California, Los Angeles&lt;br/&gt;&lt;br/&gt;Doctoral Dissertation Research: Patterns of Incorporation among Mexican-Origin Young Adults&lt;br/&gt;&lt;br/&gt;Abstract&lt;br/&gt;Generations of researchers have examined the intra- and inter-generational experiences of immigrant adults and their U.S.-born children. However, we know relatively little about the experiences of immigrants who arrived in the United States as children and are now young adults. This project is grounded in existing empirical and theoretical literature on immigrant assimilation. It examines how these young adults have experienced both social exclusion and inclusion, and how this affects their feelings of belonging, their identification with and their participation in U.S. society. This dissertation will also address the degree to which their experiences differ by educational status and gender, as well as the immigration and naturalization process per se, which typically takes many years and has had a profound impact on their formative childhood and adolescent years. To address these research questions, the project relies on 120 interviews with young adults of Mexican origin.&lt;br/&gt;&lt;br/&gt;Broader Impacts&lt;br/&gt;This research seeks to inform our understanding of the conditions under which young immigrants adjust to and identify with U.S. society and culture. Improving our understanding the factors that facilitate the successful incorporation of young immigrants may influence public discourse regarding immigration policy reform. It may also contribute to efforts that promote immigrant integration, social mobility, and social cohesion. Finally, findings may be of interest to a variety of stakeholders, including but not limited to community and social service organizations, education officials, law enforcement, and policy makers.</AbstractNarration>
    <MinAmdLetterDate>04/28/2012</MinAmdLetterDate>
    <MaxAmdLetterDate>04/28/2012</MaxAmdLetterDate>
    <ARRAAmount/>
    <AwardID>1202634</AwardID>
    <Investigator>
      <FirstName>Vilma</FirstName>
      <LastName>Ortiz</LastName>
      <EmailAddress>vilma@soc.ucla.edu</EmailAddress>
      <StartDate>04/28/2012</StartDate>
      <EndDate/>
      <RoleCode>Principal Investigator</RoleCode>
    </Investigator>
    <Investigator>
      <FirstName>Laura</FirstName>
      <LastName>Enriquez</LastName>
      <EmailAddress>laura.enriquez@uci.edu</EmailAddress>
      <StartDate>04/28/2012</StartDate>
      <EndDate/>
      <RoleCode>Co-Principal Investigator</RoleCode>
    </Investigator>
    <Institution>
      <Name>University of California-Los Angeles</Name>
      <CityName>LOS ANGELES</CityName>
      <ZipCode>900952000</ZipCode>
      <PhoneNumber>3107940102</PhoneNumber>
      <StreetAddress>11000 Kinross Avenue, Suite 211</StreetAddress>
      <CountryName>United States</CountryName>
      <StateName>California</StateName>
      <StateCode>CA</StateCode>
    </Institution>
  </Award>
</rootTag>
