<?xml version="1.0" encoding="UTF-8"?>

<rootTag>
  <Award>
    <AwardTitle>Infrared photovoltaics based on carbon nanotubes</AwardTitle>
    <AwardEffectiveDate>09/01/2012</AwardEffectiveDate>
    <AwardExpirationDate>09/30/2016</AwardExpirationDate>
    <AwardAmount>175007</AwardAmount>
    <AwardInstrument>
      <Value>Standard Grant</Value>
    </AwardInstrument>
    <Organization>
      <Code>07010000</Code>
      <Directorate>
        <LongName>Directorate For Engineering</LongName>
      </Directorate>
      <Division>
        <LongName>Div Of Electrical, Commun &amp; Cyber Sys</LongName>
      </Division>
    </Organization>
    <ProgramOfficer>
      <SignBlockName>Radhakisan S. Baheti</SignBlockName>
    </ProgramOfficer>
    <AbstractNarration>Research Objectives and Approaches&lt;br/&gt;The objective is to develop a cost-efficient approach to harvesting sun radiative energy in infrared spectral range, which constitutes almost half of all solar energy received by the Earth but remains wasted by conventional photovoltaic solar cells. The approach is to implement carbon nanotubes, which have excellent absorption strength in the infrared range, in the form of thin films and highly-ordered planar arrays, either alone or in combination with established high-ZT materials for infrared-radiation harvesting and electrical power generation. &lt;br/&gt;&lt;br/&gt;Intellectual Merit&lt;br/&gt;This work addresses the fundamental difficulties in harvesting a significant portion of sun radiation and will help realize novel low-cost technologies for engineering spectrally-complementary infrared photovoltaic systems that can also operate in the dark. The study will engage design, synthesis, characterization, and performance modeling of low-cost photovoltaic systems for power generation based on a photo-thermo-electrical conversion principle. Performance assessment models will be built to validate the physical mechanisms underlying nanoscale thermo-electric phenomena and to help better understand the performance bottleneck of electrical power generation in nanostructured, highly complex media. Optimization studies will investigate the role of competing heat transport channels and many floating device parameters.&lt;br/&gt;&lt;br/&gt;Broader Impact&lt;br/&gt;The study will enhance energy recycling and conservation efforts, including recovering low-grade heat in household and office heating systems, furnaces, and automobiles, that are critical for reducing dependence on non-renewable and environmentally unsafe energy sources. The project will engage graduate, undergraduate, and underrepresented students in nanomaterials and nanodevice engineering for energy-harvesting applications.</AbstractNarration>
    <MinAmdLetterDate>08/30/2012</MinAmdLetterDate>
    <MaxAmdLetterDate>08/05/2015</MaxAmdLetterDate>
    <ARRAAmount/>
    <AwardID>1202541</AwardID>
    <Investigator>
      <FirstName>Nikolai</FirstName>
      <LastName>Kouklin</LastName>
      <EmailAddress>nkouklin@uwm.edu</EmailAddress>
      <StartDate>08/30/2012</StartDate>
      <EndDate/>
      <RoleCode>Principal Investigator</RoleCode>
    </Investigator>
    <Institution>
      <Name>University of Wisconsin-Milwaukee</Name>
      <CityName>Milwaukee</CityName>
      <ZipCode>532010340</ZipCode>
      <PhoneNumber>4142294853</PhoneNumber>
      <StreetAddress>P O BOX 340</StreetAddress>
      <CountryName>United States</CountryName>
      <StateName>Wisconsin</StateName>
      <StateCode>WI</StateCode>
    </Institution>
  </Award>
</rootTag>
