<?xml version="1.0" encoding="UTF-8"?>

<rootTag>
  <Award>
    <AwardTitle>Graphene-based electrically reconfigurable THz aperture arrays for imaging applications</AwardTitle>
    <AwardEffectiveDate>06/01/2012</AwardEffectiveDate>
    <AwardExpirationDate>05/31/2016</AwardExpirationDate>
    <AwardAmount>359999</AwardAmount>
    <AwardInstrument>
      <Value>Standard Grant</Value>
    </AwardInstrument>
    <Organization>
      <Code>07010000</Code>
      <Directorate>
        <LongName>Directorate For Engineering</LongName>
      </Directorate>
      <Division>
        <LongName>Div Of Electrical, Commun &amp; Cyber Sys</LongName>
      </Division>
    </Organization>
    <ProgramOfficer>
      <SignBlockName>Dominique M. Dagenais</SignBlockName>
    </ProgramOfficer>
    <AbstractNarration>Objective: we aim to design and develop a room temperature graphene-based THz reconfigurable aperture array to realize video-rate THz imaging based on compressive sensing. The proposed device promises an elegant solution to the long standing problem in realizing THz modulation. By electrostatically tuning the Fermi level in a pair of capacitively coupled graphene sheets, the THz transmission intensity can be tuned from &gt; 90% to &lt; 10%, thus pointing ways to fabricate high speed, high resolution, high signal-to-noise ratio and low-cost THz imagers.&lt;br/&gt;&lt;br/&gt;Intellectual Merit: THz modulation enabled by intraband transitions in graphene, is another attractive real-world application of graphene besides transparent conductors and frequency multipliers etc. We will also answer questions regarding energy band alignment in graphene/semiconductor heterojunctions, large-area graphene preparation and passivation and electromagnetic interactions in metematerial structures made of graphene and metal.&lt;br/&gt;&lt;br/&gt;Broader Impact: The high-speed and efficient THz modulators based on graphene are of immense interest to both the THz and graphene community. Graduate students will be trained in the emergent fields of THz and nanomaterials and they are also an integral element of the designed outreach activities to disseminate the new discoveries to the general audience including undergraduate students, school teachers and K-12 students.</AbstractNarration>
    <MinAmdLetterDate>04/22/2012</MinAmdLetterDate>
    <MaxAmdLetterDate>12/08/2015</MaxAmdLetterDate>
    <ARRAAmount/>
    <AwardID>1202452</AwardID>
    <Investigator>
      <FirstName>Lei</FirstName>
      <LastName>Liu</LastName>
      <EmailAddress>Liu_Lei@nd.edu</EmailAddress>
      <StartDate>12/08/2015</StartDate>
      <EndDate/>
      <RoleCode>Principal Investigator</RoleCode>
    </Investigator>
    <Investigator>
      <FirstName>Lei</FirstName>
      <LastName>Liu</LastName>
      <EmailAddress>Liu_Lei@nd.edu</EmailAddress>
      <StartDate>04/22/2012</StartDate>
      <EndDate>11/16/2015</EndDate>
      <RoleCode>Former Co-Principal Investigator</RoleCode>
    </Investigator>
    <Investigator>
      <FirstName>Michelle</FirstName>
      <LastName>Kelly</LastName>
      <EmailAddress>mkelly23@nd.edu</EmailAddress>
      <StartDate>04/22/2012</StartDate>
      <EndDate>11/16/2015</EndDate>
      <RoleCode>Former Co-Principal Investigator</RoleCode>
    </Investigator>
    <Investigator>
      <FirstName>Huili (Grace)</FirstName>
      <LastName>Xing</LastName>
      <EmailAddress>grace.xing@cornell.edu</EmailAddress>
      <StartDate>04/22/2012</StartDate>
      <EndDate>11/16/2015</EndDate>
      <RoleCode>Former Principal Investigator</RoleCode>
    </Investigator>
    <Institution>
      <Name>University of Notre Dame</Name>
      <CityName>NOTRE DAME</CityName>
      <ZipCode>465565708</ZipCode>
      <PhoneNumber>5746317432</PhoneNumber>
      <StreetAddress>940 Grace Hall</StreetAddress>
      <CountryName>United States</CountryName>
      <StateName>Indiana</StateName>
      <StateCode>IN</StateCode>
    </Institution>
    <ProgramElement>
      <Code>1517</Code>
      <Text>ELECT, PHOTONICS, &amp; MAG DEVICE</Text>
    </ProgramElement>
    <ProgramReference>
      <Code>097E</Code>
      <Text>High Freq Devices &amp; Circuits</Text>
    </ProgramReference>
    <ProgramReference>
      <Code>098E</Code>
      <Text>Antennas and Electromagnetics</Text>
    </ProgramReference>
  </Award>
</rootTag>
