<?xml version="1.0" encoding="UTF-8"?>

<rootTag>
  <Award>
    <AwardTitle>High Performance Flexible Silicon Photovoltaics: Studies of Multifaceted Engineering Platforms Enabled with Nanophotonic Light Management and Spectral Modification</AwardTitle>
    <AwardEffectiveDate>10/01/2012</AwardEffectiveDate>
    <AwardExpirationDate>09/30/2016</AwardExpirationDate>
    <AwardAmount>318569</AwardAmount>
    <AwardInstrument>
      <Value>Continuing grant</Value>
    </AwardInstrument>
    <Organization>
      <Code>07010000</Code>
      <Directorate>
        <LongName>Directorate For Engineering</LongName>
      </Directorate>
      <Division>
        <LongName>Div Of Electrical, Commun &amp; Cyber Sys</LongName>
      </Division>
    </Organization>
    <ProgramOfficer>
      <SignBlockName>Radhakisan S. Baheti</SignBlockName>
    </ProgramOfficer>
    <AbstractNarration>Research Objectives and Approaches&lt;br/&gt;The objective of this research is to study new methods for crystalline silicon photovoltaics that allow significant reduction of active materials as well as integrated module designs for enhanced optical absorption. The approach is (1) to fabricate ultrathin, monocrystalline silicon solar cells as nanostructureddevice platforms, (2) to integrate them in engineered luminescent medium for spectral modification, and (3) to implement nanostructure-enabled light trapping schemes for optimized system performance.&lt;br/&gt;&lt;br/&gt;Intellectual Merit&lt;br/&gt;The research will lead to the development of innovative materials platforms and fabrication strategies that can offer high performance, flexible silicon solar modules with significant reduction of materials cost. The proposed studies will provide deeper &lt;br/&gt;understanding of optical processes associated with spectral upconversion and down-shifting when combined with schemes of nanophotonic light trapping, and their resultant synergistic effects on overall system performance of ultrathin silicon photovoltaic devices.&lt;br/&gt;&lt;br/&gt;Broader Impact&lt;br/&gt;Scientific and technological advances from this research will contribute to the progress of making photovoltaic technologies cost-competitive with earth-abundant materials, providing a practical solution for the future global energy demand. Both graduate and undergraduate students will gain unique, interdisciplinary educational experience and training by engaging in the proposed &lt;br/&gt;research, where participation of students from underrepresented group will be highly encouraged. The PI will develop and &lt;br/&gt;conduct outreach programs for educationally-disadvantaged K-12 students in local community through the Center for Engineering Diversity at the University of Southern California.</AbstractNarration>
    <MinAmdLetterDate>09/20/2012</MinAmdLetterDate>
    <MaxAmdLetterDate>07/30/2014</MaxAmdLetterDate>
    <ARRAAmount/>
    <AwardID>1202522</AwardID>
    <Investigator>
      <FirstName>Jongseung</FirstName>
      <LastName>Yoon</LastName>
      <EmailAddress>js.yoon@usc.edu</EmailAddress>
      <StartDate>09/20/2012</StartDate>
      <EndDate/>
      <RoleCode>Principal Investigator</RoleCode>
    </Investigator>
    <Institution>
      <Name>University of Southern California</Name>
      <CityName>Los Angeles</CityName>
      <ZipCode>900890001</ZipCode>
      <PhoneNumber>2137407762</PhoneNumber>
      <StreetAddress>University Park</StreetAddress>
      <CountryName>United States</CountryName>
      <StateName>California</StateName>
      <StateCode>CA</StateCode>
    </Institution>
  </Award>
</rootTag>
