<?xml version="1.0" encoding="UTF-8"?>

<rootTag>
  <Award>
    <AwardTitle>NOISE-BASED HIGH RESOLUTION ULTRASOUND IMAGING USING MICROENGINEERED SURFACES AND TRANSDUCERS</AwardTitle>
    <AwardEffectiveDate>05/01/2012</AwardEffectiveDate>
    <AwardExpirationDate>12/31/2016</AwardExpirationDate>
    <AwardAmount>359319</AwardAmount>
    <AwardInstrument>
      <Value>Continuing grant</Value>
    </AwardInstrument>
    <Organization>
      <Code>07010000</Code>
      <Directorate>
        <LongName>Directorate For Engineering</LongName>
      </Directorate>
      <Division>
        <LongName>Div Of Electrical, Commun &amp; Cyber Sys</LongName>
      </Division>
    </Organization>
    <ProgramOfficer>
      <SignBlockName>Mona Zaghloul</SignBlockName>
    </ProgramOfficer>
    <AbstractNarration>The objective of this research is to develop ultrasonic imaging methods using the ubiquitously available but rarely exploited broad band thermal-mechanical noise in electromechanical systems. The theoretical approach is based on Green's function retrieval from diffuse noise sources and deep sub-wavelength resolution imaging with evanescent waves on engineered propagation surfaces. Micromachined ultrasonic transducers are used to record thermal-mechanical noise and provide a tunable microscale engineered surface for evanescent waves, forming the experimental platform to achieve sub-wavelength resolution imaging. &lt;br/&gt;&lt;br/&gt;Optimal configurations for controlling evanescent wave velocity, hence the effective sub-wavelength resolution, will be investigated and implemented through microscale engineering. Effects of noise field characteristics on the wave excitation and detection, and imaging performance will be explored. Feasibility of high resolution ultrasonic imaging within the diffraction limit (F-number 0.1-0.5) will be demonstrated in the 3-10MHz range using micromachined arrays integrated with low noise electronics. The results would impact design and implementation of microsystems for bio-imaging and bio-microfluidics. &lt;br/&gt;&lt;br/&gt;This project will impact integrated low-power biomedical systems such as medical implants through imaging and monitoring mechanical properties down to the cellular level. Noise-based high-frequency ultrasonics using microscale engineered surfaces can provide a transformative tool for many imaging applications requiring high resolution at lower frequencies. The project involves science teachers from predominantly minority enrolled high schools to create modular curriculum materials in physics and provides opportunities for student site visits to university laboratories. It will also lead to modular curriculum materials for undergraduate classes, and an interdisciplinary component for graduate classes taught by the PIs.</AbstractNarration>
    <MinAmdLetterDate>04/04/2012</MinAmdLetterDate>
    <MaxAmdLetterDate>05/19/2014</MaxAmdLetterDate>
    <ARRAAmount/>
    <AwardID>1202118</AwardID>
    <Investigator>
      <FirstName>Levent</FirstName>
      <LastName>Degertekin</LastName>
      <EmailAddress>levent@gatech.edu</EmailAddress>
      <StartDate>04/04/2012</StartDate>
      <EndDate/>
      <RoleCode>Principal Investigator</RoleCode>
    </Investigator>
    <Investigator>
      <FirstName>Karim</FirstName>
      <LastName>Sabra</LastName>
      <EmailAddress>karim.sabra@me.gatech.edu</EmailAddress>
      <StartDate>04/04/2012</StartDate>
      <EndDate/>
      <RoleCode>Co-Principal Investigator</RoleCode>
    </Investigator>
    <Institution>
      <Name>Georgia Tech Research Corporation</Name>
      <CityName>Atlanta</CityName>
      <ZipCode>303320420</ZipCode>
      <PhoneNumber>4048944819</PhoneNumber>
      <StreetAddress>Office of Sponsored Programs</StreetAddress>
      <CountryName>United States</CountryName>
      <StateName>Georgia</StateName>
      <StateCode>GA</StateCode>
    </Institution>
    <ProgramElement>
      <Code>7564</Code>
      <Text>COMMS, CIRCUITS &amp; SENS SYS</Text>
    </ProgramElement>
    <ProgramReference>
      <Code>090E</Code>
      <Text>Chem/Bio and Physical Diagnostics</Text>
    </ProgramReference>
  </Award>
</rootTag>
