<?xml version="1.0" encoding="UTF-8"?>

<rootTag>
  <Award>
    <AwardTitle>Comparative Island Ecodynamics in the North Atlantic</AwardTitle>
    <AwardEffectiveDate>07/01/2012</AwardEffectiveDate>
    <AwardExpirationDate>09/30/2014</AwardExpirationDate>
    <AwardAmount>746393</AwardAmount>
    <AwardInstrument>
      <Value>Continuing grant</Value>
    </AwardInstrument>
    <Organization>
      <Code>06090100</Code>
      <Directorate>
        <LongName>Directorate For Geosciences</LongName>
      </Directorate>
      <Division>
        <LongName>Division Of Polar Programs</LongName>
      </Division>
    </Organization>
    <ProgramOfficer>
      <SignBlockName>Anna Kerttula de Echave</SignBlockName>
    </ProgramOfficer>
    <AbstractNarration>The proposed project seeks to improve scientific understanding of the complex interactions of human governance, climate change, human environmental impact, and world system effects on the diverging fates of two closely related Scandinavian communities in Greenland and Iceland. While the Icelanders survived centuries of adverse climate, volcanic eruptions, large-scale soil erosion, epidemic disease, and harsh world-system economic impacts to develop a modern society now ranking high in international assessments of quality of life, their relatives in Norse Greenland suffered complete extinction by the mid-15th century CE. Why did one northern community achieve sustainability on the millennial scale, while its near neighbor underwent genuine social-environmental system (SES) collapse despite centuries of successful adaptation and what we now recognize as comparatively resilient economic management? How can the lessons of these thousand year cases of long term human ecodynamics and their radically different outcomes be more effectively understood and interpreted for the wider effort to mobilize the past to serve modern efforts to secure a genuinely sustainable future? What lessons of survival and extinction can be learned and taught for both local northern community heritage and for global education for sustainability? These questions are not only relevant to Norse in the 14th -15th centuries but have the potential to inform research that can provide insights into social decisions that are key to the long-term sustainability of human and environmental systems on earth. The project combines the data and expertise of history, human bioarchaeology, zooarchaeology, archaeobotany, geoarchaeology, artifact distribution, stable isotopic analysis, geochronology, environmental modeling, and K-12 and college education professionals. It brings together teams of scientists, educators, and local residents from across the region and create genuinely transdisciplinary and genuinely transformative approaches to shared problems of human survival and sustainable adaptation in the north.</AbstractNarration>
    <MinAmdLetterDate>06/29/2012</MinAmdLetterDate>
    <MaxAmdLetterDate>07/01/2013</MaxAmdLetterDate>
    <ARRAAmount/>
    <AwardID>1202692</AwardID>
    <Investigator>
      <FirstName>George</FirstName>
      <LastName>Hambrecht</LastName>
      <EmailAddress>ghambrecht@gmail.com</EmailAddress>
      <StartDate>06/29/2012</StartDate>
      <EndDate/>
      <RoleCode>Co-Principal Investigator</RoleCode>
    </Investigator>
    <Investigator>
      <FirstName>Andrew</FirstName>
      <LastName>Dugmore</LastName>
      <EmailAddress>Andrew.Dugmore@ed.ac.uk</EmailAddress>
      <StartDate>06/29/2012</StartDate>
      <EndDate/>
      <RoleCode>Co-Principal Investigator</RoleCode>
    </Investigator>
    <Investigator>
      <FirstName>Thomas</FirstName>
      <LastName>McGovern</LastName>
      <EmailAddress>nabo@voicenet.com</EmailAddress>
      <StartDate>06/29/2012</StartDate>
      <EndDate/>
      <RoleCode>Principal Investigator</RoleCode>
    </Investigator>
    <Investigator>
      <FirstName>Orri</FirstName>
      <LastName>Vesteinsson</LastName>
      <EmailAddress>orri@instarch.is</EmailAddress>
      <StartDate>06/29/2012</StartDate>
      <EndDate/>
      <RoleCode>Co-Principal Investigator</RoleCode>
    </Investigator>
    <Institution>
      <Name>CUNY Graduate School University Center</Name>
      <CityName>New York</CityName>
      <ZipCode>100164309</ZipCode>
      <PhoneNumber>2128177523</PhoneNumber>
      <StreetAddress>365 Fifth Avenue</StreetAddress>
      <CountryName>United States</CountryName>
      <StateName>New York</StateName>
      <StateCode>NY</StateCode>
    </Institution>
    <ProgramElement>
      <Code>5221</Code>
      <Text>ARCTIC SOCIAL SCIENCES</Text>
    </ProgramElement>
    <ProgramReference>
      <Code>1079</Code>
      <Text>ARCTIC RESEARCH</Text>
    </ProgramReference>
    <ProgramReference>
      <Code>5221</Code>
      <Text>ARCTIC SOCIAL SCIENCES</Text>
    </ProgramReference>
  </Award>
</rootTag>
