<?xml version="1.0" encoding="UTF-8"?>

<rootTag>
  <Award>
    <AwardTitle>P2C2: Geothermal Research into Paleoclimate</AwardTitle>
    <AwardEffectiveDate>09/15/2012</AwardEffectiveDate>
    <AwardExpirationDate>08/31/2016</AwardExpirationDate>
    <AwardAmount>250006</AwardAmount>
    <AwardInstrument>
      <Value>Standard Grant</Value>
    </AwardInstrument>
    <Organization>
      <Code>06020108</Code>
      <Directorate>
        <LongName>Directorate For Geosciences</LongName>
      </Directorate>
      <Division>
        <LongName>Div Atmospheric &amp; Geospace Sciences</LongName>
      </Division>
    </Organization>
    <ProgramOfficer>
      <SignBlockName>David J. Verardo</SignBlockName>
    </ProgramOfficer>
    <AbstractNarration>Borehole temperatures provide a history of the surface temperature variability and are thus extremely useful for paleoclimate reconstructions. A database of borehole temperatures was produced by researchers at the University of Michigan and has been available for the research community for about 15 years. It is in need of updating and expanding, which is the principal aim of this project. The Principal Investigator of this project is one of the original authors of the database. The five goals of the project are: 1) to renovate and maintain the database with the latest online database technology; 2) to continue data acquisition for better geographical coverage; 3) to refine the climate reconstruction techniques to improve surface temperature reconstructions of the past several millennia or more; 4) to assess the uncertainties of the borehole reconstructions and how they compare to traditional proxy-based reconstructions; and 5) to compare the borehole reconstructions with Climate Model Intercomparison Project (CMIP5) model simulations to evaluate the energy fluxes across the ground surface and the change in heat content of the near surface solid earth since the last glacial maximum.&lt;br/&gt;&lt;br/&gt;The broader impacts include some undergraduate student training and mentoring, but principally the development of an accessible database of borehole temperatures in collaboration with the National Climate Data Center, Paleoclimatology Branch.</AbstractNarration>
    <MinAmdLetterDate>09/24/2012</MinAmdLetterDate>
    <MaxAmdLetterDate>09/24/2012</MaxAmdLetterDate>
    <ARRAAmount/>
    <AwardID>1202673</AwardID>
    <Investigator>
      <FirstName>Shaopeng</FirstName>
      <LastName>Huang</LastName>
      <EmailAddress>shaopeng@umich.edu</EmailAddress>
      <StartDate>09/24/2012</StartDate>
      <EndDate/>
      <RoleCode>Principal Investigator</RoleCode>
    </Investigator>
    <Institution>
      <Name>University of Michigan Ann Arbor</Name>
      <CityName>Ann Arbor</CityName>
      <ZipCode>481091274</ZipCode>
      <PhoneNumber>7347636438</PhoneNumber>
      <StreetAddress>3003 South State St. Room 1062</StreetAddress>
      <CountryName>United States</CountryName>
      <StateName>Michigan</StateName>
      <StateCode>MI</StateCode>
    </Institution>
  </Award>
</rootTag>
