<?xml version="1.0" encoding="UTF-8"?>

<rootTag>
  <Award>
    <AwardTitle>Modeling, Monitoring, and Optimization of Cognitive Networks</AwardTitle>
    <AwardEffectiveDate>05/01/2012</AwardEffectiveDate>
    <AwardExpirationDate>04/30/2016</AwardExpirationDate>
    <AwardAmount>370567</AwardAmount>
    <AwardInstrument>
      <Value>Standard Grant</Value>
    </AwardInstrument>
    <Organization>
      <Code>07010000</Code>
      <Directorate>
        <LongName>Directorate For Engineering</LongName>
      </Directorate>
      <Division>
        <LongName>Div Of Electrical, Commun &amp; Cyber Sys</LongName>
      </Division>
    </Organization>
    <ProgramOfficer>
      <SignBlockName>Hao Ling</SignBlockName>
    </ProgramOfficer>
    <AbstractNarration>The objective of this proposal is to establish transformative novel solutions to fundamental problems in cognitive network modeling, monitoring and optimization with significant impact to both theory, algorithms, and implementation. &lt;br/&gt;&lt;br/&gt;The intellectual merit comprises the novel concept of network cartography as the tool for distilling and summarizing the "network state" for the purpose of network management. The resultant holistic approach to network monitoring offers modular and scalable statistical representations driven by past (and driving future) measurements and system design specifications. Further, it enables inference of global network behavior and adaptation of protocol designs to enhance network robustness and quality-of-service. Dramatic improvements in CR network performance will be attained by augmenting the vivid description of the network global state with models that account for the intrinsic non-tangible connectivity of cognitive wireless links, and the interference challenges arising from spectrum sharing hierarchies. &lt;br/&gt;&lt;br/&gt;The broader impacts include advances of the IEEE 802.22 compliant cognitive radio technologies, and smart grid, surveillance, geo-monitoring, and institutional networks. Furthermore, tangible advances in the fundamental tools exploited will permeate benefits to bio-informatics, speech and image compression, machine learning and data mining for social networks, and the emerging smart grid communication network protocols. Through Honors Theses and Senior Design Projects, the proposed research will also impact student training with hands-on experience in state-of-the-art wireless cognitive systems and network optimization subjects that are not fully provided by coursework.</AbstractNarration>
    <MinAmdLetterDate>04/13/2012</MinAmdLetterDate>
    <MaxAmdLetterDate>04/13/2012</MaxAmdLetterDate>
    <ARRAAmount/>
    <AwardID>1202135</AwardID>
    <Investigator>
      <FirstName>B</FirstName>
      <LastName>Giannakis</LastName>
      <EmailAddress>georgios@umn.edu</EmailAddress>
      <StartDate>04/13/2012</StartDate>
      <EndDate/>
      <RoleCode>Principal Investigator</RoleCode>
    </Investigator>
    <Institution>
      <Name>University of Minnesota-Twin Cities</Name>
      <CityName>Minneapolis</CityName>
      <ZipCode>554552070</ZipCode>
      <PhoneNumber>6126245599</PhoneNumber>
      <StreetAddress>200 OAK ST SE</StreetAddress>
      <CountryName>United States</CountryName>
      <StateName>Minnesota</StateName>
      <StateCode>MN</StateCode>
    </Institution>
    <ProgramElement>
      <Code>7564</Code>
      <Text>COMMS, CIRCUITS &amp; SENS SYS</Text>
    </ProgramElement>
    <ProgramReference>
      <Code>153E</Code>
      <Text>Wireless comm &amp; sig processing</Text>
    </ProgramReference>
  </Award>
</rootTag>
