<?xml version="1.0" encoding="UTF-8"?>

<rootTag>
  <Award>
    <AwardTitle>Collaborative: Room-temperature electrophosphorescence from all-organic OLEDs</AwardTitle>
    <AwardEffectiveDate>08/15/2012</AwardEffectiveDate>
    <AwardExpirationDate>07/31/2016</AwardExpirationDate>
    <AwardAmount>174321</AwardAmount>
    <AwardInstrument>
      <Value>Standard Grant</Value>
    </AwardInstrument>
    <Organization>
      <Code>07010000</Code>
      <Directorate>
        <LongName>Directorate For Engineering</LongName>
      </Directorate>
      <Division>
        <LongName>Div Of Electrical, Commun &amp; Cyber Sys</LongName>
      </Division>
    </Organization>
    <ProgramOfficer>
      <SignBlockName>Nadia El-Masry</SignBlockName>
    </ProgramOfficer>
    <AbstractNarration>The objective of this program is to develop room-temperature electrophosphorescence (RT-EP) utilizing purely organic materials. These materials termed ?molecular alloys? are efficient phosphors as they transport charge, induce intersystem crossing from the singlet to triplet excited state, and lock the phosphors in a matrix preventing their nonradiative relaxation. &lt;br/&gt;The materials displaying RT-EP will be investigated using optical spectroscopy and force microscopy (AFM, STM, C-AFM, KPM). Studies of polaron/exciton dynamics in films via photoluminescence (PL)- and photoinduced absorption (PA)-detected magnetic resonance (PLDMR and PADMR, respectively) will be carried out together with studies of polaron and exciton dynamics in the OLEDs using electroluminescence (EL)- and electrical current-detected &lt;br/&gt;The intellectual merit: Electrophosphorescence from purely organic materials has so far been observed only at low temperature (~15 K), which prevents practical applications. The PVD materials termed ?molecular alloys? allow for efficient (EQE~3%) RT-EP in experimental devices. Thus, studies aimed at detailed understanding of the processes taking place in the all-organic phosphors-based devices are important.&lt;br/&gt;The broader impacts are: Basic science proposed: An understanding of new all-organic materials that facilitate ISC while limiting nonradiative relaxation of the triplets and investigating physics of corresponding OLEDs will be achieved. Energy-conservation relevance: OLEDs as efficient light sources that would not require precious/heavy metals would be more environmentally friendly. Interdisciplinary Education: Collaboration between the two research groups with expertise in PVD, materials chemistry, condensed-matter physics, device fabrication and characterization will enrich education, encourage interdisciplinary thinking, and facilitate student exchange.</AbstractNarration>
    <MinAmdLetterDate>08/09/2012</MinAmdLetterDate>
    <MaxAmdLetterDate>08/09/2012</MaxAmdLetterDate>
    <ARRAAmount/>
    <AwardID>1202309</AwardID>
    <Investigator>
      <FirstName>Joseph</FirstName>
      <LastName>Shinar</LastName>
      <EmailAddress>jshinar@iastate.edu</EmailAddress>
      <StartDate>08/09/2012</StartDate>
      <EndDate/>
      <RoleCode>Principal Investigator</RoleCode>
    </Investigator>
    <Institution>
      <Name>Iowa State University</Name>
      <CityName>AMES</CityName>
      <ZipCode>500112207</ZipCode>
      <PhoneNumber>5152945225</PhoneNumber>
      <StreetAddress>1138 Pearson</StreetAddress>
      <CountryName>United States</CountryName>
      <StateName>Iowa</StateName>
      <StateCode>IA</StateCode>
    </Institution>
  </Award>
</rootTag>
